,hotel image,Hotel Name,rating,location,nearest places,hotel website,number of reviewss 2,room type,price,Strengths,Weaknesses
0,https://cf.bstatic.com/xdata/images/hotel/square600/526556680.webp?k=5eb2108584c0efd12ad5fdf3a7ae2f5a493eeacb5b92a3fb78a5c2c76c2f0ae5&o=,FabHotel Sasti Inn,..,"Thoraipakkam, Chennai",10.5 km from centre,https://www.booking.com/hotel/in/fabhotel-sasti-inn-chennai.en-gb.html?label=en-in-booking-desktop-UtMYGw1mvbN9D8oNVR8DbwS652804038422%3Apl%3Ata%3Ap1%3Ap2%3Aac%3Aap%3Aneg%3Afi%3Atikwd-88439138%3Alp1007740%3Ali%3Adec%3Adm&sid=76e32da2046b81c6bf79cc248e2a7724&aid=2336990&ucfs=1&arphpl=1&checkin=2024-04-06&checkout=2024-04-07&dest_id=-2103041&dest_type=city&group_adults=2&req_adults=2&no_rooms=1&group_children=0&req_children=0&hpos=1&hapos=1&sr_order=popularity&srpvid=cd2e31bbe220013a&srepoch=1712495027&all_sr_blocks=837963301_374063521_0_2_0&highlighted_blocks=837963301_374063521_0_2_0&matching_block_id=837963301_374063521_0_2_0&sr_pri_blocks=837963301_374063521_0_2_0__196625&from_sustainable_property_sr=1&from=searchresults#hotelTmpl,Deluxe Room,1 large double bed,"₹ 1,966","resolution, breakfast, location, cleanliness","Room for improvement in cleanliness, limited breakfast variety, need for updates (TV, hot water), small gym"
1,https://cf.bstatic.com/xdata/images/hotel/square600/252174338.webp?k=804315a3e428798b10c841d924fd733d711e76814a997e1ffaaf7ab2223863fe&o=,ibis Chennai City Centre - An Accor Brand,7.1,"Central Chennai, Chennai",3.1 km from centre,https://www.booking.com/hotel/in/ibis-chennai-city-centre.en-gb.html?label=en-in-booking-desktop-UtMYGw1mvbN9D8oNVR8DbwS652804038422%3Apl%3Ata%3Ap1%3Ap2%3Aac%3Aap%3Aneg%3Afi%3Atikwd-88439138%3Alp1007740%3Ali%3Adec%3Adm&sid=76e32da2046b81c6bf79cc248e2a7724&aid=2336990&ucfs=1&arphpl=1&checkin=2024-04-06&checkout=2024-04-07&dest_id=-2103041&dest_type=city&group_adults=2&req_adults=2&no_rooms=1&group_children=0&req_children=0&hpos=2&hapos=2&sr_order=popularity&srpvid=cd2e31bbe220013a&srepoch=1712495027&all_sr_blocks=160430002_246099051_2_34_0&highlighted_blocks=160430002_246099051_2_34_0&matching_block_id=160430002_246099051_2_34_0&sr_pri_blocks=160430002_246099051_2_34_0__370000&from_sustainable_property_sr=1&from=searchresults#hotelTmpl,"1,527 reviews",Standard Queen Bed with Extra Benefits,"₹ 3,700","reception, helpful, ambience","no park/greens for children, slow staff response"
2,https://cf.bstatic.com/xdata/images/hotel/square600/252216558.webp?k=449720fef54f29a051527830ce982c91fab83d9c2ab44a6f695abdafc4160216&o=,Ibis Chennai OMR - An Accor Brand,7.7,"Sholinganallur, Chennai",15.1 km from centre,https://www.booking.com/hotel/in/ibis-chennai-omr.en-gb.html?label=en-in-booking-desktop-UtMYGw1mvbN9D8oNVR8DbwS652804038422%3Apl%3Ata%3Ap1%3Ap2%3Aac%3Aap%3Aneg%3Afi%3Atikwd-88439138%3Alp1007740%3Ali%3Adec%3Adm&sid=76e32da2046b81c6bf79cc248e2a7724&aid=2336990&ucfs=1&arphpl=1&checkin=2024-04-06&checkout=2024-04-07&dest_id=-2103041&dest_type=city&group_adults=2&req_adults=2&no_rooms=1&group_children=0&req_children=0&hpos=3&hapos=3&sr_order=popularity&srpvid=cd2e31bbe220013a&srepoch=1712495027&all_sr_blocks=177504601_295236000_2_42_0&highlighted_blocks=177504601_295236000_2_42_0&matching_block_id=177504601_295236000_2_42_0&sr_pri_blocks=177504601_295236000_2_42_0__328100&from_sustainable_property_sr=1&from=searchresults#hotelTmpl,"2,420 reviews",Deluxe Queen Bed Room - Sweet Bed by ibis,"₹ 3,281","Clean property, good staff & value, good breakfast, excellent location, prompt service, good ambience","Long check-in wait times, unacceptable food delivery, small room size & bad restaurant food, slow check-in & understaffed during peak hours"
3,https://cf.bstatic.com/xdata/images/hotel/square600/535051423.webp?k=bb6796bd7b06add37f0d9e55ceadb75f16d25938c967af7828ac2a177d170ea5&o=,Blossoms Hotel & Service Apartments,8.5,"T - Nagar, Chennai",0.7 km from centre,https://www.booking.com/hotel/in/blossoms-amp-service-apartments.en-gb.html?label=en-in-booking-desktop-UtMYGw1mvbN9D8oNVR8DbwS652804038422%3Apl%3Ata%3Ap1%3Ap2%3Aac%3Aap%3Aneg%3Afi%3Atikwd-88439138%3Alp1007740%3Ali%3Adec%3Adm&sid=76e32da2046b81c6bf79cc248e2a7724&aid=2336990&ucfs=1&arphpl=1&checkin=2024-04-06&checkout=2024-04-07&dest_id=-2103041&dest_type=city&group_adults=2&req_adults=2&no_rooms=1&group_children=0&req_children=0&hpos=4&hapos=4&sr_order=popularity&srpvid=cd2e31bbe220013a&srepoch=1712495027&all_sr_blocks=1155066804_390485308_2_40_0&highlighted_blocks=1155066804_390485308_2_40_0&matching_block_id=1155066804_390485308_2_40_0&sr_pri_blocks=1155066804_390485308_2_40_0__252000&from=searchresults#hotelTmpl,4 reviews,Standard Double Room,"₹ 2,520","staff, free","slightly overpriced food, mixed reviews on food taste, expensive food"
4,https://cf.bstatic.com/xdata/images/hotel/square600/346521981.webp?k=3e7f49602a223bb2af814110199fe559ae6bc694317ed2ebeefce596567b3ebb&o=,The Madras Grand,7.8,"Egmore-Nungambakam, Chennai",4.6 km from centre,https://www.booking.com/hotel/in/the-madras-grand.en-gb.html?label=en-in-booking-desktop-UtMYGw1mvbN9D8oNVR8DbwS652804038422%3Apl%3Ata%3Ap1%3Ap2%3Aac%3Aap%3Aneg%3Afi%3Atikwd-88439138%3Alp1007740%3Ali%3Adec%3Adm&sid=76e32da2046b81c6bf79cc248e2a7724&aid=2336990&ucfs=1&arphpl=1&checkin=2024-04-06&checkout=2024-04-07&dest_id=-2103041&dest_type=city&group_adults=2&req_adults=2&no_rooms=1&group_children=0&req_children=0&hpos=5&hapos=5&sr_order=popularity&srpvid=cd2e31bbe220013a&srepoch=1712495027&all_sr_blocks=827544002_355645292_2_2_0&highlighted_blocks=827544002_355645292_2_2_0&matching_block_id=827544002_355645292_2_2_0&sr_pri_blocks=827544002_355645292_2_2_0__397375&from_sustainable_property_sr=1&from=searchresults#hotelTmpl,911 reviews,Superior Double Room,"₹ 3,974","ambience, overall, Excellent","need for room freshener, lacking amenities"
5,https://cf.bstatic.com/xdata/images/hotel/square600/434756625.webp?k=d1baf61de8881b7762aac8ca7528c44d42e9ade8a9bb9a394fee8275c598c517&o=,Fairfield by Marriott Chennai OMR,7.8,"Old Mahabalipuram Road, Chennai",18.3 km from centre,https://www.booking.com/hotel/in/fairfield-by-marriott-chennai-omr.en-gb.html?label=en-in-booking-desktop-UtMYGw1mvbN9D8oNVR8DbwS652804038422%3Apl%3Ata%3Ap1%3Ap2%3Aac%3Aap%3Aneg%3Afi%3Atikwd-88439138%3Alp1007740%3Ali%3Adec%3Adm&sid=76e32da2046b81c6bf79cc248e2a7724&aid=2336990&ucfs=1&arphpl=1&checkin=2024-04-06&checkout=2024-04-07&dest_id=-2103041&dest_type=city&group_adults=2&req_adults=2&no_rooms=1&group_children=0&req_children=0&hpos=6&hapos=6&sr_order=popularity&srpvid=cd2e31bbe220013a&srepoch=1712495027&all_sr_blocks=342677402_118551283_0_42_0&highlighted_blocks=342677402_118551283_0_42_0&matching_block_id=342677402_118551283_0_42_0&sr_pri_blocks=342677402_118551283_0_42_0__330000&from_sustainable_property_sr=1&from=searchresults#hotelTmpl,856 reviews,Fairfield Twin Room,"₹ 3,300","tastefully, service","repetitive breakfast, Room cleanliness issues"
6,https://cf.bstatic.com/xdata/images/hotel/square600/521009563.webp?k=130811b8be3e4a319d1e84cd9bd336368d56137e9ee7676a0a866b87faf684d0&o=,Hotel Benzz Park Chennai,7.7,"T - Nagar, Chennai",0.9 km from centre,https://www.booking.com/hotel/in/benzz-park-chennai-chennai.en-gb.html?label=en-in-booking-desktop-UtMYGw1mvbN9D8oNVR8DbwS652804038422%3Apl%3Ata%3Ap1%3Ap2%3Aac%3Aap%3Aneg%3Afi%3Atikwd-88439138%3Alp1007740%3Ali%3Adec%3Adm&sid=76e32da2046b81c6bf79cc248e2a7724&aid=2336990&ucfs=1&arphpl=1&checkin=2024-04-06&checkout=2024-04-07&dest_id=-2103041&dest_type=city&group_adults=2&req_adults=2&no_rooms=1&group_children=0&req_children=0&hpos=7&hapos=7&sr_order=popularity&srpvid=cd2e31bbe220013a&srepoch=1712495027&all_sr_blocks=1139452601_386829415_0_0_0&highlighted_blocks=1139452601_386829415_0_0_0&matching_block_id=1139452601_386829415_0_0_0&sr_pri_blocks=1139452601_386829415_0_0_0__435433&from=searchresults#hotelTmpl,4 reviews,Deluxe Double Room,"₹ 4,354","location, service","slightly overpriced food, cleanliness could be improved for the price, Small room size for price, maintenance issues"
7,https://cf.bstatic.com/xdata/images/hotel/square600/325231439.webp?k=cb6842f8e59bccc13743b03a04ce9bc6ef2884dccfeed98de4b95501b673e644&o=,FabHotel Blossoms Service Apartment,7.8,"T - Nagar, Chennai",0.7 km from centre,https://www.booking.com/hotel/in/blossoms-aparthotel.en-gb.html?label=en-in-booking-desktop-UtMYGw1mvbN9D8oNVR8DbwS652804038422%3Apl%3Ata%3Ap1%3Ap2%3Aac%3Aap%3Aneg%3Afi%3Atikwd-88439138%3Alp1007740%3Ali%3Adec%3Adm&sid=76e32da2046b81c6bf79cc248e2a7724&aid=2336990&ucfs=1&arphpl=1&checkin=2024-04-06&checkout=2024-04-07&dest_id=-2103041&dest_type=city&group_adults=2&req_adults=2&no_rooms=1&group_children=0&req_children=0&hpos=8&hapos=8&sr_order=popularity&srpvid=cd2e31bbe220013a&srepoch=1712495027&all_sr_blocks=582861204_374063841_2_2_0&highlighted_blocks=582861204_374063841_2_2_0&matching_block_id=582861204_374063841_2_2_0&sr_pri_blocks=582861204_374063841_2_2_0__369558&from_sustainable_property_sr=1&from=searchresults#hotelTmpl,917 reviews,Deluxe Room,"₹ 3,696","property, architecture, friendly, service","limited South Indian breakfast options, no park/greens for children, parking difficulty, Poor property maintenance (damp walls, damaged bathroom fittings)"
8,https://cf.bstatic.com/xdata/images/hotel/square600/438579951.webp?k=eda39536b671a28ce0c358d493a7c82d92e934abb7ba2b739b21f42f1e583cc0&o=,Treebo Trend Vetri Supreme Residency,6.1,"T - Nagar, Chennai",1.2 km from centre,https://www.booking.com/hotel/in/supreme-residency-chennai.en-gb.html?label=en-in-booking-desktop-UtMYGw1mvbN9D8oNVR8DbwS652804038422%3Apl%3Ata%3Ap1%3Ap2%3Aac%3Aap%3Aneg%3Afi%3Atikwd-88439138%3Alp1007740%3Ali%3Adec%3Adm&sid=76e32da2046b81c6bf79cc248e2a7724&aid=2336990&ucfs=1&arphpl=1&checkin=2024-04-06&checkout=2024-04-07&dest_id=-2103041&dest_type=city&group_adults=2&req_adults=2&no_rooms=1&group_children=0&req_children=0&hpos=9&hapos=9&sr_order=popularity&srpvid=cd2e31bbe220013a&srepoch=1712495027&all_sr_blocks=682857003_387959369_2_1_0&highlighted_blocks=682857003_387959369_2_1_0&matching_block_id=682857003_387959369_2_1_0&sr_pri_blocks=682857003_387959369_2_1_0__261787&from_sustainable_property_sr=1&from=searchresults#hotelTmpl,69 reviews,Standard Double Room,"₹ 2,618","similar, helpful, rooms, Friendly","unacceptable food delivery, Small room sizes, Lack of visa warning, maintenance issues"
9,https://cf.bstatic.com/xdata/images/hotel/square600/295034413.webp?k=bcbdac821f21d2fc14d65950c6ae379479b564467f9b72807f5c3ee10d2ebc14&o=,Treebo Trend Vapr Guindy Ekkatuthangal,7.8,"South Chennai, Chennai",3.7 km from centre,https://www.booking.com/hotel/in/perks-residences.en-gb.html?label=en-in-booking-desktop-UtMYGw1mvbN9D8oNVR8DbwS652804038422%3Apl%3Ata%3Ap1%3Ap2%3Aac%3Aap%3Aneg%3Afi%3Atikwd-88439138%3Alp1007740%3Ali%3Adec%3Adm&sid=76e32da2046b81c6bf79cc248e2a7724&aid=2336990&ucfs=1&arphpl=1&checkin=2024-04-06&checkout=2024-04-07&dest_id=-2103041&dest_type=city&group_adults=2&req_adults=2&no_rooms=1&group_children=0&req_children=0&hpos=10&hapos=10&sr_order=popularity&srpvid=cd2e31bbe220013a&srepoch=1712495027&all_sr_blocks=201053503_389707530_2_1_0&highlighted_blocks=201053503_389707530_2_1_0&matching_block_id=201053503_389707530_2_1_0&sr_pri_blocks=201053503_389707530_2_1_0__337255&from=searchresults#hotelTmpl,288 reviews,Deluxe Double Room,"₹ 3,373","good, spacious, money","inconsistent room sizes & false amenity claims, Staff training, cleanliness could be improved for the price"
10,https://cf.bstatic.com/xdata/images/hotel/square600/227211316.webp?k=52e8c1984ff86a59c850a187d8e08981c4960e9ee422085c86e9501037fdfc32&o=,FabHotel Sky Bay,7.8,"Central Chennai, Chennai",2.3 km from centre,https://www.booking.com/hotel/in/fabhotel-sky-bay.en-gb.html?label=en-in-booking-desktop-UtMYGw1mvbN9D8oNVR8DbwS652804038422%3Apl%3Ata%3Ap1%3Ap2%3Aac%3Aap%3Aneg%3Afi%3Atikwd-88439138%3Alp1007740%3Ali%3Adec%3Adm&sid=76e32da2046b81c6bf79cc248e2a7724&aid=2336990&ucfs=1&arphpl=1&checkin=2024-04-06&checkout=2024-04-07&dest_id=-2103041&dest_type=city&group_adults=2&req_adults=2&no_rooms=1&group_children=0&req_children=0&hpos=11&hapos=11&sr_order=popularity&srpvid=cd2e31bbe220013a&srepoch=1712495027&all_sr_blocks=573665701_373115884_2_2_0&highlighted_blocks=573665701_373115884_2_2_0&matching_block_id=573665701_373115884_2_2_0&sr_pri_blocks=573665701_373115884_2_2_0__284208&from_sustainable_property_sr=1&from=searchresults#hotelTmpl,430 reviews,(Sanitised) Superior Double Room,"₹ 2,842","Good location, friendly and helpful staff, good hygiene","Distance from main areas, price discrepancy, mixed reviews on food taste"
11,https://cf.bstatic.com/xdata/images/hotel/square600/231062774.webp?k=91c323624fbde14304c06f9fe14906e1b2b1c07424355fab72febfc0843455b6&o=,Al Noor Palace Business Class Hotel,7.4,"Triplicane, Chennai",5.1 km from centre,https://www.booking.com/hotel/in/al-noor-palace.en-gb.html?label=en-in-booking-desktop-UtMYGw1mvbN9D8oNVR8DbwS652804038422%3Apl%3Ata%3Ap1%3Ap2%3Aac%3Aap%3Aneg%3Afi%3Atikwd-88439138%3Alp1007740%3Ali%3Adec%3Adm&sid=76e32da2046b81c6bf79cc248e2a7724&aid=2336990&ucfs=1&arphpl=1&checkin=2024-04-06&checkout=2024-04-07&dest_id=-2103041&dest_type=city&group_adults=2&req_adults=2&no_rooms=1&group_children=0&req_children=0&hpos=12&hapos=12&sr_order=popularity&srpvid=cd2e31bbe220013a&srepoch=1712495027&all_sr_blocks=589456501_232000698_2_2_0&highlighted_blocks=589456501_232000698_2_2_0&matching_block_id=589456501_232000698_2_2_0&sr_pri_blocks=589456501_232000698_2_2_0__200000&from=searchresults#hotelTmpl,270 reviews,Deluxe Double Room,"₹ 2,000","Aesthetic, location","Inconvenient for smokers, slow shower pressure, Small room size for price"
12,https://cf.bstatic.com/xdata/images/hotel/square600/524227353.webp?k=d9fc58774243b04068ca05c76ddbd68b95f72ef561c6a0623692d4de19d00a9b&o=,FabExpress B Zone,8.3,"Nungambakkam, Chennai",2.1 km from centre,https://www.booking.com/hotel/in/oyo-45137-b-zone.en-gb.html?label=en-in-booking-desktop-UtMYGw1mvbN9D8oNVR8DbwS652804038422%3Apl%3Ata%3Ap1%3Ap2%3Aac%3Aap%3Aneg%3Afi%3Atikwd-88439138%3Alp1007740%3Ali%3Adec%3Adm&sid=76e32da2046b81c6bf79cc248e2a7724&aid=2336990&ucfs=1&arphpl=1&checkin=2024-04-06&checkout=2024-04-07&dest_id=-2103041&dest_type=city&group_adults=2&req_adults=2&no_rooms=1&group_children=0&req_children=0&hpos=13&hapos=13&sr_order=popularity&srpvid=cd2e31bbe220013a&srepoch=1712495027&all_sr_blocks=530196202_374063870_2_2_0&highlighted_blocks=530196202_374063870_2_2_0&matching_block_id=530196202_374063870_2_2_0&sr_pri_blocks=530196202_374063870_2_2_0__311850&from_sustainable_property_sr=1&from=searchresults#hotelTmpl,"1,157 reviews",Deluxe Room,"₹ 3,119","location, Aesthetic, good, Friendly","maintenance needed, slightly overpriced food, crowded area"
13,https://cf.bstatic.com/xdata/images/hotel/square600/225012476.webp?k=fa209a338e145df42e6e6c0ea030e28da8dbeaad2ad3597f95cd4465c061f5c5&o=,Novotel Chennai Chamiers Road,8.1,"Central Chennai, Chennai",1.6 km from centre,https://www.booking.com/hotel/in/novotel-chennai-chamiers-road.en-gb.html?label=en-in-booking-desktop-UtMYGw1mvbN9D8oNVR8DbwS652804038422%3Apl%3Ata%3Ap1%3Ap2%3Aac%3Aap%3Aneg%3Afi%3Atikwd-88439138%3Alp1007740%3Ali%3Adec%3Adm&sid=76e32da2046b81c6bf79cc248e2a7724&aid=2336990&ucfs=1&arphpl=1&checkin=2024-04-06&checkout=2024-04-07&dest_id=-2103041&dest_type=city&group_adults=2&req_adults=2&no_rooms=1&group_children=0&req_children=0&hpos=14&hapos=14&sr_order=popularity&srpvid=cd2e31bbe220013a&srepoch=1712495027&all_sr_blocks=318475802_278231157_2_42_0&highlighted_blocks=318475802_278231157_2_42_0&matching_block_id=318475802_278231157_2_42_0&sr_pri_blocks=318475802_278231157_2_42_0__579500&from_sustainable_property_sr=1&from=searchresults#hotelTmpl,"1,750 reviews",Superior Room with Two single beds,"₹ 5,795","Helpful staff, excellent breakfast, accessible location","Pool under maintenance without prior notice, poorly trained restaurant staff, bathroom cleanliness needs improvement"
14,https://cf.bstatic.com/xdata/images/hotel/square600/477242137.webp?k=02b79fa69175c47eb446155276cbdbddf5807c5439a2a56ef5c536c91d041fae&o=,Hotel Sunpark Inn,7.1,"Central Chennai, Chennai",5.9 km from centre,https://www.booking.com/hotel/in/sunpark-inn-chennai.en-gb.html?label=en-in-booking-desktop-UtMYGw1mvbN9D8oNVR8DbwS652804038422%3Apl%3Ata%3Ap1%3Ap2%3Aac%3Aap%3Aneg%3Afi%3Atikwd-88439138%3Alp1007740%3Ali%3Adec%3Adm&sid=76e32da2046b81c6bf79cc248e2a7724&aid=2336990&ucfs=1&arphpl=1&checkin=2024-04-06&checkout=2024-04-07&dest_id=-2103041&dest_type=city&group_adults=2&req_adults=2&no_rooms=1&group_children=0&req_children=0&hpos=15&hapos=15&sr_order=popularity&srpvid=cd2e31bbe220013a&srepoch=1712495027&all_sr_blocks=1040948004_376539017_2_0_0&highlighted_blocks=1040948004_376539017_2_0_0&matching_block_id=1040948004_376539017_2_0_0&sr_pri_blocks=1040948004_376539017_2_0_0__102000&from_sustainable_property_sr=1&from=searchresults#hotelTmpl,69 reviews,Economy Double Room,"₹ 1,020","excellent, good, staff, excellent","Mosquitoes, room for improvement in hospitality"
15,https://cf.bstatic.com/xdata/images/hotel/square600/111911409.webp?k=d9e2f836271194f4c793ddc5baf8746dff556c6f086199a6bd50f2da0ed0138f&o=,Treebo Trend Pechis Castle,7.8,"Nungambakkam, Chennai",3 km from centre,https://www.booking.com/hotel/in/treebo-pechis-castle.en-gb.html?label=en-in-booking-desktop-UtMYGw1mvbN9D8oNVR8DbwS652804038422%3Apl%3Ata%3Ap1%3Ap2%3Aac%3Aap%3Aneg%3Afi%3Atikwd-88439138%3Alp1007740%3Ali%3Adec%3Adm&sid=76e32da2046b81c6bf79cc248e2a7724&aid=2336990&ucfs=1&arphpl=1&checkin=2024-04-06&checkout=2024-04-07&dest_id=-2103041&dest_type=city&group_adults=2&req_adults=2&no_rooms=1&group_children=0&req_children=0&hpos=16&hapos=16&sr_order=popularity&srpvid=cd2e31bbe220013a&srepoch=1712495027&all_sr_blocks=266092801_389707429_2_1_0&highlighted_blocks=266092801_389707429_2_1_0&matching_block_id=266092801_389707429_2_1_0&sr_pri_blocks=266092801_389707429_2_1_0__348308&from=searchresults#hotelTmpl,196 reviews,[Sanitized] Standard Double or Twin Room,"₹ 3,483","friendly, staff, ambience","overcharging by autos, missing utensils, aging rooms"
16,https://cf.bstatic.com/xdata/images/hotel/square600/252017359.webp?k=5f8246ee7d75d1f440be28f73bbd9f74e87ab020c304904813713a4d098c8b28&o=,ibis Chennai Sipcot - An Accor Brand,7.4,"SIPCOT IT Park, Chennai",23.3 km from centre,https://www.booking.com/hotel/in/ibis-chennai-sipcot.en-gb.html?label=en-in-booking-desktop-UtMYGw1mvbN9D8oNVR8DbwS652804038422%3Apl%3Ata%3Ap1%3Ap2%3Aac%3Aap%3Aneg%3Afi%3Atikwd-88439138%3Alp1007740%3Ali%3Adec%3Adm&sid=76e32da2046b81c6bf79cc248e2a7724&aid=2336990&ucfs=1&arphpl=1&checkin=2024-04-06&checkout=2024-04-07&dest_id=-2103041&dest_type=city&group_adults=2&req_adults=2&no_rooms=1&group_children=0&req_children=0&hpos=17&hapos=17&sr_order=popularity&srpvid=cd2e31bbe220013a&srepoch=1712495027&all_sr_blocks=109671802_265693091_2_42_0&highlighted_blocks=109671802_265693091_2_42_0&matching_block_id=109671802_265693091_2_42_0&sr_pri_blocks=109671802_265693091_2_42_0__275700&from_sustainable_property_sr=1&from=searchresults#hotelTmpl,"1,639 reviews",Standard Queen Room with Extra Benefits,"₹ 2,757","staff, good, friendly","limited breakfast options, Lack of visa warning"
17,https://cf.bstatic.com/xdata/images/hotel/square600/251640984.webp?k=85d829d330ffdfc44f872ff1e099c15d430ad5288dcd4f457466c691256a2415&o=,FabHotel Colors Service Apartment,7.6,"Central Chennai, Chennai",4.8 km from centre,https://www.booking.com/hotel/in/colors-apart.en-gb.html?label=en-in-booking-desktop-UtMYGw1mvbN9D8oNVR8DbwS652804038422%3Apl%3Ata%3Ap1%3Ap2%3Aac%3Aap%3Aneg%3Afi%3Atikwd-88439138%3Alp1007740%3Ali%3Adec%3Adm&sid=76e32da2046b81c6bf79cc248e2a7724&aid=2336990&ucfs=1&arphpl=1&checkin=2024-04-06&checkout=2024-04-07&dest_id=-2103041&dest_type=city&group_adults=2&req_adults=2&no_rooms=1&group_children=0&req_children=0&hpos=18&hapos=18&sr_order=popularity&srpvid=cd2e31bbe220013a&srepoch=1712495027&all_sr_blocks=151808908_374064082_2_2_0&highlighted_blocks=151808908_374064082_2_2_0&matching_block_id=151808908_374064082_2_2_0&sr_pri_blocks=151808908_374064082_2_2_0__207900&from_sustainable_property_sr=1&from=searchresults#hotelTmpl,477 reviews,Deluxe Room,"₹ 2,079","staff, Spacious","expensive restaurant, poor cleanliness (dirty linens, unclean furniture), maintenance issues, Cleanliness issues"
18,https://cf.bstatic.com/xdata/images/hotel/square600/54795583.webp?k=d2e893dfa85c17111aaf504430c9349119544a325a5469c6440ea3a16b82b1a5&o=,"Avenue 11 Boutique Residences, Poes Garden Chennai",8.3,"Central Chennai, Chennai",2.1 km from centre,https://www.booking.com/hotel/in/avenue-11.en-gb.html?label=en-in-booking-desktop-UtMYGw1mvbN9D8oNVR8DbwS652804038422%3Apl%3Ata%3Ap1%3Ap2%3Aac%3Aap%3Aneg%3Afi%3Atikwd-88439138%3Alp1007740%3Ali%3Adec%3Adm&sid=76e32da2046b81c6bf79cc248e2a7724&aid=2336990&ucfs=1&arphpl=1&checkin=2024-04-06&checkout=2024-04-07&dest_id=-2103041&dest_type=city&group_adults=2&req_adults=2&no_rooms=1&group_children=0&req_children=0&hpos=19&hapos=19&sr_order=popularity&srpvid=cd2e31bbe220013a&srepoch=1712495027&all_sr_blocks=152318404_368039620_2_41_0&highlighted_blocks=152318404_368039620_2_41_0&matching_block_id=152318404_368039620_2_41_0&sr_pri_blocks=152318404_368039620_2_41_0__467500&from=searchresults#hotelTmpl,626 reviews,Standard Double Room - No Windows,"₹ 4,675","Good location, excellent staff, free private parking","High price point, limited breakfast options, expensive restaurant, cleanliness issues (dirty towels, pillows)"
19,https://cf.bstatic.com/xdata/images/hotel/square600/42802093.webp?k=8bddee00b0d971efc89e94a563daaf6d3681e215625da26dd1f0f2b57322e3b4&o=,Golden Fruits Business Suites,7.7,"T - Nagar, Chennai",0.8 km from centre,https://www.booking.com/hotel/in/golden-fruits-business-suites.en-gb.html?label=en-in-booking-desktop-UtMYGw1mvbN9D8oNVR8DbwS652804038422%3Apl%3Ata%3Ap1%3Ap2%3Aac%3Aap%3Aneg%3Afi%3Atikwd-88439138%3Alp1007740%3Ali%3Adec%3Adm&sid=76e32da2046b81c6bf79cc248e2a7724&aid=2336990&ucfs=1&arphpl=1&checkin=2024-04-06&checkout=2024-04-07&dest_id=-2103041&dest_type=city&group_adults=2&req_adults=2&no_rooms=1&group_children=0&req_children=0&hpos=20&hapos=20&sr_order=popularity&srpvid=cd2e31bbe220013a&srepoch=1712495027&all_sr_blocks=116368501_179790672_0_1_0&highlighted_blocks=116368501_179790672_0_1_0&matching_block_id=116368501_179790672_0_1_0&sr_pri_blocks=116368501_179790672_0_1_0__366700&from_sustainable_property_sr=1&from=searchresults#hotelTmpl,456 reviews,Standard Double Room,"₹ 3,667","Good breakfast with helpful staff, courteous reception staff, clean rooms","Impolite and unprofessional front office staff, poor maintenance, inconsistent room cleanliness, lack of amenities (smoking rooms, valet parking, proper room service)"
20,https://cf.bstatic.com/xdata/images/hotel/square600/461653489.webp?k=7249dd471bd4367917562a7bbb066a67aadf995812f2ab2e9c93445f37d14da0&o=,Courtyard by Marriott Chennai,8.1,"T - Nagar, Chennai",1.7 km from centre,https://www.booking.com/hotel/in/courtyard-by-marriott-chennai.en-gb.html?label=en-in-booking-desktop-UtMYGw1mvbN9D8oNVR8DbwS652804038422%3Apl%3Ata%3Ap1%3Ap2%3Aac%3Aap%3Aneg%3Afi%3Atikwd-88439138%3Alp1007740%3Ali%3Adec%3Adm&sid=76e32da2046b81c6bf79cc248e2a7724&aid=2336990&ucfs=1&arphpl=1&checkin=2024-04-06&checkout=2024-04-07&dest_id=-2103041&dest_type=city&group_adults=2&req_adults=2&no_rooms=1&group_children=0&req_children=0&hpos=21&hapos=21&sr_order=popularity&srpvid=cd2e31bbe220013a&srepoch=1712495027&all_sr_blocks=23833501_328814072_2_42_0&highlighted_blocks=23833501_328814072_2_42_0&matching_block_id=23833501_328814072_2_42_0&sr_pri_blocks=23833501_328814072_2_42_0__650000&from_sustainable_property_sr=1&from=searchresults#hotelTmpl,"1,150 reviews",Deluxe Double Room,"₹ 6,500","similar, good","need to request replacements for towels & toilet paper, food taste"
21,https://cf.bstatic.com/xdata/images/hotel/square600/49481569.webp?k=dcf02e3fcd5e0dc607fac0f7e71e007f6e8791851ab9641c0bf8fcb6ab66624d&o=,Turyaa Chennai - OMR IT Expressway,8.0,"South Chennai, Chennai",7.7 km from centre,https://www.booking.com/hotel/in/turyaa-chennai.en-gb.html?label=en-in-booking-desktop-UtMYGw1mvbN9D8oNVR8DbwS652804038422%3Apl%3Ata%3Ap1%3Ap2%3Aac%3Aap%3Aneg%3Afi%3Atikwd-88439138%3Alp1007740%3Ali%3Adec%3Adm&sid=76e32da2046b81c6bf79cc248e2a7724&aid=2336990&ucfs=1&arphpl=1&checkin=2024-04-06&checkout=2024-04-07&dest_id=-2103041&dest_type=city&group_adults=2&req_adults=2&no_rooms=1&group_children=0&req_children=0&hpos=22&hapos=22&sr_order=popularity&srpvid=cd2e31bbe220013a&srepoch=1712495027&all_sr_blocks=141746801_272806489_2_42_0&highlighted_blocks=141746801_272806489_2_42_0&matching_block_id=141746801_272806489_2_42_0&sr_pri_blocks=141746801_272806489_2_42_0__450000&from_sustainable_property_sr=1&from=searchresults#hotelTmpl,884 reviews,Deluxe Room,"₹ 4,500","delicious, breakfast","unprofessional behavior, room for improvement in hospitality"
22,https://cf.bstatic.com/xdata/images/hotel/square600/467528767.webp?k=e9cb32f5296c91829135553bdc4f2ff1d478dcf09b28bb1ad74da8b5e5435ac3&o=,Four Points by Sheraton Chennai OMR,7.5,"Old Mahabalipuram Road, Chennai",18.4 km from centre,https://www.booking.com/hotel/in/duet-india-omr-chennai.en-gb.html?label=en-in-booking-desktop-UtMYGw1mvbN9D8oNVR8DbwS652804038422%3Apl%3Ata%3Ap1%3Ap2%3Aac%3Aap%3Aneg%3Afi%3Atikwd-88439138%3Alp1007740%3Ali%3Adec%3Adm&sid=76e32da2046b81c6bf79cc248e2a7724&aid=2336990&ucfs=1&arphpl=1&checkin=2024-04-06&checkout=2024-04-07&dest_id=-2103041&dest_type=city&group_adults=2&req_adults=2&no_rooms=1&group_children=0&req_children=0&hpos=23&hapos=23&sr_order=popularity&srpvid=cd2e31bbe220013a&srepoch=1712495027&all_sr_blocks=439951605_361116744_0_42_0&highlighted_blocks=439951605_361116744_0_42_0&matching_block_id=439951605_361116744_0_42_0&sr_pri_blocks=439951605_361116744_0_42_0__390000&from_sustainable_property_sr=1&from=searchresults#hotelTmpl,752 reviews,Superior Double Bed Room With 10% Off on Restaurant,"₹ 3,900",Low price compared to similar brands,"Small room size for price, AC control issues, limited breakfast variety, expensive food"
23,https://cf.bstatic.com/xdata/images/hotel/square600/526053167.webp?k=6b09b878fcca91c1ec403ac890d50bb4295fca839b53036716110bd2d8a87baa&o=,FabHotel Nestlay Rooms Airport,8.2,"South Chennai, Chennai",6.4 km from centre,https://www.booking.com/hotel/in/fabhotel-nestlay-rooms-airport.en-gb.html?label=en-in-booking-desktop-UtMYGw1mvbN9D8oNVR8DbwS652804038422%3Apl%3Ata%3Ap1%3Ap2%3Aac%3Aap%3Aneg%3Afi%3Atikwd-88439138%3Alp1007740%3Ali%3Adec%3Adm&sid=76e32da2046b81c6bf79cc248e2a7724&aid=2336990&ucfs=1&arphpl=1&checkin=2024-04-06&checkout=2024-04-07&dest_id=-2103041&dest_type=city&group_adults=2&req_adults=2&no_rooms=1&group_children=0&req_children=0&hpos=24&hapos=24&sr_order=popularity&srpvid=cd2e31bbe220013a&srepoch=1712495027&all_sr_blocks=725630102_374063706_2_1_0&highlighted_blocks=725630102_374063706_2_1_0&matching_block_id=725630102_374063706_2_1_0&sr_pri_blocks=725630102_374063706_2_1_0__402570&from_sustainable_property_sr=1&from=searchresults#hotelTmpl,"1,161 reviews",Superior Double Room,"₹ 4,026","Good service, handy location, cleanliness, spacious rooms","Higher price point, exterior presentation, lack of in-house restaurant, need for updates (TV, hot water)"
24,https://cf.bstatic.com/xdata/images/hotel/square600/353677865.webp?k=9acf24a6256d3e3d339da72cdfaede6c6e4282016dfde32d2cccb639191ff018&o=,"The Dolphin Park Hotel, Virugambakkam",6.5,Chennai,4.8 km from centre,https://www.booking.com/hotel/in/dolphin-park-chennai12.en-gb.html?label=en-in-booking-desktop-UtMYGw1mvbN9D8oNVR8DbwS652804038422%3Apl%3Ata%3Ap1%3Ap2%3Aac%3Aap%3Aneg%3Afi%3Atikwd-88439138%3Alp1007740%3Ali%3Adec%3Adm&sid=76e32da2046b81c6bf79cc248e2a7724&aid=2336990&ucfs=1&arphpl=1&checkin=2024-04-06&checkout=2024-04-07&dest_id=-2103041&dest_type=city&group_adults=2&req_adults=2&no_rooms=1&group_children=0&req_children=0&hpos=25&hapos=25&sr_order=popularity&srpvid=cd2e31bbe220013a&srepoch=1712495027&all_sr_blocks=844131005_367569635_2_2_0&highlighted_blocks=844131005_367569635_2_2_0&matching_block_id=844131005_367569635_2_2_0&sr_pri_blocks=844131005_367569635_2_2_0__116325&from_sustainable_property_sr=1&from=searchresults#hotelTmpl,140 reviews,Standard Double Room with Fan,"₹ 1,163","location, free, cleanliness","Cleanliness issues, small rooms, lack of amenities (ironing board, hangers), Inconvenient for smokers"
25,https://cf.bstatic.com/xdata/images/hotel/square600/117993839.webp?k=fe085e9750b940dad05f1be61b54cdca6f7a5d8777fd400a60a07d55de2cc1d3&o=,Novotel Chennai OMR,7.9,"Sholinganallur, Chennai",15.1 km from centre,https://www.booking.com/hotel/in/novotel-chennai-omr.en-gb.html?label=en-in-booking-desktop-UtMYGw1mvbN9D8oNVR8DbwS652804038422%3Apl%3Ata%3Ap1%3Ap2%3Aac%3Aap%3Aneg%3Afi%3Atikwd-88439138%3Alp1007740%3Ali%3Adec%3Adm&sid=76e32da2046b81c6bf79cc248e2a7724&aid=2336990&ucfs=1&arphpl=1&checkin=2024-04-06&checkout=2024-04-07&dest_id=-2103041&dest_type=city&group_adults=2&req_adults=2&no_rooms=1&group_children=0&req_children=0&hpos=1&hapos=26&sr_order=popularity&srpvid=cd2e31bbe220013a&srepoch=1712495024&from_sustainable_property_sr=1&from=searchresults#hotelTmpl,"1,324 reviews","Novotel Chennai OMR - An Accor Brand is a 5-star hotel in Chennai spreading across 3 acres of greenery and featuring premium accommodation in the heart of IT hub, Sholinganallur on Rajiv Gandhi IT...","₹ 1,020","Cleanliness, friendly staff, good value, good food variety, comfortable rooms","Limited South Indian breakfast options, maintenance needed, AC not cold enough for some guests, expensive food prices"
26,https://cf.bstatic.com/xdata/images/hotel/square600/244498315.webp?k=5134306be3aa674d92b9d352f502c6b66e730e89d6a782aabf282c6f78064320&o=,"Holiday Inn Chennai OMR IT Expressway, an IHG Hotel",7.8,"Thiruvanmiyur, Chennai",7 km from centre,https://www.booking.com/hotel/in/holiday-inn-chennai-omr-it-expressway.en-gb.html?label=en-in-booking-desktop-UtMYGw1mvbN9D8oNVR8DbwS652804038422%3Apl%3Ata%3Ap1%3Ap2%3Aac%3Aap%3Aneg%3Afi%3Atikwd-88439138%3Alp1007740%3Ali%3Adec%3Adm&sid=76e32da2046b81c6bf79cc248e2a7724&aid=2336990&ucfs=1&arphpl=1&checkin=2024-04-06&checkout=2024-04-07&dest_id=-2103041&dest_type=city&group_adults=2&req_adults=2&no_rooms=1&group_children=0&req_children=0&hpos=2&hapos=27&sr_order=popularity&srpvid=cd2e31bbe220013a&srepoch=1712495024&from_sustainable_property_sr=1&from=searchresults#hotelTmpl,987 reviews,"A short 10-minute drive from major software and IT park of Chennai, the hotel offers well appointed rooms with breathtaking view of the IT corridor. The hotel features well-furnished rooms and suites....","₹ 1,020","Excellent location, friendly and helpful service, quality breakfast","Room size for adults, occasional delays in room service, high tariff"
27,https://cf.bstatic.com/xdata/images/hotel/square600/217989862.webp?k=8b31d3a5ab818436120432b2117989754759702ed4c3fe3917610fe8a8dd83b4&o=,Green Park Chennai,8.1,Chennai,3 km from centre,https://www.booking.com/hotel/in/green-park-chennai.en-gb.html?label=en-in-booking-desktop-UtMYGw1mvbN9D8oNVR8DbwS652804038422%3Apl%3Ata%3Ap1%3Ap2%3Aac%3Aap%3Aneg%3Afi%3Atikwd-88439138%3Alp1007740%3Ali%3Adec%3Adm&sid=76e32da2046b81c6bf79cc248e2a7724&aid=2336990&ucfs=1&arphpl=1&checkin=2024-04-06&checkout=2024-04-07&dest_id=-2103041&dest_type=city&group_adults=2&req_adults=2&no_rooms=1&group_children=0&req_children=0&hpos=3&hapos=28&sr_order=popularity&srpvid=cd2e31bbe220013a&srepoch=1712495024&from_sustainable_property_sr=1&from=searchresults#hotelTmpl,937 reviews,"Green Park – Chennai is a modern property in NSK Salai, Vadapalani, just 3 km from the commercial areas of Chennai. It has an outdoor pool, free Wi-Fi and free parking.","₹ 1,020","Good location, excellent food, cozy atmosphere, polite and helpful staff","Distance from airport, room for improvement in hospitality, soundproofing issues, need for room freshener"
28,https://cf.bstatic.com/xdata/images/hotel/square600/519401583.webp?k=f0134bb88601993d6103d7bf7aa9fdce523478b3278f948e4f7d378aac3934f0&o=,"Welcomhotel by ITC Hotels, Cathedral Road, Chennai",8.6,"Central Chennai, Chennai",2.6 km from centre,https://www.booking.com/hotel/in/my-fortune-chennai.en-gb.html?label=en-in-booking-desktop-UtMYGw1mvbN9D8oNVR8DbwS652804038422%3Apl%3Ata%3Ap1%3Ap2%3Aac%3Aap%3Aneg%3Afi%3Atikwd-88439138%3Alp1007740%3Ali%3Adec%3Adm&sid=76e32da2046b81c6bf79cc248e2a7724&aid=2336990&ucfs=1&arphpl=1&checkin=2024-04-06&checkout=2024-04-07&dest_id=-2103041&dest_type=city&group_adults=2&req_adults=2&no_rooms=1&group_children=0&req_children=0&hpos=4&hapos=29&sr_order=popularity&srpvid=cd2e31bbe220013a&srepoch=1712495024&from_sustainable_property_sr=1&from=searchresults#hotelTmpl,50 reviews,Welcomhotel Chennai Erst while My Fortune Chennai is a luxurious hotel located 4 km from T Nagar Shopping District and 3.2 km from the Marina Beach.,"₹ 1,020","variety, Excellent","not user-friendly AC, Impolite and unprofessional front office staff, room for improvement in hospitality"
29,https://cf.bstatic.com/xdata/images/hotel/square600/104943506.webp?k=d124b126960d88229f1191d73b2fc12b400c255779f19053bb360de1cc79bab2&o=,The Residency Towers,8.4,"T - Nagar, Chennai",1.1 km from centre,https://www.booking.com/hotel/in/the-residency-towers.en-gb.html?label=en-in-booking-desktop-UtMYGw1mvbN9D8oNVR8DbwS652804038422%3Apl%3Ata%3Ap1%3Ap2%3Aac%3Aap%3Aneg%3Afi%3Atikwd-88439138%3Alp1007740%3Ali%3Adec%3Adm&sid=76e32da2046b81c6bf79cc248e2a7724&aid=2336990&ucfs=1&arphpl=1&checkin=2024-04-06&checkout=2024-04-07&dest_id=-2103041&dest_type=city&group_adults=2&req_adults=2&no_rooms=1&group_children=0&req_children=0&hpos=5&hapos=30&sr_order=popularity&srpvid=cd2e31bbe220013a&srepoch=1712495024&from_sustainable_property_sr=1&from=searchresults#hotelTmpl,708 reviews,"This Chennai hotel comes with an outdoor pool, a fitness room and pampering spa treatments. Providing free Wi-Fi, it is a short 2-minute walk from Globus Shopping Mall.","₹ 1,020","location, clean, spacious","limited South Indian breakfast options, Limited vegetarian dinner options"
30,https://cf.bstatic.com/xdata/images/hotel/square600/532815121.webp?k=73765edd67c82166e1f777b784e54001114d27aa03a4753f5ce511d9b18f4d30&o=,Vivanta Chennai IT Expressway OMR,8.3,"Sholinganallur, Chennai",15 km from centre,https://www.booking.com/hotel/in/the-gateway-itexpressway.en-gb.html?label=en-in-booking-desktop-UtMYGw1mvbN9D8oNVR8DbwS652804038422%3Apl%3Ata%3Ap1%3Ap2%3Aac%3Aap%3Aneg%3Afi%3Atikwd-88439138%3Alp1007740%3Ali%3Adec%3Adm&sid=76e32da2046b81c6bf79cc248e2a7724&aid=2336990&ucfs=1&arphpl=1&checkin=2024-04-06&checkout=2024-04-07&dest_id=-2103041&dest_type=city&group_adults=2&req_adults=2&no_rooms=1&group_children=0&req_children=0&hpos=6&hapos=31&sr_order=popularity&srpvid=cd2e31bbe220013a&srepoch=1712495024&from_sustainable_property_sr=1&from=searchresults#hotelTmpl,"1,712 reviews","Located in the heart of IT hub in Chennai at Sholinganallur, Vivanta Chennai IT Expressway features an outdoor swimming pool, spa and fitness centre.","₹ 1,020","Good, desk, location, value","Room size for adults, room upkeep issues (No weaknesses mentioned)"
31,https://cf.bstatic.com/xdata/images/hotel/square600/308376870.webp?k=ccf9daefb2956a98a79a404446fbe191a9abd335769ec4c70839749300ea84ae&o=,The Accord Metropolitan,7.7,"T - Nagar, Chennai",1.1 km from centre,https://www.booking.com/hotel/in/the-accord-metropolitan-chennai.en-gb.html?label=en-in-booking-desktop-UtMYGw1mvbN9D8oNVR8DbwS652804038422%3Apl%3Ata%3Ap1%3Ap2%3Aac%3Aap%3Aneg%3Afi%3Atikwd-88439138%3Alp1007740%3Ali%3Adec%3Adm&sid=76e32da2046b81c6bf79cc248e2a7724&aid=2336990&ucfs=1&arphpl=1&checkin=2024-04-06&checkout=2024-04-07&dest_id=-2103041&dest_type=city&group_adults=2&req_adults=2&no_rooms=1&group_children=0&req_children=0&hpos=7&hapos=32&sr_order=popularity&srpvid=cd2e31bbe220013a&srepoch=1712495024&from_sustainable_property_sr=1&from=searchresults#hotelTmpl,783 reviews,"Located in Chennai, The Accord Metropolitan features interiors with marble and gold leaf furnishings. Offering modern rooms, the hotel has 3 dining options, an indoor pool, and a spa.","₹ 1,020","Excellent location, amenities, comfortable rooms, friendly staff","Cleanliness issues, slow service, Wi-Fi problems, dated decor"
32,https://cf.bstatic.com/xdata/images/hotel/square600/83156390.webp?k=d1c6ed3b5cad8277f5e317260985b5a25070b0510cd988a3cad2f8e665086f9a&o=,Grand Chennai by GRT Hotels,8.6,"T - Nagar, Chennai",1.2 km from centre,https://www.booking.com/hotel/in/grt-grand-chennai-chennai.en-gb.html?label=en-in-booking-desktop-UtMYGw1mvbN9D8oNVR8DbwS652804038422%3Apl%3Ata%3Ap1%3Ap2%3Aac%3Aap%3Aneg%3Afi%3Atikwd-88439138%3Alp1007740%3Ali%3Adec%3Adm&sid=76e32da2046b81c6bf79cc248e2a7724&aid=2336990&ucfs=1&arphpl=1&checkin=2024-04-06&checkout=2024-04-07&dest_id=-2103041&dest_type=city&group_adults=2&req_adults=2&no_rooms=1&group_children=0&req_children=0&hpos=8&hapos=33&sr_order=popularity&srpvid=cd2e31bbe220013a&srepoch=1712495024&from_sustainable_property_sr=1&from=searchresults#hotelTmpl,"1,353 reviews","Located in the famous shopping area of Pondy Bazaar, Grand Chennai by GRT is located in Chennai. It features an indoor swimming pool, a spa and wellness centre and a fitness centre.","₹ 1,020","Exceptional front desk service, supportive and responsive staff, spacious and clean rooms, delicious and varied buffet","Room for improvement in cleanliness, slightly overpriced food, small room size for price, limited South Indian breakfast options"
33,https://cf.bstatic.com/xdata/images/hotel/square600/283979711.webp?k=949fdb92d469188a049770e88174b78e3001d801c24b3ccea98f3c427c45a87b&o=,Hotel Aadithya,7.4,Chennai,3.2 km from centre,https://www.booking.com/hotel/in/aadithya.en-gb.html?label=en-in-booking-desktop-UtMYGw1mvbN9D8oNVR8DbwS652804038422%3Apl%3Ata%3Ap1%3Ap2%3Aac%3Aap%3Aneg%3Afi%3Atikwd-88439138%3Alp1007740%3Ali%3Adec%3Adm&sid=76e32da2046b81c6bf79cc248e2a7724&aid=2336990&ucfs=1&arphpl=1&checkin=2024-04-06&checkout=2024-04-07&dest_id=-2103041&dest_type=city&group_adults=2&req_adults=2&no_rooms=1&group_children=0&req_children=0&hpos=9&hapos=34&sr_order=popularity&srpvid=cd2e31bbe220013a&srepoch=1712495024&from_sustainable_property_sr=1&from=searchresults#hotelTmpl,218 reviews,"Set 5.3 km from Pondy Bazaar, Hotel Aadithya offers 3-star accommodation in Chennai and has a terrace, a restaurant and a bar.","₹ 1,020","Cleanliness, location, friendly and accommodating staff, great facilities and service","Air conditioning, bed comfort, room service staff enthusiasm"
34,https://cf.bstatic.com/xdata/images/hotel/square600/273295081.webp?k=4ea734016e07aadadd864dc34859477807e4ac0e8540f4e18faebcc87d3d74d1&o=,Hotel Park Elanza Chennai,6.9,"Nungambakkam, Chennai",2 km from centre,https://www.booking.com/hotel/in/park-elanza.en-gb.html?label=en-in-booking-desktop-UtMYGw1mvbN9D8oNVR8DbwS652804038422%3Apl%3Ata%3Ap1%3Ap2%3Aac%3Aap%3Aneg%3Afi%3Atikwd-88439138%3Alp1007740%3Ali%3Adec%3Adm&sid=76e32da2046b81c6bf79cc248e2a7724&aid=2336990&ucfs=1&arphpl=1&checkin=2024-04-06&checkout=2024-04-07&dest_id=-2103041&dest_type=city&group_adults=2&req_adults=2&no_rooms=1&group_children=0&req_children=0&hpos=10&hapos=35&sr_order=popularity&srpvid=cd2e31bbe220013a&srepoch=1712495024&from=searchresults#hotelTmpl,439 reviews,"Conveniently located in Chennai, Hotel Park Elanza Chennai offers air-conditioned rooms with free WiFi, free private parking and room service.","₹ 1,020","Excellent value, polite & friendly staff, clean property & amenities, good food","Small bed size, expensive breakfast, below average location & dinner, cleanliness issues, small room & bathroom size, limited room options (only king beds)"
35,https://cf.bstatic.com/xdata/images/hotel/square600/91451698.webp?k=9bf7dc6ff4ea5384871f23a8bfe6785ceb29df8d92b719be47d7d29ce27fd23a&o=,JP Chennai Hotel,6.9,"Koyambedu, Chennai",4.6 km from centre,https://www.booking.com/hotel/in/jp.en-gb.html?label=en-in-booking-desktop-UtMYGw1mvbN9D8oNVR8DbwS652804038422%3Apl%3Ata%3Ap1%3Ap2%3Aac%3Aap%3Aneg%3Afi%3Atikwd-88439138%3Alp1007740%3Ali%3Adec%3Adm&sid=76e32da2046b81c6bf79cc248e2a7724&aid=2336990&ucfs=1&arphpl=1&checkin=2024-04-06&checkout=2024-04-07&dest_id=-2103041&dest_type=city&group_adults=2&req_adults=2&no_rooms=1&group_children=0&req_children=0&hpos=11&hapos=36&sr_order=popularity&srpvid=cd2e31bbe220013a&srepoch=1712495024&from=searchresults#hotelTmpl,182 reviews,"JP Hotel houses a restaurant, a fitness centre and an elegant bar. It provides comfortable accommodation with private bathroom facilities and free Wi-Fi throughout the hotel.","₹ 1,020","location, Helpful, buffet, helpful","Poor cleanliness in rooms and bathrooms, lack of in-house restaurant, small room & bathroom size, Small room size for price"
36,https://cf.bstatic.com/xdata/images/hotel/square600/66461424.webp?k=aed29da1566dac299d563a64719b58666bc2bcf4e476dd0770025f14b2fe633c&o=,La Woods Hotel,7.4,"Central Chennai, Chennai",4.1 km from centre,https://www.booking.com/hotel/in/lawoods.en-gb.html?label=en-in-booking-desktop-UtMYGw1mvbN9D8oNVR8DbwS652804038422%3Apl%3Ata%3Ap1%3Ap2%3Aac%3Aap%3Aneg%3Afi%3Atikwd-88439138%3Alp1007740%3Ali%3Adec%3Adm&sid=76e32da2046b81c6bf79cc248e2a7724&aid=2336990&ucfs=1&arphpl=1&checkin=2024-04-06&checkout=2024-04-07&dest_id=-2103041&dest_type=city&group_adults=2&req_adults=2&no_rooms=1&group_children=0&req_children=0&hpos=12&hapos=37&sr_order=popularity&srpvid=cd2e31bbe220013a&srepoch=1712495024&from_sustainable_property_sr=1&from=searchresults#hotelTmpl,149 reviews,"Situated in Chennai, Lawoods Hotel is just 1 km from major shopping options such as Spencer Plaza and Express Avenue. It houses a restaurant and offers complimentary Wi-Fi access.","₹ 1,020","Good location, helpful staff, clean rooms & washrooms","Small rooms, limited English proficiency of some staff, small reception area, price may be high for what's offered"
37,https://cf.bstatic.com/xdata/images/hotel/square600/174032059.webp?k=fd3f0443ecc83df685e998f8eb88f345de71a5c0efe44495c61956bd75000a5b&o=,Taj Club House,8.0,"Central Chennai, Chennai",4 km from centre,https://www.booking.com/hotel/in/taj-mount-road.en-gb.html?label=en-in-booking-desktop-UtMYGw1mvbN9D8oNVR8DbwS652804038422%3Apl%3Ata%3Ap1%3Ap2%3Aac%3Aap%3Aneg%3Afi%3Atikwd-88439138%3Alp1007740%3Ali%3Adec%3Adm&sid=76e32da2046b81c6bf79cc248e2a7724&aid=2336990&ucfs=1&arphpl=1&checkin=2024-04-06&checkout=2024-04-07&dest_id=-2103041&dest_type=city&group_adults=2&req_adults=2&no_rooms=1&group_children=0&req_children=0&hpos=13&hapos=38&sr_order=popularity&srpvid=cd2e31bbe220013a&srepoch=1712495024&from_sustainable_property_sr=1&from=searchresults#hotelTmpl,"1,464 reviews","Located off Mount Road and housed in a grand neon-blue building, Taj Club House provides luxurious rooms and suites on Clubhouse Road in central Chennai.","₹ 1,020","Friendly & helpful staff, cleanliness, convenient location, excellent staff",No specific weaknesses mentioned
38,https://cf.bstatic.com/xdata/images/hotel/square600/517360171.webp?k=26c98920438ed6899447fb07940aecb32ea65ad0c30b7b924d409e2b580180a6&o=,Somerset Greenways Chennai,8.3,"South Chennai, Chennai",4.8 km from centre,https://www.booking.com/hotel/in/somerset-greenways-chennai.en-gb.html?label=en-in-booking-desktop-UtMYGw1mvbN9D8oNVR8DbwS652804038422%3Apl%3Ata%3Ap1%3Ap2%3Aac%3Aap%3Aneg%3Afi%3Atikwd-88439138%3Alp1007740%3Ali%3Adec%3Adm&sid=76e32da2046b81c6bf79cc248e2a7724&aid=2336990&ucfs=1&arphpl=1&checkin=2024-04-06&checkout=2024-04-07&dest_id=-2103041&dest_type=city&group_adults=2&req_adults=2&no_rooms=1&group_children=0&req_children=0&hpos=14&hapos=39&sr_order=popularity&srpvid=cd2e31bbe220013a&srepoch=1712495024&from_sustainable_property_sr=1&from=searchresults#hotelTmpl,930 reviews,"Somerset Greenways Chennai features a rooftop infinity pool, fitness centre and steam and sauna facility. It offers 1 dining option and on-site bar. Free WiFi is available throughout the property.","₹ 1,020","Excellent breakfast, rooftop pool, friendly staff, spacious rooms","Staff training, missing utensils, cleanliness issues, bathroom fittings"
39,https://cf.bstatic.com/xdata/images/hotel/square600/499368890.webp?k=b2ec831349ac4f990e3e7c9a227f4098ed6bdf959badc63eb2d0fe929a442e4d&o=,Hotel Star City,7.9,"T - Nagar, Chennai",0.7 km from centre,https://www.booking.com/hotel/in/star-city-chennai.en-gb.html?label=en-in-booking-desktop-UtMYGw1mvbN9D8oNVR8DbwS652804038422%3Apl%3Ata%3Ap1%3Ap2%3Aac%3Aap%3Aneg%3Afi%3Atikwd-88439138%3Alp1007740%3Ali%3Adec%3Adm&sid=76e32da2046b81c6bf79cc248e2a7724&aid=2336990&ucfs=1&arphpl=1&checkin=2024-04-06&checkout=2024-04-07&dest_id=-2103041&dest_type=city&group_adults=2&req_adults=2&no_rooms=1&group_children=0&req_children=0&hpos=15&hapos=40&sr_order=popularity&srpvid=cd2e31bbe220013a&srepoch=1712495024&from=searchresults#hotelTmpl,18 reviews,"Attractively situated in the centre of Chennai, Hotel Star City features free WiFi throughout the property, a terrace and free private parking for guests who drive.","₹ 1,020","Large & comfortable rooms, value for money, helpful staff, good renovations","Lack of visa warning, expensive food, need to request replacements for towels & toilet paper, room size & cleanliness could be improved"
40,https://cf.bstatic.com/xdata/images/hotel/square600/334287626.webp?k=9eaaed5341a1d94e743f3bc5b03f13dbdacbce620fdd9b8666e05dfe592c02d3&o=,S Hotels Chennai,7.3,"T - Nagar, Chennai",0.8 km from centre,https://www.booking.com/hotel/in/s-hotels.en-gb.html?label=en-in-booking-desktop-UtMYGw1mvbN9D8oNVR8DbwS652804038422%3Apl%3Ata%3Ap1%3Ap2%3Aac%3Aap%3Aneg%3Afi%3Atikwd-88439138%3Alp1007740%3Ali%3Adec%3Adm&sid=76e32da2046b81c6bf79cc248e2a7724&aid=2336990&ucfs=1&arphpl=1&checkin=2024-04-06&checkout=2024-04-07&dest_id=-2103041&dest_type=city&group_adults=2&req_adults=2&no_rooms=1&group_children=0&req_children=0&hpos=16&hapos=41&sr_order=popularity&srpvid=cd2e31bbe220013a&srepoch=1712495024&from_sustainable_property_sr=1&from=searchresults#hotelTmpl,191 reviews,"Ideally located in Chennai, S Hotels Chennai offers air-conditioned rooms with free WiFi, free private parking and room service.","₹ 1,020","Good breakfast, helpful auto drivers, prompt issue resolution (smoking smell)",(No weaknesses mentioned)
41,https://cf.bstatic.com/xdata/images/hotel/square600/334287626.webp?k=9eaaed5341a1d94e743f3bc5b03f13dbdacbce620fdd9b8666e05dfe592c02d3&o=,S Hotels Chennai,7.3,"T - Nagar, Chennai",0.8 km from centre,https://www.booking.com/hotel/in/s-hotels.en-gb.html?label=en-in-booking-desktop-UtMYGw1mvbN9D8oNVR8DbwS652804038422%3Apl%3Ata%3Ap1%3Ap2%3Aac%3Aap%3Aneg%3Afi%3Atikwd-88439138%3Alp1007740%3Ali%3Adec%3Adm&sid=76e32da2046b81c6bf79cc248e2a7724&aid=2336990&ucfs=1&arphpl=1&checkin=2024-04-06&checkout=2024-04-07&dest_id=-2103041&dest_type=city&group_adults=2&req_adults=2&no_rooms=1&group_children=0&req_children=0&hpos=16&hapos=41&sr_order=popularity&srpvid=cd2e31bbe220013a&srepoch=1712495024&from_sustainable_property_sr=1&from=searchresults#hotelTmpl,191 reviews,"Ideally located in Chennai, S Hotels Chennai offers air-conditioned rooms with free WiFi, free private parking and room service.","₹ 1,020","Good service, cleanliness, good location, comfortable rooms","Inconvenient for smokers, limited breakfast, overcharging by autos, unstable Wi-Fi"
42,https://cf.bstatic.com/xdata/images/hotel/square600/236461888.webp?k=6d94dddcc15ccd4aab69cf78ad3e348131dee66f06a666610934faec03b367f4&o=,Novotel Chennai Sipcot,8.1,"SIPCOT IT Park, Chennai",23.3 km from centre,https://www.booking.com/hotel/in/novotel-chennai-sipcot.en-gb.html?label=en-in-booking-desktop-UtMYGw1mvbN9D8oNVR8DbwS652804038422%3Apl%3Ata%3Ap1%3Ap2%3Aac%3Aap%3Aneg%3Afi%3Atikwd-88439138%3Alp1007740%3Ali%3Adec%3Adm&sid=76e32da2046b81c6bf79cc248e2a7724&aid=2336990&ucfs=1&arphpl=1&checkin=2024-04-06&checkout=2024-04-07&dest_id=-2103041&dest_type=city&group_adults=2&req_adults=2&no_rooms=1&group_children=0&req_children=0&hpos=17&hapos=42&sr_order=popularity&srpvid=cd2e31bbe220013a&srepoch=1712495024&from_sustainable_property_sr=1&from=searchresults#hotelTmpl,"1,447 reviews","Located at the heart of IT Corridor on OMR, Novotel Chennai Sipcot - An Accor Brand features outdoor swimming pool, high-speed free WIFI and a well-equipped gymnasium open 24/7.","₹ 1,020","Cleanliness, location, excellent service, good food","Long check-in time, small room size, high price, lack of activities (especially for children)"
43,https://cf.bstatic.com/xdata/images/hotel/square600/72056032.webp?k=bb7099d55669edf36efd05583004411a0a55aff3f8a25e23d5e80d8d1f545909&o=,"The Residency, Chennai",7.7,"T - Nagar, Chennai",0.9 km from centre,https://www.booking.com/hotel/in/the-residency-chennai.en-gb.html?label=en-in-booking-desktop-UtMYGw1mvbN9D8oNVR8DbwS652804038422%3Apl%3Ata%3Ap1%3Ap2%3Aac%3Aap%3Aneg%3Afi%3Atikwd-88439138%3Alp1007740%3Ali%3Adec%3Adm&sid=76e32da2046b81c6bf79cc248e2a7724&aid=2336990&ucfs=1&arphpl=1&checkin=2024-04-06&checkout=2024-04-07&dest_id=-2103041&dest_type=city&group_adults=2&req_adults=2&no_rooms=1&group_children=0&req_children=0&hpos=18&hapos=43&sr_order=popularity&srpvid=cd2e31bbe220013a&srepoch=1712495024&from_sustainable_property_sr=1&from=searchresults#hotelTmpl,585 reviews,"Situated only 10 km from Chennai International Airport, The Residency offers large, air-conditioned rooms and suites and contains a fitness centre. Free WiFi access is available throughout.","₹ 1,020","property, Cleanliness","room upkeep issues (No weaknesses mentioned), Small rooms"
44,https://cf.bstatic.com/xdata/images/hotel/square600/524769776.webp?k=0f27e1eee893e5273f4c4497ca8f504d8ab898452468285f335ba5461007b8e3&o=,FabHotel I Live Inn,7.8,"South Chennai, Chennai",8.2 km from centre,https://www.booking.com/hotel/in/fabhotel-i-live-inn.en-gb.html?label=en-in-booking-desktop-UtMYGw1mvbN9D8oNVR8DbwS652804038422%3Apl%3Ata%3Ap1%3Ap2%3Aac%3Aap%3Aneg%3Afi%3Atikwd-88439138%3Alp1007740%3Ali%3Adec%3Adm&sid=76e32da2046b81c6bf79cc248e2a7724&aid=2336990&ucfs=1&arphpl=1&checkin=2024-04-06&checkout=2024-04-07&dest_id=-2103041&dest_type=city&group_adults=2&req_adults=2&no_rooms=1&group_children=0&req_children=0&hpos=19&hapos=44&sr_order=popularity&srpvid=cd2e31bbe220013a&srepoch=1712495024&from_sustainable_property_sr=1&from=searchresults#hotelTmpl,6 reviews,"Situated conveniently in the South Chennai district of Chennai, FabHotel I Live Inn is located 7.5 km from Anna University, 10 km from Pondy Bazaar and 11 km from St. Thomas Mount.","₹ 1,020","good, excellent, service, value","poorly trained restaurant staff, lack of childrens activities"
45,https://cf.bstatic.com/xdata/images/hotel/square600/217745182.webp?k=d650142570c1acdbf2809cbc694b6541ef6227002c26ef81402614f904f9b050&o=,Taj Coromandel,8.8,"Nungambakkam, Chennai",2.5 km from centre,https://www.booking.com/hotel/in/taj-coromandel.en-gb.html?label=en-in-booking-desktop-UtMYGw1mvbN9D8oNVR8DbwS652804038422%3Apl%3Ata%3Ap1%3Ap2%3Aac%3Aap%3Aneg%3Afi%3Atikwd-88439138%3Alp1007740%3Ali%3Adec%3Adm&sid=76e32da2046b81c6bf79cc248e2a7724&aid=2336990&ucfs=1&arphpl=1&checkin=2024-04-06&checkout=2024-04-07&dest_id=-2103041&dest_type=city&group_adults=2&req_adults=2&no_rooms=1&group_children=0&req_children=0&hpos=20&hapos=45&sr_order=popularity&srpvid=cd2e31bbe220013a&srepoch=1712495024&from_sustainable_property_sr=1&from=searchresults#hotelTmpl,971 reviews,"Offering a fusion of rich South Indian design cues and European elegance, Taj Coromandel features a large landscaped pool, fitness facilities and a business centre.","₹ 1,020","Excellent breakfast & service, clean property, friendly staff, great location","Dated interiors, food taste, front desk efficiency, limited vegetarian options"
46,https://cf.bstatic.com/xdata/images/hotel/square600/405792380.webp?k=999dd81cf50d376c892090e66b5a81f99e742f25dd76afbe2339dca86c4ed31b&o=,Hotel Comfort Park - Opposite Sri Ramachandra Medical College Porur,8.2,Chennai,10.2 km from centre,https://www.booking.com/hotel/in/comfort-park.en-gb.html?label=en-in-booking-desktop-UtMYGw1mvbN9D8oNVR8DbwS652804038422%3Apl%3Ata%3Ap1%3Ap2%3Aac%3Aap%3Aneg%3Afi%3Atikwd-88439138%3Alp1007740%3Ali%3Adec%3Adm&sid=76e32da2046b81c6bf79cc248e2a7724&aid=2336990&ucfs=1&arphpl=1&checkin=2024-04-06&checkout=2024-04-07&dest_id=-2103041&dest_type=city&group_adults=2&req_adults=2&no_rooms=1&group_children=0&req_children=0&hpos=1&hapos=46&sr_order=popularity&srpvid=cd2e31bbe220013a&srepoch=1712495027&from_sustainable_property_sr=1&from=searchresults#hotelTmpl,325 reviews,"Situated within 4.9 km of Madras Medical College and 6.8 km of Chennai Trade Centre, Hotel Comfort Park - Opposite Sri Ramachandra Medical College Porur offers rooms in Chennai.","₹ 1,020","location, location, staff","Cleanliness issues, Lack of visa warning"
47,https://cf.bstatic.com/xdata/images/hotel/square600/281715288.webp?k=f2338c729fbcd5dc9138250e58df92e591e153e2c4ad7e926248f4b73010308c&o=,Taz Kamar Family Hotel,8.1,"T - Nagar, Chennai",500 m from centre,https://www.booking.com/hotel/in/taz-kamar-inn-chennai.en-gb.html?label=en-in-booking-desktop-UtMYGw1mvbN9D8oNVR8DbwS652804038422%3Apl%3Ata%3Ap1%3Ap2%3Aac%3Aap%3Aneg%3Afi%3Atikwd-88439138%3Alp1007740%3Ali%3Adec%3Adm&sid=76e32da2046b81c6bf79cc248e2a7724&aid=2336990&ucfs=1&arphpl=1&checkin=2024-04-06&checkout=2024-04-07&dest_id=-2103041&dest_type=city&group_adults=2&req_adults=2&no_rooms=1&group_children=0&req_children=0&hpos=2&hapos=47&sr_order=popularity&srpvid=cd2e31bbe220013a&srepoch=1712495027&from_sustainable_property_sr=1&from=searchresults#hotelTmpl,796 reviews,"Located just 3.3 km from the ancient Vadapalani Murugan Temple, Taz Kamar Family Hotel operates a 24-hour front desk to welcome and assist guests.","₹ 1,020","rooms, helpful","cleanliness issues (dirty towels, pillows), lack of amenities (refrigerator, locker), front desk efficiency"
48,https://cf.bstatic.com/xdata/images/hotel/square600/87598397.webp?k=c5c983726f2d4213a20821ecc70a23842e00fcb4b7f7a917f75db20cf4f6a7bd&o=,Sreedevi Residency,8.3,"T - Nagar, Chennai",350 m from centre,https://www.booking.com/hotel/in/sreedevi-residency.en-gb.html?label=en-in-booking-desktop-UtMYGw1mvbN9D8oNVR8DbwS652804038422%3Apl%3Ata%3Ap1%3Ap2%3Aac%3Aap%3Aneg%3Afi%3Atikwd-88439138%3Alp1007740%3Ali%3Adec%3Adm&sid=76e32da2046b81c6bf79cc248e2a7724&aid=2336990&ucfs=1&arphpl=1&checkin=2024-04-06&checkout=2024-04-07&dest_id=-2103041&dest_type=city&group_adults=2&req_adults=2&no_rooms=1&group_children=0&req_children=0&hpos=3&hapos=48&sr_order=popularity&srpvid=cd2e31bbe220013a&srepoch=1712495027&from_sustainable_property_sr=1&from=searchresults#hotelTmpl,231 reviews,"Well situated in the centre of Chennai, Sreedevi Residency offers free WiFi, a garden and free private parking for guests who drive.","₹ 1,020","Good, clean, Good","linen quality could be improved, inconsistent room sizes & false amenity claims"
49,https://cf.bstatic.com/xdata/images/hotel/square600/533735415.webp?k=b0f802be111d5f8a8e0530873141e03a521ae9520b8d5f768b1f49701f7a489a&o=,Treebo Trend Eco Stay T Nagar,9.6,"T - Nagar, Chennai",0.9 km from centre,https://www.booking.com/hotel/in/treebo-trend-eco-stay-chennai.en-gb.html?label=en-in-booking-desktop-UtMYGw1mvbN9D8oNVR8DbwS652804038422%3Apl%3Ata%3Ap1%3Ap2%3Aac%3Aap%3Aneg%3Afi%3Atikwd-88439138%3Alp1007740%3Ali%3Adec%3Adm&sid=76e32da2046b81c6bf79cc248e2a7724&aid=2336990&ucfs=1&arphpl=1&checkin=2024-04-06&checkout=2024-04-07&dest_id=-2103041&dest_type=city&group_adults=2&req_adults=2&no_rooms=1&group_children=0&req_children=0&hpos=4&hapos=49&sr_order=popularity&srpvid=cd2e31bbe220013a&srepoch=1712495027&from_sustainable_property_sr=1&from=searchresults#hotelTmpl,7 reviews,"Ideally set in the T - Nagar district of Chennai, Treebo Trend Eco Stay T Nagar is set 4.3 km from Anna University, 5 km from Spencer Plaza Mall and 6.1 km from Government Museum Chennai.","₹ 1,020","breakfast, good","poorly trained restaurant staff, AC control issues, Lobby lacks electrical plugs, high price"
50,https://cf.bstatic.com/xdata/images/hotel/square600/537954415.webp?k=7473cc2d8eb1ae6587869e579d1bdc9c9d0b096f4c7fb52e421b67e6e2e87783&o=,Collectipn O Pradee Queen Resort,8.2,Chennai,37.7 km from centre,https://www.booking.com/hotel/in/collectipn-o-81506-pradee-queen-resort.en-gb.html?label=en-in-booking-desktop-UtMYGw1mvbN9D8oNVR8DbwS652804038422%3Apl%3Ata%3Ap1%3Ap2%3Aac%3Aap%3Aneg%3Afi%3Atikwd-88439138%3Alp1007740%3Ali%3Adec%3Adm&sid=76e32da2046b81c6bf79cc248e2a7724&aid=2336990&ucfs=1&arphpl=1&checkin=2024-04-06&checkout=2024-04-07&dest_id=-2103041&dest_type=city&group_adults=2&req_adults=2&no_rooms=1&group_children=0&req_children=0&hpos=5&hapos=50&sr_order=popularity&srpvid=cd2e31bbe220013a&srepoch=1712495027&from=searchresults#hotelTmpl,12 reviews,"Collectipn O Pradee Queen Resort is located in Chennai, 44 km from Chennai Central Railway Station and 44 km from Fort Museum. With free WiFi, this 3-star hotel offers room service.","₹ 1,020","good, location","overcharging by autos, mixed reviews on food taste, poorly trained restaurant staff, lack of activities (especially for children)"
51,https://cf.bstatic.com/xdata/images/hotel/square600/499991332.webp?k=c12cfef1ba7b8ed419fa7ad4b5415e89ec74eddf5ab9fbf9d0d10da1b4d2466d&o=,"Mer Vue Villa, Kovalam, ECR, Chennai",9.1,Chennai,28.4 km from centre,https://www.booking.com/hotel/in/mer-vue-villa-kovalam-ecr-chennai.en-gb.html?label=en-in-booking-desktop-UtMYGw1mvbN9D8oNVR8DbwS652804038422%3Apl%3Ata%3Ap1%3Ap2%3Aac%3Aap%3Aneg%3Afi%3Atikwd-88439138%3Alp1007740%3Ali%3Adec%3Adm&sid=76e32da2046b81c6bf79cc248e2a7724&aid=2336990&ucfs=1&arphpl=1&checkin=2024-04-06&checkout=2024-04-07&dest_id=-2103041&dest_type=city&group_adults=2&req_adults=2&no_rooms=1&group_children=0&req_children=0&hpos=6&hapos=51&sr_order=popularity&srpvid=cd2e31bbe220013a&srepoch=1712495027&from_sustainable_property_sr=1&from=searchresults#hotelTmpl,40 reviews,"Featuring pool views, Mer Vue Villa, Kovalam, ECR, Chennai features accommodation with a private beach area, an outdoor swimming pool and an indoor pool, around 100 metres from Covelong Beach.","₹ 1,020","Good, facilities, money, receptive","food taste, service issues (water leakage, delayed responses, staff behavior)"
52,https://cf.bstatic.com/xdata/images/hotel/square600/240893198.webp?k=cfa50ae6c2c6e016839a73368b3a2138cb800a2c2f628560a85cf4310d150a76&o=,Niketana @ Boat Club,7.8,"South Chennai, Chennai",2.6 km from centre,https://www.booking.com/hotel/in/niketana-boat-club.en-gb.html?label=en-in-booking-desktop-UtMYGw1mvbN9D8oNVR8DbwS652804038422%3Apl%3Ata%3Ap1%3Ap2%3Aac%3Aap%3Aneg%3Afi%3Atikwd-88439138%3Alp1007740%3Ali%3Adec%3Adm&sid=76e32da2046b81c6bf79cc248e2a7724&aid=2336990&ucfs=1&arphpl=1&checkin=2024-04-06&checkout=2024-04-07&dest_id=-2103041&dest_type=city&group_adults=2&req_adults=2&no_rooms=1&group_children=0&req_children=0&hpos=7&hapos=52&sr_order=popularity&srpvid=cd2e31bbe220013a&srepoch=1712495027&from=searchresults#hotelTmpl,65 reviews,"Boasting a garden, Niketana @ Boat Club is situated in Chennai in the Tamil Nadu region, 3 km from Pondy Bazaar and 5.4 km from Anna University.","₹ 1,020","service, rooms, Cleanliness, helpful","expensive food, limited breakfast options"
53,https://cf.bstatic.com/xdata/images/hotel/square600/454648659.webp?k=9ff0e7f9abfbcaf70c17ba4994fe9fbf4f750837cf0aa9f402fdcc488066903d&o=,Treebo Trend Elan,6.9,"Nungambakkam, Chennai",1.7 km from centre,https://www.booking.com/hotel/in/treebo-elan.en-gb.html?label=en-in-booking-desktop-UtMYGw1mvbN9D8oNVR8DbwS652804038422%3Apl%3Ata%3Ap1%3Ap2%3Aac%3Aap%3Aneg%3Afi%3Atikwd-88439138%3Alp1007740%3Ali%3Adec%3Adm&sid=76e32da2046b81c6bf79cc248e2a7724&aid=2336990&ucfs=1&arphpl=1&checkin=2024-04-06&checkout=2024-04-07&dest_id=-2103041&dest_type=city&group_adults=2&req_adults=2&no_rooms=1&group_children=0&req_children=0&hpos=8&hapos=53&sr_order=popularity&srpvid=cd2e31bbe220013a&srepoch=1712495027&from=searchresults#hotelTmpl,356 reviews,"Well set in Chennai, Treebo Trend Elan provides air-conditioned rooms with free WiFi, free private parking and room service.","₹ 1,020","money, ambience","overpriced, small room size for the price, Lack of visa warning"
54,https://cf.bstatic.com/xdata/images/hotel/square600/81653558.webp?k=f0be66682c3bb40bee130dfde537db7b283994919fd659994d2aab58970a4405&o=,"Lloyds Serviced Apartments, Near Music Academy",8.0,"Central Chennai, Chennai",3.2 km from centre,https://www.booking.com/hotel/in/lloyds-guest-house.en-gb.html?label=en-in-booking-desktop-UtMYGw1mvbN9D8oNVR8DbwS652804038422%3Apl%3Ata%3Ap1%3Ap2%3Aac%3Aap%3Aneg%3Afi%3Atikwd-88439138%3Alp1007740%3Ali%3Adec%3Adm&sid=76e32da2046b81c6bf79cc248e2a7724&aid=2336990&ucfs=1&arphpl=1&checkin=2024-04-06&checkout=2024-04-07&dest_id=-2103041&dest_type=city&group_adults=2&req_adults=2&no_rooms=1&group_children=0&req_children=0&hpos=9&hapos=54&sr_order=popularity&srpvid=cd2e31bbe220013a&srepoch=1712495027&from=searchresults#hotelTmpl,136 reviews,"Operating a 24-hour front desk, Lloyds Serviced Apartments, Near Music Academy offers simply furnished and comfortable rooms.","₹ 1,020","Excellent, convenient, location","soundproofing issues, Poor cleanliness in rooms and bathrooms, Small rooms, poor maintenance"
55,https://cf.bstatic.com/xdata/images/hotel/square600/238905466.webp?k=6f5beca3530345ee67dd0b1465029e2c83cc5f748a97f3209c997642c5eece66&o=,Hanu Reddy Residences Wallace Garden,8.2,"Central Chennai, Chennai",3 km from centre,https://www.booking.com/hotel/in/hanu-reddy-residences-wallace-garden.en-gb.html?label=en-in-booking-desktop-UtMYGw1mvbN9D8oNVR8DbwS652804038422%3Apl%3Ata%3Ap1%3Ap2%3Aac%3Aap%3Aneg%3Afi%3Atikwd-88439138%3Alp1007740%3Ali%3Adec%3Adm&sid=76e32da2046b81c6bf79cc248e2a7724&aid=2336990&ucfs=1&arphpl=1&checkin=2024-04-06&checkout=2024-04-07&dest_id=-2103041&dest_type=city&group_adults=2&req_adults=2&no_rooms=1&group_children=0&req_children=0&hpos=10&hapos=55&sr_order=popularity&srpvid=cd2e31bbe220013a&srepoch=1712495027&from=searchresults#hotelTmpl,177 reviews,"Located in close proximity to Apollo Hospital, on Wallace Garden Street in a quiet residential area is Hanu Reddy Residences.","₹ 1,020","property, comfortable, Good, helpful","Pool under maintenance without prior notice, bed comfort"
56,https://cf.bstatic.com/xdata/images/hotel/square600/422799104.webp?k=08cec21528f6060d5ec95a395c9ec6c7d7405c5a3858b195472b4cc0b083499a&o=,Upar Hotels Nungambakkam Nearby US Consulate Apollo hospital Sankara Nethralaya,7.6,"Nungambakkam, Chennai",2.4 km from centre,https://www.booking.com/hotel/in/upar-hotels-nungambakkam-chennai.en-gb.html?label=en-in-booking-desktop-UtMYGw1mvbN9D8oNVR8DbwS652804038422%3Apl%3Ata%3Ap1%3Ap2%3Aac%3Aap%3Aneg%3Afi%3Atikwd-88439138%3Alp1007740%3Ali%3Adec%3Adm&sid=76e32da2046b81c6bf79cc248e2a7724&aid=2336990&ucfs=1&arphpl=1&checkin=2024-04-06&checkout=2024-04-07&dest_id=-2103041&dest_type=city&group_adults=2&req_adults=2&no_rooms=1&group_children=0&req_children=0&hpos=11&hapos=56&sr_order=popularity&srpvid=cd2e31bbe220013a&srepoch=1712495027&from_sustainable_property_sr=1&from=searchresults#hotelTmpl,477 reviews,"Attractively situated in the centre of Chennai, Upar Hotels Nungambakkam Nearby US Consulate Apollo hospital Sankara Nethralaya features air-conditioned rooms with free WiFi, free private parking and...","₹ 1,020","Good, cleanliness","Lobby lacks electrical plugs, high price, unprofessional staff, Room for improvement in cleanliness"
57,https://cf.bstatic.com/xdata/images/hotel/square600/384195198.webp?k=8330f6247d2c75ca998090221e719e0216580c7a7f066c7a32cb40c61c0500b1&o=,"UPAR Hotels Thoraipakkam, OMR",7.2,"Thoraipakkam, Chennai",10.5 km from centre,https://www.booking.com/hotel/in/upar-hotels-thoraipakkam-omr.en-gb.html?label=en-in-booking-desktop-UtMYGw1mvbN9D8oNVR8DbwS652804038422%3Apl%3Ata%3Ap1%3Ap2%3Aac%3Aap%3Aneg%3Afi%3Atikwd-88439138%3Alp1007740%3Ali%3Adec%3Adm&sid=76e32da2046b81c6bf79cc248e2a7724&aid=2336990&ucfs=1&arphpl=1&checkin=2024-04-06&checkout=2024-04-07&dest_id=-2103041&dest_type=city&group_adults=2&req_adults=2&no_rooms=1&group_children=0&req_children=0&hpos=12&hapos=57&sr_order=popularity&srpvid=cd2e31bbe220013a&srepoch=1712495027&from=searchresults#hotelTmpl,332 reviews,"Situated in Chennai, 8.4 km from Indian Institute of Technology, Madras, UPAR Hotels Thoraipakkam, OMR features accommodation with free WiFi and free private parking.","₹ 1,020","courteous, excellent, staff, location","cleanliness could be improved for the price, unprofessional behavior"
58,https://cf.bstatic.com/xdata/images/hotel/square600/390829870.webp?k=79ff8e1b5feab893951fae6189184d44cb0d830d4d6739292afa81f0be5ed65b&o=,Boulevard by Design Hotel Chennai,7.6,"South Chennai, Chennai",5.7 km from centre,https://www.booking.com/hotel/in/boulevard-by-design-chennai.en-gb.html?label=en-in-booking-desktop-UtMYGw1mvbN9D8oNVR8DbwS652804038422%3Apl%3Ata%3Ap1%3Ap2%3Aac%3Aap%3Aneg%3Afi%3Atikwd-88439138%3Alp1007740%3Ali%3Adec%3Adm&sid=76e32da2046b81c6bf79cc248e2a7724&aid=2336990&ucfs=1&arphpl=1&checkin=2024-04-06&checkout=2024-04-07&dest_id=-2103041&dest_type=city&group_adults=2&req_adults=2&no_rooms=1&group_children=0&req_children=0&hpos=13&hapos=58&sr_order=popularity&srpvid=cd2e31bbe220013a&srepoch=1712495027&from_sustainable_property_sr=1&from=searchresults#hotelTmpl,184 reviews,"Set in Chennai, 4.6 km from St. Thomas Mount, Boulevard by Design Hotel Chennai offers accommodation with a restaurant, free private parking and a bar.","₹ 1,020","issue, Wi-Fi, good","unstable Wi-Fi, price may be high for whats offered"
59,https://cf.bstatic.com/xdata/images/hotel/square600/422793156.webp?k=9cdf5b8f83eeb63ff854f76fc6be4191b6941a8cf308082ec6eceb64c9c31f53&o=,Rohaan Inn - UPAR Hotels Ashok Nagar,7.5,"Central Chennai, Chennai",2.1 km from centre,https://www.booking.com/hotel/in/rohaan-inn-upar-hotels-ashok-nagar.en-gb.html?label=en-in-booking-desktop-UtMYGw1mvbN9D8oNVR8DbwS652804038422%3Apl%3Ata%3Ap1%3Ap2%3Aac%3Aap%3Aneg%3Afi%3Atikwd-88439138%3Alp1007740%3Ali%3Adec%3Adm&sid=76e32da2046b81c6bf79cc248e2a7724&aid=2336990&ucfs=1&arphpl=1&checkin=2024-04-06&checkout=2024-04-07&dest_id=-2103041&dest_type=city&group_adults=2&req_adults=2&no_rooms=1&group_children=0&req_children=0&hpos=14&hapos=59&sr_order=popularity&srpvid=cd2e31bbe220013a&srepoch=1712495027&from_sustainable_property_sr=1&from=searchresults#hotelTmpl,150 reviews,"Situated in the centre of Chennai, Rohaan Inn - UPAR Hotels Ashok Nagar is set 3.5 km from Pondy Bazaar and 5.4 km from Chennai Trade Centre.","₹ 1,020","good, helpful, location","soundproofing issues, limited vegetarian options, maintenance issues"
60,https://cf.bstatic.com/xdata/images/hotel/square600/182687626.webp?k=4bfaac495907f5b88832fe5aa211367824c96d9002338bb9c952aa950d77218e&o=,Chippy Inn,8.0,"South Chennai, Chennai",7.6 km from centre,https://www.booking.com/hotel/in/chippy-inn.en-gb.html?label=en-in-booking-desktop-UtMYGw1mvbN9D8oNVR8DbwS652804038422%3Apl%3Ata%3Ap1%3Ap2%3Aac%3Aap%3Aneg%3Afi%3Atikwd-88439138%3Alp1007740%3Ali%3Adec%3Adm&sid=76e32da2046b81c6bf79cc248e2a7724&aid=2336990&ucfs=1&arphpl=1&checkin=2024-04-06&checkout=2024-04-07&dest_id=-2103041&dest_type=city&group_adults=2&req_adults=2&no_rooms=1&group_children=0&req_children=0&hpos=15&hapos=60&sr_order=popularity&srpvid=cd2e31bbe220013a&srepoch=1712495027&from=searchresults#hotelTmpl,228 reviews,"Set in Chennai and with Indian Institute of Technology, Madras reachable within 4.7 km, Chippy Inn offers a garden, non-smoking rooms, free WiFi throughout the property and a terrace.","₹ 1,020","clean, staff, value","limited breakfast variety, lack of amenities (smoking rooms, valet parking, proper room service), small room size for the price"
61,https://cf.bstatic.com/xdata/images/hotel/square600/275504182.webp?k=422c26b4274d32f344a8546699d47eb82736796d029efab0e88f1b4c2a1d69af&o=,Itsy By Treebo - Deluxe Inn,6.7,"T - Nagar, Chennai",0.7 km from centre,https://www.booking.com/hotel/in/oyo-44328-innside-serviced-apartments-deluxe.en-gb.html?label=en-in-booking-desktop-UtMYGw1mvbN9D8oNVR8DbwS652804038422%3Apl%3Ata%3Ap1%3Ap2%3Aac%3Aap%3Aneg%3Afi%3Atikwd-88439138%3Alp1007740%3Ali%3Adec%3Adm&sid=76e32da2046b81c6bf79cc248e2a7724&aid=2336990&ucfs=1&arphpl=1&checkin=2024-04-06&checkout=2024-04-07&dest_id=-2103041&dest_type=city&group_adults=2&req_adults=2&no_rooms=1&group_children=0&req_children=0&hpos=16&hapos=61&sr_order=popularity&srpvid=cd2e31bbe220013a&srepoch=1712495027&from=searchresults#hotelTmpl,368 reviews,"Well located in the T - Nagar district of Chennai, Itsy By Treebo - Deluxe Inn is located 3.6 km from Spencer Plaza Mall, 4.5 km from Government Museum Chennai and 5 km from Anna University.","₹ 1,020","staff, Spacious, service","Poor property maintenance (damp walls, damaged bathroom fittings), Pool under maintenance without prior notice, Small room size"
62,https://cf.bstatic.com/xdata/images/hotel/square600/525059245.webp?k=8c56c20ef7480eac7a3d6ebceb5d1750e3a310188d57579d71f6904f8877ff8d&o=,Treebo Trend Treetops Inn - Anna Nagar,6.5,"Central Chennai, Chennai",4.7 km from centre,https://www.booking.com/hotel/in/treetops-inn.en-gb.html?label=en-in-booking-desktop-UtMYGw1mvbN9D8oNVR8DbwS652804038422%3Apl%3Ata%3Ap1%3Ap2%3Aac%3Aap%3Aneg%3Afi%3Atikwd-88439138%3Alp1007740%3Ali%3Adec%3Adm&sid=76e32da2046b81c6bf79cc248e2a7724&aid=2336990&ucfs=1&arphpl=1&checkin=2024-04-06&checkout=2024-04-07&dest_id=-2103041&dest_type=city&group_adults=2&req_adults=2&no_rooms=1&group_children=0&req_children=0&hpos=17&hapos=62&sr_order=popularity&srpvid=cd2e31bbe220013a&srepoch=1712495027&from_sustainable_property_sr=1&from=searchresults#hotelTmpl,11 reviews,"Conveniently located in Chennai, Treebo Trend Treetops Inn - Anna Nagar offers air-conditioned rooms with free WiFi, free private parking and room service.","₹ 1,020","helpful, good, rooms","poorly trained restaurant staff, Room cleanliness issues"
63,https://cf.bstatic.com/xdata/images/hotel/square600/232827704.webp?k=3198cd24a07c9946ec22156f93bed328614da12dc65bd1f7e89141a08a6f4e39&o=,Radisson Blu Hotel Chennai City Centre,8.3,"Egmore-Nungambakam, Chennai",3.8 km from centre,https://www.booking.com/hotel/in/radisson-blu-chennai-city-centre.en-gb.html?label=en-in-booking-desktop-UtMYGw1mvbN9D8oNVR8DbwS652804038422%3Apl%3Ata%3Ap1%3Ap2%3Aac%3Aap%3Aneg%3Afi%3Atikwd-88439138%3Alp1007740%3Ali%3Adec%3Adm&sid=76e32da2046b81c6bf79cc248e2a7724&aid=2336990&ucfs=1&arphpl=1&checkin=2024-04-06&checkout=2024-04-07&dest_id=-2103041&dest_type=city&group_adults=2&req_adults=2&no_rooms=1&group_children=0&req_children=0&hpos=18&hapos=63&sr_order=popularity&srpvid=cd2e31bbe220013a&srepoch=1712495027&from_sustainable_property_sr=1&from=searchresults#hotelTmpl,"2,080 reviews","Located in Central Chennai, Radisson Blu Hotel Chennai City Centre is 1 km from Express Avenue and Spencer Mall. It offers stylish air-conditioned rooms with a flat-screen cable TV and free Wi-Fi.","₹ 1,020","great, service, clean, comfortable","crowded area, front desk efficiency, bathroom fittings, cleanliness issues (dirty towels, pillows)"
64,https://cf.bstatic.com/xdata/images/hotel/square600/303094491.webp?k=03285bac61ad325fc726f07184255b8bddad933aa53324e338bddf4e28efbb65&o=,"Beach Penthouse, Chennai",7.7,"Mylapore, Chennai",4.9 km from centre,https://www.booking.com/hotel/in/airport-pick-up-amp-drop-47-breakfast-47-lunch-free.en-gb.html?label=en-in-booking-desktop-UtMYGw1mvbN9D8oNVR8DbwS652804038422%3Apl%3Ata%3Ap1%3Ap2%3Aac%3Aap%3Aneg%3Afi%3Atikwd-88439138%3Alp1007740%3Ali%3Adec%3Adm&sid=76e32da2046b81c6bf79cc248e2a7724&aid=2336990&ucfs=1&arphpl=1&checkin=2024-04-06&checkout=2024-04-07&dest_id=-2103041&dest_type=city&group_adults=2&req_adults=2&no_rooms=1&group_children=0&req_children=0&hpos=19&hapos=64&sr_order=popularity&srpvid=cd2e31bbe220013a&srepoch=1712495027&from_sustainable_property_sr=1&from=searchresults#hotelTmpl,97 reviews,"Situated in Chennai, just 50 metres from Marina Beach, Beach Penthouse, Chennai features beachfront accommodation with a fitness centre, a shared lounge, a garden and free WiFi.","₹ 1,020","staff, positive, security, friendly","cleanliness issues (dirty towels, pillows), expensive food, Poor property maintenance (damp walls, damaged bathroom fittings), limited amenities"
65,https://cf.bstatic.com/xdata/images/hotel/square600/333167240.webp?k=be6917b7af96c61870a670d1e5cbc539bf91f197ccf5cc41e4719027255fca12&o=,Hotel Kamar Residences and Banquets,8.6,"South Chennai, Chennai",9.4 km from centre,https://www.booking.com/hotel/in/kamar-residences.en-gb.html?label=en-in-booking-desktop-UtMYGw1mvbN9D8oNVR8DbwS652804038422%3Apl%3Ata%3Ap1%3Ap2%3Aac%3Aap%3Aneg%3Afi%3Atikwd-88439138%3Alp1007740%3Ali%3Adec%3Adm&sid=76e32da2046b81c6bf79cc248e2a7724&aid=2336990&ucfs=1&arphpl=1&checkin=2024-04-06&checkout=2024-04-07&dest_id=-2103041&dest_type=city&group_adults=2&req_adults=2&no_rooms=1&group_children=0&req_children=0&hpos=20&hapos=65&sr_order=popularity&srpvid=cd2e31bbe220013a&srepoch=1712495027&from=searchresults#hotelTmpl,107 reviews,"Hotel Kamar Residences and Banquets is a recently renovated bed and breakfast in Chennai, where guests can make the most of its garden and terrace.","₹ 1,020","Excellent, staff","cleanliness could be improved for the price, Distance from airport, Room maintenance issues"
66,,,8.0,,,,,,,"Convenient, views","Inconsistent service quality, small room size for the price"
