"a3332d346a","afac1f68d9","abf093bdfe","abf093bdfe 2","abf093bdfe 3","abf093bdfe 4","abf093bdfe 5","f6431b446c","a53cbfa6de","a53cbfa6de 2","a3332d346a 2","a53cbfa6de 3"
"Jayaraj","India","Deluxe Room","1 night ·","November 2023","Couple","Reviewed: 16 December 2023","Exceptional","nice excellent rooms, very spacious love the antique look of the place","nothing . everything is upto mark","",""
"Muhammad","Singapore","Deluxe Room","4 nights ·","March 2024","Family","Reviewed: 3 March 2024","Good","The Hotel was clean, located not too Far from T.Nagar where I had to go for shopping. Nice Gym.","The staff could really do better. Particularly had an issue with 1 staff at checkout counter who only told us that our cards were not accepted (as they were apparently international cards) and waited to only inform us of this at the end after we tried so many ways thinking our card had the issue. He wasn't even apologetic about it. Very poor. He single handedly brought down the name.","",""
"Jakob","Sweden","Deluxe Room","2 nights ·","January 2024","Family","Reviewed: 19 January 2024","Very good","Calm oasis in the middle of the bustling city.","","",""
"Sidhardha","India","Deluxe Room","1 night ·","September 2023","Family","Reviewed: 15 September 2023","Good hotel for short stay!","Good location and facilities.","Hotel looks a bit old.Need some renovation works.","Hotel response:","Dear Guest, 

Greetings from Ambassador Pallava Chennai!..."
"Ramakrishna","India","Executive Room","1 night ·","June 2023","Couple","Reviewed: 21 June 2023","Very good","Great location, very good staff, comfortable beds. Good restaurant and the bar was a tad expensive but they had a lot of free snacks which were excellent. Overall, it was very good value.","Only one issue was with the delay in serving dosa during breakfast. The waitress who took our order forgot, and we had to wait for 20 minutes for it. May be a small thing in an otherwise very good experience.","Hotel response:","Dear Sir, Greetings from Ambassador Pallava, Chennai! It..."
"Thirugnana","India","Executive Room","2 nights ·","June 2023","Group","Reviewed: 9 June 2023","Very good","reception staffs are highly unprofessional","","Hotel response:","Dear Sir,
Thank you for patronising Ambassador Pallava,..."
"Sultana","Bangladesh","Deluxe Room","7 nights ·","December 2021","Couple","Reviewed: 30 December 2021","Very good","The hotel front space is huge, good location, staff was so good and budget freindly.Regarding Covid they have taken proper measure for their guests.","The hotel can provide complimentary tea, coffee in the room and can provide  tissue box in the room also, although they have provided tissue box and hand sanitizer infront of all lift and corner of the corridor.","",""
"Abhijit","India","Executive Room","4 nights ·","December 2021","Solo traveller","Reviewed: 28 December 2021","except price, the stay was good","location was good","the price was too much on Booking.com","",""
"Rubina","India","Deluxe Room","1 night ·","March 2024","Solo traveller","Reviewed: 2 April 2024","satisfied","courteous staff and prompt service","","",""
"Jayashree","India","Deluxe Room","2 nights ·","February 2024","Solo traveller","Reviewed: 3 February 2024","Overall, safe and a secure place for anyone esp loner/ women","For the amount we pay .. whether we opt or not breakfast as complimentary should have been offered. Disappointed","Dining — orders are too delayed.. no one picks the phone/ call/ order","",""
"Jennifer","Australia","Deluxe Room","2 nights ·","December 2023","Couple","Reviewed: 3 January 2024","We had a comfortable stay.","The front desk was welcoming and easy to book in. Some places have lengthy check in but Ambassador was quick. They let us pay with visa which helped us.","Maintenance was lacking in the bathroom. Broken toilet seat and shower did not drain.","",""
"Raghavan","India","Deluxe Room","2 nights ·","December 2023","Family","Reviewed: 1 January 2024","Pleasant","Over all look was good...","The room was not like the one shown in the photographs. It is very small. Highly priced...","",""
"Kumar","India","Deluxe Room","2 nights ·","December 2023","Solo traveller","Reviewed: 20 December 2023","Pleasant","Breakfast was very good. I particularly liked the thoughtfulness of the restaurant staff in packing some fruits for me to carry to the airport as I had to leave early in the morning. Very grateful to them. The behaviour of all the staff was very helpful.","The mustiness of the room was rather overpowering. I would recommend having mattresses and pillows that are firmer and suitable for senior citizens too.","",""
"Mourin","Bangladesh","Traditional Double Room","1 night ·","December 2023","Family","Reviewed: 15 December 2023","Good","Swimming pool, food","Food and bar section over priced 
Only satellite channel 
Should improve to smart tv","",""
"G","India","Deluxe Room","1 night ·","November 2023","Solo traveller","Reviewed: 11 November 2023","Good","Location.","Food choice is very limited for MAP.","",""
"Pc1979","India","Deluxe Room","1 night ·","August 2023","Solo traveller","Reviewed: 5 September 2023","Good","Breakfast","No swimming pool operational","Hotel response:","Dear Mr. Guest,

Greetings from Ambassador Pallava..."
"Nishant","United States","Executive Room","2 nights ·","August 2023","Family","Reviewed: 27 August 2023","Decent stay","Breakfast was good","The AC in our room broke down which I realized around 1am night cause the room was getting hot. Called facilities. Facilities tried fixing it for next 1 hr after which the promptly changed my room. It was an inconvenience as had to wake my 8 yr old who was deep asleep.","Hotel response:","Dear Mr. Nishant,

Greetings from Ambassador Pallava..."
"Sreenivasulu","United States","Deluxe Room","1 night ·","August 2023","Solo traveller","Reviewed: 7 August 2023","Pleasant","Breakfast is good","Cleanliness of bedsheets and room","Hotel response:","Dear Mr.Sreenivasulu,Greetings from Ambassador Pallava..."
"Rakesh","India","Executive Room","1 night ·","July 2023","Solo traveller","Reviewed: 24 July 2023","Its a nice place for people who want to experience the old world charm.","Heritage look and feel, location - convenient for me, staff courtesy.","Room service is expensive.  The food cost needs to be cut down by at least 25 percent","Hotel response:","Dear Sir, Greetings from Ambassador Pallava, Chennai! It..."
"Arup","India","Deluxe Room","1 night ·","June 2023","Solo traveller","Reviewed: 19 June 2023","Comfortable stay for a night.","I travelled to submit my visa application at the VFS Global centre. The hotel is perfectly located - it is only a short 10 min walk. 
Good breakfast; nice dinner; courteous staff.","The room key did not work...this caused me needless worry. 
The temperature of the AC in the room could not be taken above 24 C. The room was too chilly unless you got between the sheets.
The pool has not been usable for years - this ought to be clarified on the main page.","Hotel response:","Dear Mr.Arup, Greetings from Ambassador Pallava Chennai !..."
"","","","","","","","","","","",""
"","","","","","","","","","","",""
"Zachariah","India","Deluxe Room","1 night ·","March 2023","Family","Reviewed: 17 March 2023","Pleasant","Toilet was very small, ""ment for children like"". Water was pouring down from the washbasin  which was quiet uncomfortableable.","","Hotel response:","Dear Sir, 

Greetings from Ambassador Pallava, Chennai!

..."
"Venkatesh","Tanzania","Traditional Double Room","1 night ·","February 2023","Solo traveller","Reviewed: 1 March 2023","Well maintained and spacious rooms","Property is good and maintained well.Rooms are spacious.","Mosquitoes in the room","Hotel response:","Dear Mr. Venkatesh,
Thank you for sharing your feedback..."
"Ahmed","Sri Lanka","Executive Room","8 nights ·","January 2023","Family","Reviewed: 29 January 2023","Pleasant","The Buffet In the Morning Was a Very Bad experience With Only Few Staff trying to Manage ,No proper service . 

I was Staying For 8 days and Had to keep my back up phone With WiFi but the Reception Counter gave me A 2 days WiFi Key for 8 Days of Stay.  which Was soo disappointing and after 2 days had to go again and get another WiFi Key . 

No Hair Dryer . No proper Heater Kettle to make some Tea . 

AC cannot Be controlled its Was too cold.","","Hotel response:","Dear Sir, 
Greetings from Ambassador Pallava, Chennai!..."
"Hannah","Australia","Executive Room","1 night ·","November 2022","Couple","Reviewed: 12 November 2022","Ingrained misogyny in service staff","Not much, aircon worked.","I was the booking holder, only in my name, (female) and on check out, the female staff member constantly referred to my male partner for questions, even if I answered. The ingrained misogyny is vile - it’s fine in your personal life, but not for a professional service at a hotel. 

Pool and spa weren’t available.","Hotel response:","Dear Hannah,

Thank you for your comments

We would like..."
"Sanjay","India","Deluxe Room","9 nights ·","June 2022","Solo traveller","Reviewed: 14 June 2022","Stay was ok for me but could have been better.","Breakfast was ok, menu was more or less same every day.  Limited choices - food menu.
Property is under renovation and it is not mentioned / informed while booking.
Gym, Spa and Swimming Pool all are closed.","Didn't like the information which was not shared at the time of booking that the property is under renovation and Gym, Spa and Swimming Pool will not be available.","",""
"Uma","India","Deluxe Room","1 night ·","May 2022","Solo traveller","Reviewed: 30 May 2022","Old famous hotel, rooms and toilet are spacious. Restaurant and Bar were good.","Hotel is an old property, but rooms are spacious. Toilets are refurbished. Restaurant and bar food was good.
Location was walkable distance from VFS Global, which served my purpose.
Value for money. Well maintained considering the age of the hotel.","A ceiling or table fan if provided, could have been better. Toilet does not have an exhaust.
Thought I opted for free cancellation, the hotel sent me a message to pay in advance for confirmation of booking. Also they did not have a record upon my arrival of my payment. Additionally they charged Taxes which was not reflected while making the booking.","",""
"Aby","India","Deluxe Room","1 night ·","January 2022","Family","Reviewed: 14 January 2022","Very good","Overall hospitality is great","","",""
"Sarada","India","Traditional Double Room","1 night ·","March 2024","Couple","Reviewed: 4 April 2024","Ok","Good","Bed","",""
"Luis","Greece","Deluxe Room","3 nights ·","December 2023","Solo traveller","Reviewed: 28 December 2023","Average.","There was a bi problem with dampness. The hotel hasn't been refurbished in many years and the dampness doesn't even disappear with continuous air-conditioning. A problem also with ventilation.","a bit shabby and old. The place is elegant but it needs obvious refurbishing.","",""
"Raghavendra","India","Deluxe Room","2 nights ·","September 2023","Solo traveller","Reviewed: 26 October 2023","Bar is small and good and pool is good","Was very good","","",""
"","","","","","","","","","","",""
"","","","","","","","","","","",""
"Syam","India","Deluxe Room","1 night ·","May 2023","Solo traveller","Reviewed: 26 May 2023","Old, dated hotel that is in need of immediate renovations","Location, breakfast and easy parking","Ambience, moldy smell from the old cupboards, all worn out old furniture and decor, uncomfortable beds. They sent me a link to prepay for the booking, though booking.com said that I only have to pay at the hotel at the time of check-in, since my reservation was guaranteed with my credit card. However, I got a message from them saying booking is not confirmed until I prepay. Not sure why they dont take it up with Booking.com and have the guest prepay in the first place.","Hotel response:","Dear Sir,
Greetings from Ambassador Pallava Chennai!
We..."
"Silvia","Italy","Deluxe Room","4 nights ·","April 2023","Group","Reviewed: 3 May 2023","Very good","Good place to stay, nice hotel and nice staff.","We had some issues with the Air conditioning, but we got immediately assistance.","Hotel response:","Dear Silvia, Greetings from Ambassador Pallava Chennai!..."
"Vijesh","India","Deluxe Room","1 night ·","January 2023","Family","Reviewed: 30 January 2023","Good","Staff came to room without knocking or asking permission","","Hotel response:","Dear Sir,

Greetings from Ambassador Pallava, Chennai!

..."
"Murtuza","India","Deluxe Room","2 nights ·","February 2023","Group","Reviewed: 5 March 2023","Pleasant","Paintings on the wall in lobbies and room","","Hotel response:","Dear Sir, 

Greetings from Ambassador Pallava Chennai!..."
"Kannan","India","Deluxe Room","2 nights ·","April 2024","Couple","Reviewed: 3 April 2024","Very nice","Location","Nothing","",""
"Suraj","India","Traditional Double Room","2 nights ·","February 2024","Couple","Reviewed: 16 February 2024","Exceptional","Friendly staff, extremely accomodating, ambience, food, decor, paintings everywhere, close to museum","Nothing","",""
"Harvey","United Kingdom","Deluxe Room","2 nights ·","January 2024","Couple","Reviewed: 1 February 2024","Great hotel.","Great hotel, big rooms and helpful staff. Very safe.","","",""
"Shankar","Australia","Traditional Double Room","1 night ·","January 2024","Couple","Reviewed: 31 January 2024","Excellent stay.","Breakfast was packed for us, was we have to leave by train in the morning.","","",""
"Rakesh","India","Traditional Double Room","1 night ·","January 2024","Family","Reviewed: 18 January 2024","Place, if you like to live with antiques and heritage artifacts","Breakfast was amazing, the heritage display in corridors, lobby as well as in the room was a great experience.","the rooms were little stuffy, probably due to humid weather. Otherwise everything was OK.","",""
"Mani","India","Traditional Double Room","1 night ·","November 2023","Solo traveller","Reviewed: 5 December 2023","Excellent","Good property","All good","",""
"","","","","","","","","","","",""
"","","","","","","","","","","",""
"Elavarasi","Kuwait","Deluxe Room","2 nights ·","October 2023","Group","Reviewed: 1 November 2023","Exceptional","Best place ever. Very clean","Everything was perfect","",""
"Roy","India","Executive Suite","1 night ·","September 2023","Couple","Reviewed: 12 October 2023","Exceptional","The courtesy of the staff and their attitude towards the guests","Everything was perfect","",""
"Tanya","India","Deluxe Room","3 nights ·","October 2023","Family","Reviewed: 2 October 2023","A great place for families looking for comfort at a great location in the city","Loved the comfort in the rooms and those at the lobby guiding you. The lady at the travel desk helped organise quick and comfortable visits for sightseeing. The rooms are large with comfort and perfect for families","The food wasn’t impressive for the prices they offered them at. The buffet breakfast had interesting local options that were loved. The ala carte options weren’t impressive and a gamble for taste and portions. They also don’t allow autos in the campus - that’s unfortunate as many guests including us were comfortable with autos given the unpredictable rains and the delay in getting cabs.","",""
"Carl","India","Deluxe Room","2 nights ·","August 2023","Family","Reviewed: 30 August 2023","Exceptional","It's a 35yrs old hotel...but it still very comfortable to stay...room is very very spacious..breakfast is excellent..staffs is very polite & helpful...just love about the antique things in the hotel..Overall it's a very comfortable stay...","","Hotel response:","Dear Guest, 

Greetings from Ambassador Pallava Chennai!..."
"Piyush","India","Deluxe Room","1 night ·","August 2023","Couple","Reviewed: 28 August 2023","Excellent","Ambiance","Everything was good","Hotel response:","Dear Guest, 

Greetings from Ambassador Pallava Chennai!..."
"Kerwin","India","Deluxe Room","1 night ·","August 2023","Couple","Reviewed: 21 August 2023","Our stay was very comfortable . Special mention to all the staff , friendly and helpful .","The choice of South Indian + English breakfast was good . The location and ambience of the dining area was really nice .","Our accommodation had two single beds , would have preferred a double bed .","Hotel response:","Dear Mr.Kerwin,Thank you for your review! We are glad..."
"Amit","India","Deluxe Room","1 night ·","August 2023","Family","Reviewed: 10 August 2023","Excellent","Overall excellent,  staff , hospitality,  rooms and bonus points for doos","All was good","Hotel response:","Dear Mr.Amit,Greetings from Ambassador Pallava, Chennai..."
"Ramakrishna","India","Deluxe Room","1 night ·","July 2023","Solo traveller","Reviewed: 2 August 2023","Superb","Good location","None","Hotel response:","Dear Mr.Ramakrishna,Greetings from Ambassador Pallava,..."
"Dinhas","Sri Lanka","Executive Room","3 nights ·","July 2023","Solo traveller","Reviewed: 30 July 2023","Exceptional","Your breakfast is very good and good staff in restaurant and room dinning is very good service.i highly appreciate your services.Thank you so much.","","Hotel response:","Dear Sir, Greetings from Ambassador Pallava Chennai!Thank..."
"Ratnasankar","Sri Lanka","Deluxe Room","2 nights ·","June 2023","Solo traveller","Reviewed: 14 July 2023","Exceptional","Good food, good staff","All is good","Hotel response:","Dear Sir,Greetings from Ambassador Pallava, Chennai Thank..."
"","","","","","","","","","","",""
"","","","","","","","","","","",""
"Nikhil","India","Deluxe Room","1 night ·","May 2023","Solo traveller","Reviewed: 24 June 2023","Exceptional","good","ambiance","Hotel response:","Dear Sir, Greetings from Ambassador Pallava, Chennai..."
"Unnikrishna","Australia","Executive Suite","4 nights ·","May 2023","Family","Reviewed: 26 May 2023","Exceptional","Friendly professional service, neat spacious rooms, good food, fair price.","","Hotel response:","Dear Mr.Unnikrishna,

Greetings from Ambassador Pallava..."
"Vipin","India","Deluxe Room","2 nights ·","April 2023","Group","Reviewed: 28 April 2023","Exceptional","Very excellent break fast","","Hotel response:","Dear Mr. Vipin,
Greetings from Ambassador Pallava,..."
"Jobi","India","Deluxe Room","1 night ·","March 2023","Solo traveller","Reviewed: 21 March 2023","No word's to describe, excellent place to stay in this hotel chennai","All is good, excellent staff and management, good hospitality, I recommend the best in chennai","Nothing keep up the same","Hotel response:","Dear Sir, Greetings from Ambassador Pallava Chennai! We..."
"Jennifer","United Kingdom","Executive Room","1 night ·","December 2022","Family","Reviewed: 7 January 2023","Nice place , just have email from them as proof of ur ask for  early checkin or anything not in the deal cos the recepti","very good room , clean comfortable.","spoke to one of the staff once booked the room , they do not communicate and pass on the message to their staff once they promise the customer. so plz email them so that u have in written .  I ended up paying extra for early check in for 4 hrs and vacated the same night . very upset they didn’t keep their word .","",""
"Jnanmedhi","India","Deluxe Room","2 nights ·","December 2022","Couple","Reviewed: 22 December 2022","Pleasant stay","Cleanliness,  location,  staff","Bathrooms look a bit old...but clean though","Hotel response:","Dear Sir, 

Greetings from Ambassador Pallava..."
"Pramod","India","Deluxe Room","1 night ·","June 2022","Group","Reviewed: 14 July 2022","good stay","good one","nothing","",""
"Parul","India","Executive Room","1 night ·","July 2022","Solo traveller","Reviewed: 7 July 2022","Really enjoyed my stay","Breakfast and hospitality was very good, very polite staff. Good range of food..was served with a smile and staff seemed to enjoy their work.","Everything was good.","",""
"Francis","India","Executive Room","1 night ·","April 2022","Solo traveller","Reviewed: 5 April 2022","Exceptional","It was tasty","the telephone instrument was faulty and old and even the floor was creaky and needed maintainence","",""
"Rahman","Malaysia","Deluxe Room","1 night ·","February 2022","Family","Reviewed: 4 February 2022","Exceptional","Location ,  room size & good breakfast","Toilet locks are not working properly","",""
"","","","","","","","","","","",""
"","","","","","","","","","","",""
"Karthi","India","Deluxe Room","1 night ·","December 2021","Family","Reviewed: 23 December 2021","Exceptional","Excellent","","",""
"Uthandi","United Kingdom","Executive Suite","6 nights ·","February 2024","Family","Reviewed: 10 March 2024","Ok","Breakfast was good and the restaurant staff seem efficient and pleasant","The reception staff could be more helpful and communicative .Ordered a car through the reception staff few days before our arrival but never sent to pick up on time.","",""
"D'mello","India","Deluxe Room","4 nights ·","February 2024","Solo traveller","Reviewed: 10 February 2024","Unaesthetic looking rooms and subpar service. Plus It was always crowded with noisy tourists, whether pool area or break","Outside ambience was good","The rooms didn’t seem worth the price, the pictures shown of the rooms don’t match the actual look. The AC was stuck at 15 C no matter how much I tried to change it, so I just kept it off all the time.","",""
"Venkateswar","India","Deluxe Room","2 nights ·","October 2023","Couple","Reviewed: 17 October 2023","Superb","Well maintained & very courteous staffs","Nothing","",""
"Andrew","India","Deluxe Room","2 nights ·","August 2023","Family","Reviewed: 30 August 2023","Passable","Location with the Airport is good and the complimentary breakfast was good. The restaurant is spacious.","The bathroom needs to be renovated and upgraded with the present fittings and standards.","Hotel response:","Dear Guest,
Greetings from Ambassador Pallava Chennai!
We..."
"Kumar","India","Deluxe Room","2 nights ·","July 2023","Family","Reviewed: 17 July 2023","Superb","The food rates were very high in comparison to what was being offered For eg one plate of.plain Dosa was costing Rs 450 .","The costs were exhorbitant","Hotel response:","Dear Sir, Greetings from Ambassador Pallava, Chennai! It..."
"Rafiuddin","United Arab Emirates","Executive Room","1 night ·","July 2023","Couple","Reviewed: 3 July 2023","Bad","I didn’t like the way front desk office behave with me. We booked 6 rooms for one room I just requested him to take customer luggage to room I will pay the hotel fee now. He denied and said only after u pay me money I will take ur luggage and he was very rude and very worst customer service he provided to us. And demanded to checkout by 10am when we checked in only at 10pm","I didn’t like the way front desk office behave with me. We booked 6 rooms for one room I just requested him to take customer luggage to room I will pay the hotel fee now. He denied and said only after u pay me money I will take ur luggage and he was very rude and very worst customer service he provided to us. And demanded to checkout by 10am when we checked in only at 10pm","Hotel response:","Dear Mr.Rafiuddin, Thank you for sharing your..."
"Ganesh","India","Executive Room","3 nights ·","April 2023","Family","Reviewed: 2 May 2023","I will never vist here again and also suggest my friends not to visit","It was clean and in good location","I stayed for 4 nights, we booked two rooms the TV of both the rooms didnot worked/ played. I have complain almost every day in the front desk but they did nothing. Apart from that the front desk person tried to argue with me. The restaurant is also to expensive.....","Hotel response:","Dear Mr. Ganesh,Thank you for sharing your constructive..."
"Kamal","India","Deluxe Room","1 night ·","December 2022","Solo traveller","Reviewed: 23 February 2023","Passable","Cleanliness in the room was not as expected. There was dirt on the carpet","","Hotel response:","Dear Mr.Kamal, Greetings from Ambassador Pallava Chennai..."
"Alok","India","Deluxe Room","2 nights ·","June 2022","Couple","Reviewed: 17 June 2022","not worth staying there","central location","old property, bed was in a shabby condition, swimming pool was not working,","",""
"","","","","","","","","","","",""
"","","","","","","","","","","",""
"Amit","India","Deluxe Room","1 night ·","June 2022","Couple","Reviewed: 6 June 2022","Superb","Food was very nice specially breakfast","Nothing","",""
"V","India","Deluxe Room","1 night ·","March 2022","Family","Reviewed: 9 March 2022","Superb","Ok all","Nothing","Hotel response:","Dear Guest,
Greetings from Ambassador Pallava, Chennai..."
"Dr","India","Deluxe Room","1 night ·","February 2022","Solo traveller","Reviewed: 15 February 2022","Superb","Very courteous and helpful reception staff.","Food is too costly","",""
"Amita","India","Deluxe Room","4 nights ·","March 2024","Couple","Reviewed: 31 March 2024","Disappointing","Too many in fact all  NO s to the customer for requests .","","",""
"Sharma","India","Deluxe Room","2 nights ·","March 2024","Group","Reviewed: 31 March 2024","","This review has been hidden because it doesn't meet our guidelines.","","",""
"Milind","India","Executive Suite","1 night ·","February 2024","Couple","Reviewed: 20 February 2024","Good for those who want to be kicked out by 10 am check out.","although very old property ,it has managed to maintain it reasonably well . The breakfast was sumptuous and filling .","The check out time is 10 am which is very guest- unfriendly .","",""
"Devika","India","Traditional Double Room","3 nights ·","January 2024","Solo traveller","Reviewed: 14 February 2024","Passable","Breakfast","Room, its size, its smell, bad interior","",""
"Sandeep","India","Deluxe Room","1 night ·","December 2023","Family","Reviewed: 27 January 2024","Passable","Average. Staff service was not good","Overall, the room provided was small and even the bathroom did not have locks. Overall, the room vibe did  not meet the expectations as compared to my previous stays.","",""
"Mary","United Kingdom","Deluxe Room","1 night ·","November 2023","Family","Reviewed: 3 November 2023","Not really 4 star.","Staffs were really welcoming, courteous and helpful.","Rooms are very basic. And may be little but outdated. Kettle did not work. For 4star rating we d expect a little but more I d say.","",""
"Silvester","India","Deluxe Room","1 night ·","September 2023","Solo traveller","Reviewed: 9 September 2023","Very poor","I like those painting and sculptures in the lobby.","Property didn't fulfill my expectations. Toilet flush was giving noise all night.","Hotel response:","Dear Sir, 

Greetings from Ambassador Pallava, Chennai!..."
"","","","","","","","","","","",""
"","","","","","","","","","","",""
"Hussain","United Arab Emirates","Deluxe Room","4 nights ·","May 2023","Solo traveller","Reviewed: 15 May 2023","Need more improvement in the room","Location","Aircondition switch was not working . Too Cold, cannot control the temperature. Pillows were too big. Bed sheet, blanket seems to be old. Buffet was average","Hotel response:","Dear Mr.Hussain
Greetings from Ambassador Pallava..."
"Sheela","United States","Executive Room","1 night ·","March 2023","Group","Reviewed: 30 March 2023","Very poor","Breakfast was good","Keys would not work. Had to change three rooms.
No toiletries in the room.","Hotel response:","Dear Sir, 

Greetings from Ambassador Pallava, Chennai!

..."
"Anit","India","Deluxe Room","1 night ·","March 2023","Group","Reviewed: 16 March 2023","Just average.For the price anything else would be better","Horrible buffet dinner 
Absolutely no value for money","","",""
"Rajesh","India","Deluxe Room","2 nights ·","October 2022","Family","Reviewed: 9 October 2022","Poor","Their room service would not get back , delivery of a simple coffee would take over 30 mins . No hot water to take bath early in the morning.","","",""
"Luker","Australia","Deluxe Room","1 night ·","March 2022","Solo traveller","Reviewed: 27 March 2022","Would like to visit again buy","I didn't like the 2 single beds for one guest. I expected a single queen bed.","","Hotel response:","Dear Sir/Madam, 
Greetings from Ambassador Pallava,..."
"Chinniah","Australia","Deluxe Room","1 night ·","March 2024","Couple","Reviewed: 31 March 2024","Very disappointed","Nothing I liked there. Horrible service and rooms. Will never stay there again","Horrible rooms. Uncomfortable beds. Dirty rooms.","",""
"Nagendra","India","Deluxe Room","1 night ·","March 2024","Family","Reviewed: 25 March 2024","unsanitary place","No breakfast offered in the location.","Rooms and bathrooms are very dirty and we booked for the king size bed but they are two single beds with the kids it is a nightmare for us.","",""
"Farhad","United Arab Emirates","Executive Room","3 nights ·","March 2024","Solo traveller","Reviewed: 5 March 2024","Stay was nostalgic, pleasant and","Although it was difficult to get thru to room service on the phone, Having 24hrs room service is always the best thing. The Room service staff (mostly from Manipur) were very courteous and spot on.","Check in was disappointing by Sanjana who continues to disappoint thru the stay when complained to her about the AC and request to change the room which never happened until the last day when Sateesh finally changed the room which also had an AC issue but was sorted out immediately. Sanjana also didn’t add my room service bills while checking out and I could have walked out without paying a bill of almost 12k but I reminded them. Plus the house keeping guys are not honest and they’re capable of stealing. If they can steal a cigg lighter, then I’m sure they can steal a lot more.","",""
"Jayanth","India","Deluxe Room","2 nights ·","October 2023","Couple","Reviewed: 13 October 2023","Not worth the price","Old property, heritage floor is horrible, carpet stinks, furnitures not maintain well,  for 6K its not 4star worth it.","Room, cleanliness, comfort","",""
"Enamoul","Bangladesh","Deluxe Room","1 night ·","September 2023","Family","Reviewed: 22 September 2023","Bad",",","Poor breakfast, No washroom equipment service","Hotel response:","Dear Sir, 

Greetings from Ambassador Pallava, Chennai!..."
"","","","","","","","","","","",""
"","","","","","","","","","","",""
"Nitin","India","Deluxe Room","1 night ·","April 2023","Family","Reviewed: 25 April 2023","Fairly ok","Food and Staff are great","Dental kits, rooms alloted were small (not suitable for 3 people ), Bathroom kits were missing, High rate for food","",""
"Deepu","India","Deluxe Room","1 night ·","March 2023","Family","Reviewed: 27 March 2023","Poor","The floor was completely moist/ watery and sleepery in the morning. Not sure what was the reason but didn't  expect these kinds of rooms.","","Hotel response:","Dear Sir, Greetings from Ambassador Pallava, Chennai! It..."
"Girisha","India","Executive Room","1 night ·","March 2023","Family","Reviewed: 23 March 2023","bad experience","mosquito, absence of inverter","","Hotel response:","Dear Sir, Greetings from Ambassador Pallava, Chennai! It..."
"Vinay","India","Deluxe Room","1 night ·","March 2023","Family","Reviewed: 13 March 2023","Bad","Big room, artefacts..gives a Heritage look","Full of mosquitoes","Hotel response:","Dear Sir,
Thank you for sharing your feedback regarding..."
"Prince","India","Executive Room","1 night ·","March 2023","Family","Reviewed: 3 March 2023","Den for mosquitos","Very old property and poor maintenance. 
Stayed one night two rooms and suffered heavy mosquito bites . I strongly recommend not to stay here because of mosquitoes","","Hotel response:","Dear Mr. Prince, Thank you for sharing your feedback..."
"Lalitha","United States","Executive Suite","1 night ·","February 2023","Family","Reviewed: 15 February 2023","Uncomfortable","Good breakfast with a wide variety of options. Spacious and clean rooms.","We had a very late checkin and the hotel didn’t prepare the room with the additional bed we asked for. We had to wait more than an hour for them to bring the bed and it was already about midnight. we didn’t get a proper night’s sleep as we were busy killing the mosquitoes. We had a suite room and felt like we overpaid.","Hotel response:","Dear Sir, Greetings from Ambassador Pallava, Chennai! It..."
"Kays","United Kingdom","Deluxe Room","1 night ·","October 2022","Family","Reviewed: 22 October 2022","This is not a four star hotel! This is a scam of pictures of Hotel. Do not ever book this hotel","What a disaster stay with this hotel. Staffs are very helpful and genuinely tried to resolve the problems. Colleagues Mariom and Pravat tried to help us a lot, many thanks to them. unfortunately the top management was just awful.","What a disaster stay with this hotel. Staffs are very helpful and genuinely tried to resolve the problems. Very unfortunately this hotel is kind of scam as the Lobby and reception area is fully decorated with historic and Arts stuffs and they promote the website with these pictures whereas the rooms are like disaster as water leaks everywhere,  carpets smells, the whole room has serious level condensation problems,  everywhere DAMP issues,  I kept my mother who was ill and she suffered from breathing problems as the whole room is like Wet due to condemnation problems.  Inside hotels room is so old that the power supply is extremely risky. Under any circumstances this hotel is not Four star at all, I doubt this can pass 2 star rating in terms of Health and Safety measures of the guest rooms. I strongly recommend Booking.com not to take booking for for this property,. I have video clips recorded of each of these problems","",""
"Sunita","India","Deluxe Room","1 night ·","October 2021","Solo traveller","Reviewed: 7 October 2021","Not value for money.","As per the Rating and the rate the property is not value for the money. Need to upgrade the level of rooms and ambience.","The property ambience and rooms were not up to mark","",""
"Joseph","India","Deluxe Room","1 night ·","July 2021","Couple","Reviewed: 25 July 2021","Bad","Staff service was good,really helpful","Mosquito infestation, ac wasn't cooling properly.","Hotel response:","Dear Guest, Thank you for taking your time and sharing..."
"Jetu","India","Executive Room","1 night ·","December 2022","Family","Reviewed: 18 December 2022","Exceptional","Super","Super","Hotel response:","Dear Sir, Greetings from Ambassador Pallava Chennai! We..."
"","","","","","","","","","","",""
"","","","","","","","","","","",""
"Riyaz","India","Deluxe Room","1 night ·","December 2022","Family","Reviewed: 12 December 2022","Passable","Receptionist want to know what reason we are staying in hotel - in spite i told it is business - I didn't understand why he wants to know reason- 
2. Shower in bathtub - doesn't have anti slip mat 
3. Bathroom  door handle was missing - my friend got stuck inside bathroom - thank god I was in the room to open from outside.","","Hotel response:","Dear Sir,, Thank you for patronizing Ambassador Pallava,..."
"Anonymous","India","Deluxe Room","2 nights ·","July 2023","Family","Reviewed: 5 July 2023","Pleasant","Interior","Minibar is empty
Swimming pool and gym is closed 
No tooth brush in bathroom","",""
"Frida","Denmark","Deluxe Room","5 nights ·","March 2024","Group","Reviewed: 29 March 2024","Fint","Servicen var god","Maden var fin nok, men kunne være bedre","",""
"Aysha","United Arab Emirates","Traditional Double Room","6 nights ·","December 2023","Family","Reviewed: 17 December 2023","أخيرا لكل من يحجز في هذا الفندق تاكد  ألا تحجز غرفةHERITAGE لأنها تحوي أثاث قديم كما أن باب الحمام ص","من أهم مميزات الفندق قربه من سوبرماركت ومن محل لبيع الأقمشة الرائعة على جهة اليمين ..  أيضا الميزة التالية سرعة استجابة طاقم الاستقبال خاصة أوميت .. حين طلبنا منهم تغيير غرفنا الثلاث من المبنى القديم إلى المبنى الجديد ..أيضا تجربة الافطار كانت جيدة من حيث نظافة المكان وتنوع الماكولات . ولكن أكثر ما أعجبني في الفندق الموظف المخصص لعمل الأومليت ومن يصنع القهوة حيث كانا في قمة الصبر لكل طلبات الزبائن .. أيضا قدموا لنا خدمة توصيل الافطار للفندق لوالدتي التي كانت تعجز   عن النزول لتناول الإفطار المجاني ..

كما أقدم شكري لشابين كانا في قمة التعاون حين كانا مسؤولان عن مساعدة والدتي في استعمال الكرسي المتحرك وهما جون وسوران ..","الحجز المبدئي الذي قمت به على موقع بوكينج كان غرف HERITAGE DELOUX..لكن الغرف كانت تحوي أثاث شبه قديم .. والتلفاز صغير ولايعمل .. ولا توجد لديهم SMART TV.. وسجاد الأرضية متسخ نوعا ما ..أما ما لم يعجبني بقائمة الإفطار انها كانت مكررة لسبعة أيام كانت وعلى النمط الهندي ولكن لم تتوفلر أطباق عالمية معروفة  .. واستغربت لعدم توفر اي نوع من انواع الجبن ..أيضا تقديم الماء عندهم كان عبارة عن طلب انت تقدمه للموظف وليس كما اعتدنا في كل الفنادق حيث تتوفر عبوات الماء للجميع..
أخيرا لكل من يحجز في هذا الفندق تاكد  ألا تحجز غرفةHERITAGE لأنها تحوي أثاث قديم كما أن باب الحمام صغير جدا ..","",""
"I","India","Executive Room","1 night ·","March 2023","Couple","Reviewed: 22 March 2023","Pleasant","蚊子多，房間比圖片還小間","","Hotel response:","Dear Sir, Greetings from Ambassador Pallava, Chennai! It..."
"Mahrou","Germany","Deluxe Room","1 night ·","December 2022","Family","Reviewed: 27 December 2022","alles perfekt","alles perfekt","","Hotel response:","Dear Sir, Greetings from Ambassador Pallava Chennai!..."
"Muhammad","Singapore","Deluxe Room","4 nights ·","March 2024","Family","Reviewed: 3 March 2024","Good","There are no comments available for this review","","",""
"Alex","Spain","Traditional Double Room","2 nights ·","February 2024","Solo traveller","Reviewed: 7 February 2024","Very good","There are no comments available for this review","","",""
"Ram","Malaysia","Deluxe Room","1 night ·","December 2023","Family","Reviewed: 17 December 2023","Very good","There are no comments available for this review","","",""
"Carl","India","Deluxe Room","1 night ·","September 2023","Family","Reviewed: 21 September 2023","Very good","There are no comments available for this review","","",""
"","","","","","","","","","","",""
"","","","","","","","","","","",""
"Mj","India","Deluxe Room","1 night ·","July 2023","Solo traveller","Reviewed: 31 July 2023","Very good","There are no comments available for this review","","",""
"Biswaviraj","India","Deluxe Room","2 nights ·","April 2023","Solo traveller","Reviewed: 1 May 2023","Very good","There are no comments available for this review","","",""
"Jennifer","United Kingdom","Executive Room","1 night ·","December 2022","Group","Reviewed: 7 January 2023","Very good","There are no comments available for this review","","",""
"Saran","India","Deluxe Room","1 night ·","November 2022","Solo traveller","Reviewed: 15 November 2022","Very good","There are no comments available for this review","","",""
"Tarekjubair","Bangladesh","Deluxe Room","3 nights ·","April 2024","Family","Reviewed: 2 April 2024","Good","There are no comments available for this review","","",""
"Tarekjubair","Bangladesh","Deluxe Room","5 nights ·","March 2024","Family","Reviewed: 30 March 2024","Very good","There are no comments available for this review","","",""
"Murali","India","Deluxe Room","1 night ·","March 2024","Couple","Reviewed: 29 March 2024","Very good","There are no comments available for this review","","",""
"Bhavya","United Kingdom","Deluxe Room","3 nights ·","March 2024","Couple","Reviewed: 18 March 2024","Very good","There are no comments available for this review","","",""
"Mourin","Bangladesh","Deluxe Room","4 nights ·","December 2023","Couple","Reviewed: 8 January 2024","Good","There are no comments available for this review","","",""
"Ashish","India","Deluxe Room","1 night ·","October 2023","Couple","Reviewed: 10 October 2023","Very good","There are no comments available for this review","","",""
"","","","","","","","","","","",""
"","","","","","","","","","","",""
"Bharat","India","Traditional Double Room","1 night ·","August 2023","Family","Reviewed: 2 October 2023","Good","There are no comments available for this review","","",""
"Bharat","India","Deluxe Room","2 nights ·","August 2023","Family","Reviewed: 2 October 2023","Good","There are no comments available for this review","","",""
"Prasad","Qatar","Traditional Double Room","9 nights ·","September 2023","Couple","Reviewed: 30 September 2023","Good","There are no comments available for this review","","",""
"Rahul","India","Deluxe Room","1 night ·","August 2023","Couple","Reviewed: 29 August 2023","Good","There are no comments available for this review","","",""
"Bharat","India","Deluxe Room","3 nights ·","August 2023","Family","Reviewed: 27 August 2023","Good","There are no comments available for this review","","",""
"Prabhakaran","United Kingdom","Deluxe Room","2 nights ·","July 2023","Solo traveller","Reviewed: 18 August 2023","Good","There are no comments available for this review","","",""
"Md","Bangladesh","Deluxe Room","3 nights ·","July 2023","Couple","Reviewed: 8 August 2023","Very good","There are no comments available for this review","","",""
"Revathi","Netherlands","Executive Room","1 night ·","July 2023","Family","Reviewed: 19 July 2023","Very good","There are no comments available for this review","","",""
"Alagan","India","Deluxe Room","2 nights ·","May 2023","Family","Reviewed: 14 July 2023","Very good","There are no comments available for this review","","",""
"Alagan","India","Deluxe Room","1 night ·","June 2023","Family","Reviewed: 14 July 2023","Very good","There are no comments available for this review","","",""
"","","","","","","","","","","",""
"","","","","","","","","","","",""
"Chandra","India","Deluxe Room","1 night ·","April 2023","Couple","Reviewed: 12 April 2023","Good","There are no comments available for this review","","",""
"Shruthi","India","Deluxe Room","1 night ·","February 2023","Couple","Reviewed: 16 March 2023","Good","There are no comments available for this review","","",""
"Ashwani","India","Executive Room","1 night ·","February 2023","Solo traveller","Reviewed: 21 February 2023","Very good","There are no comments available for this review","","",""
"Dr","India","Deluxe Room","1 night ·","February 2023","Family","Reviewed: 10 February 2023","Very good","There are no comments available for this review","","",""
"Careers","India","Executive Room","1 night ·","January 2023","Group","Reviewed: 13 January 2023","Very good","There are no comments available for this review","","",""
"Shyam","India","Deluxe Room","3 nights ·","December 2022","Couple","Reviewed: 22 December 2022","Very good","There are no comments available for this review","","",""
"Yatin","India","Traditional Double Room","7 nights ·","June 2022","Family","Reviewed: 26 June 2022","Good","There are no comments available for this review","","",""
"Sunil","Germany","Traditional Double Room","2 nights ·","June 2022","Couple","Reviewed: 18 June 2022","Good","There are no comments available for this review","","",""
"Sandipan","Australia","Deluxe Room","4 nights ·","May 2022","Couple","Reviewed: 22 May 2022","Good","There are no comments available for this review","","",""
"Hasan","Bangladesh","Deluxe Room","4 nights ·","April 2022","Group","Reviewed: 16 April 2022","Very good","There are no comments available for this review","","",""
"","","","","","","","","","","",""
"","","","","","","","","","","",""
"Dinakaran","India","Executive Room","1 night ·","March 2022","Group","Reviewed: 31 March 2022","Good","There are no comments available for this review","","",""
"Hitesh","India","Deluxe Room","1 night ·","March 2022","Solo traveller","Reviewed: 16 March 2022","Good","There are no comments available for this review","","",""
"Thiruvenkadam","Germany","Deluxe Room","2 nights ·","December 2021","Solo traveller","Reviewed: 8 December 2021","Pleasant","There are no comments available for this review","","",""
"Elumlai","India","Deluxe Room","1 night ·","February 2024","Family","Reviewed: 2 April 2024","Very good","There are no comments available for this review","","",""
"Balan","India","Deluxe Room","1 night ·","February 2024","Family","Reviewed: 29 February 2024","Pleasant","There are no comments available for this review","","",""
"Jesley","India","Deluxe Room","2 nights ·","April 2023","Solo traveller","Reviewed: 13 April 2023","Very good","There are no comments available for this review","","",""
"Muralidharan","India","Traditional Double Room","1 night ·","December 2021","Family","Reviewed: 29 December 2021","Pleasant","There are no comments available for this review","","",""
"Venkatachalam","India","Deluxe Room","1 night ·","March 2024","Solo traveller","Reviewed: 12 March 2024","Superb","There are no comments available for this review","","",""
"Purumu","India","Deluxe Room","4 nights ·","February 2024","Solo traveller","Reviewed: 7 March 2024","Superb","There are no comments available for this review","","",""
"Vijayakumar","India","Deluxe Room","1 night ·","March 2024","Couple","Reviewed: 5 March 2024","Superb","There are no comments available for this review","","",""
"","","","","","","","","","","",""
"","","","","","","","","","","",""
"Gopalakrishnan","India","Executive Suite","2 nights ·","February 2024","Couple","Reviewed: 5 March 2024","Exceptional","There are no comments available for this review","","",""
"Yashvanth","India","Deluxe Room","1 night ·","March 2024","Family","Reviewed: 4 March 2024","Exceptional","There are no comments available for this review","","",""
"Balaji","United Arab Emirates","Deluxe Room","2 nights ·","February 2024","Family","Reviewed: 26 February 2024","Exceptional","There are no comments available for this review","","",""
"Toshit","India","Traditional Double Room","1 night ·","February 2024","Family","Reviewed: 12 February 2024","Superb","There are no comments available for this review","","",""
"Albert","India","Deluxe Room","4 nights ·","February 2024","Family","Reviewed: 9 February 2024","Exceptional","There are no comments available for this review","","",""
"Chris","Australia","Deluxe Room","3 nights ·","January 2024","Solo traveller","Reviewed: 3 February 2024","Everything was excellent.","There are no comments available for this review","","",""
"Sandeep","India","Deluxe Room","1 night ·","December 2023","Couple","Reviewed: 24 January 2024","Superb","There are no comments available for this review","","",""
"Shuvashees","Bangladesh","Executive Room","3 nights ·","December 2023","Family","Reviewed: 5 January 2024","Exceptional","There are no comments available for this review","","",""
"Anjor","India","Deluxe Room","1 night ·","December 2023","Family","Reviewed: 27 December 2023","Exceptional","There are no comments available for this review","","",""
"Gambriel","India","Deluxe Room","1 night ·","November 2023","Family","Reviewed: 20 December 2023","Exceptional","There are no comments available for this review","","",""
"","","","","","","","","","","",""
"","","","","","","","","","","",""
"Venkat","India","Deluxe Room","2 nights ·","December 2023","Family","Reviewed: 20 December 2023","Superb","There are no comments available for this review","","",""
"Rajashree","India","Deluxe Room","4 nights ·","December 2023","Family","Reviewed: 8 December 2023","Superb","There are no comments available for this review","","",""
"Rebecca","United Kingdom","Deluxe Room","15 nights ·","September 2023","Family","Reviewed: 21 October 2023","Exceptional","There are no comments available for this review","","",""
"Jitendra","India","Traditional Double Room","2 nights ·","October 2023","Family","Reviewed: 10 October 2023","Exceptional","There are no comments available for this review","","",""
"Shailesh","India","Deluxe Room","1 night ·","September 2023","Family","Reviewed: 8 September 2023","Exceptional","There are no comments available for this review","","",""
"Jagadeesh","India","Executive Room","1 night ·","August 2023","Solo traveller","Reviewed: 4 September 2023","Exceptional","There are no comments available for this review","","",""
"Rajesh","India","Deluxe Room","1 night ·","September 2023","Family","Reviewed: 2 September 2023","Exceptional","There are no comments available for this review","","",""
"Kulanthai","India","Traditional Double Room","2 nights ·","August 2023","Group","Reviewed: 31 August 2023","Superb","There are no comments available for this review","","",""
"Aneesh","India","Deluxe Room","2 nights ·","July 2023","Family","Reviewed: 28 July 2023","Nice property","There are no comments available for this review","","Hotel response:","Dear Mr.Aneesh,Greetings from Ambassador Pallava, Chennai..."
"Prithvish","India","Deluxe Room","3 nights ·","July 2023","Solo traveller","Reviewed: 26 July 2023","Exceptional","There are no comments available for this review","","",""
"","","","","","","","","","","",""
"","","","","","","","","","","",""
"Rajadurrai","United Kingdom","Executive Room","2 nights ·","July 2023","Solo traveller","Reviewed: 17 July 2023","Exceptional","There are no comments available for this review","","",""
"Raja","India","Executive Room","1 night ·","July 2023","Couple","Reviewed: 4 July 2023","Exceptional","There are no comments available for this review","","",""
"Vishnu","India","Executive Room","1 night ·","June 2023","Family","Reviewed: 9 June 2023","Exceptional","There are no comments available for this review","","",""
"Dinesh","India","Deluxe Room","2 nights ·","May 2023","Couple","Reviewed: 24 May 2023","Exceptional","There are no comments available for this review","","",""
"Kanagaraj","India","Deluxe Room","1 night ·","May 2023","Family","Reviewed: 9 May 2023","Exceptional","There are no comments available for this review","","",""
"Abhiramsri","India","Deluxe Room","1 night ·","January 2023","Family","Reviewed: 11 February 2023","Exceptional","There are no comments available for this review","","",""
"R","India","Deluxe Room","2 nights ·","February 2023","Couple","Reviewed: 5 February 2023","Exceptional","There are no comments available for this review","","",""
"Ilango","New Zealand","Deluxe Room","1 night ·","January 2023","Family","Reviewed: 20 January 2023","Exceptional","There are no comments available for this review","","",""
"Prabhakaran","United Kingdom","Deluxe Room","1 night ·","January 2023","Couple","Reviewed: 9 January 2023","Exceptional","There are no comments available for this review","","",""
"","","","","","","","","","","",""
"","","","","","","","","","","",""
"Roger","Australia","Deluxe Room","1 night ·","December 2022","Couple","Reviewed: 26 December 2022","Superb","There are no comments available for this review","","",""
"Simon","India","Deluxe Room","1 night ·","November 2022","Group","Reviewed: 26 November 2022","Superb","There are no comments available for this review","","",""
"Murali","Singapore","Deluxe Room","1 night ·","November 2022","Couple","Reviewed: 21 November 2022","Exceptional","There are no comments available for this review","","",""
"Gowtham","United States","Executive Room","3 nights ·","October 2022","Group","Reviewed: 9 November 2022","Superb","There are no comments available for this review","","",""
"Db","India","Deluxe Room","1 night ·","June 2022","Solo traveller","Reviewed: 18 June 2022","Exceptional","There are no comments available for this review","","",""
"Srinivas","India","Deluxe Room","2 nights ·","June 2022","Couple","Reviewed: 8 June 2022","Passable","There are no comments available for this review","","",""
"T","","Deluxe Room","1 night ·","March 2022","Family","Reviewed: 30 May 2022","Superb","There are no comments available for this review","","",""
"T","India","Executive Room","1 night ·","March 2022","Family","Reviewed: 30 May 2022","Superb","There are no comments available for this review","","",""
"Manjini","India","Executive Room","1 night ·","May 2022","Solo traveller","Reviewed: 18 May 2022","Superb","There are no comments available for this review","","",""
"Jyoti","India","Deluxe Room","4 nights ·","March 2022","Family","Reviewed: 29 March 2022","Superb","There are no comments available for this review","","",""
"","","","","","","","","","","",""
"","","","","","","","","","","",""