"ac4a7896c7 2","abf093bdfe","e1eebb6a1e","ccb65902b2","ccb65902b2 2","ccb65902b2 3","ccb65902b2 4","ebf4591c8e","ebf4591c8e 2","ebf4591c8e 3","ebf4591c8e 4","ebf4591c8e 5","a53cbfa6de"
"Rated very good","4 reviews","","","","","","","","","","",""
"","High score for Chennai","Categories:","9.0","9.0","10","8.5","","","","","",""
"","","Filters","","","","","","","","","",""
"","","","Reviewers","Review scores","Languages","Time of year","All (5)","Families (2)","Solo travellers (3)","Business travellers (3)","All (5)",""
"","","","Room","","","","","","","","","Select topics to read reviews:"
"","","Guest reviews","","","","","Most relevant","Newest first","Oldest first","Highest scores","Lowest scores",""
"Scored 10","Standard Double Room","","","","","","","","","","","The hotel looks really beautiful and the staffs are very helpful and professional. Buffet breakfast is really unique.

Special mention for Praveen and team (Reception)"