"a3332d346a","afac1f68d9","abf093bdfe","abf093bdfe 2","abf093bdfe 3","abf093bdfe 4","abf093bdfe 5","f6431b446c","a53cbfa6de","a53cbfa6de 2"
"Selvakumar","Germany","Budget Double Room","1 night ·","November 2023","Solo traveller","Reviewed: 9 December 2023","Exceptional","Excellent stay with affordable price. Safe and suitable for family. Amazing breathtaking  view from the terrace. Accessible to market, park and other tourist area. All staff are very friendly and accommodating.",""
"Mohammed","Saudi Arabia","Deluxe Family Room","1 night ·","February 2024","Group","Reviewed: 10 February 2024","Very good","Good location and clean hotel",""
"Sivakumar","India","Deluxe Double Room (2 Adults + 1 Child)","1 night ·","January 2024","Family","Reviewed: 31 January 2024","Very comfortable and pleasant short stay","Location wise, it is at the busiest and we'll connected place! Free from the heavy pollution of construction and vehicular movements. Rooms were quite good and awaiting for own kitchen to have hot food.","There's nothing specific at the moment, food can be available bit early too."
"Satya","India","Standard Double Room","1 night ·","January 2024","Group","Reviewed: 21 January 2024","Ok","Cleanliness of the room, lighting , ac, towels","Water was not there in wash room , no cutlery and plates , no restaurant"
"Priscilla","Sri Lanka","Deluxe Double Room (2 Adults + 1 Child)","2 nights ·","December 2023","Family","Reviewed: 3 January 2024","The stay was very comfortable and relaxing!","As the property is newly built, rooms and other areas are clean and aesthetic. Rooms are very clean, spacious and comfortable. All other facilities were provided inside the room. Buffet breakfast is a good option. Property is located in a prominent area where we can access necessary shops and services. Reception staff was very welcoming and hospitable.","As we were coming from other country we needed some support from hotel staff for money exchanging and taxi booking. But they weren’t well aware of it. In some other hotels they had money exchanging agents and drivers contacts. So they come to the hotel and helped. Here we didn’t get that facility. Also the airport drop off facility is mentioned in the booking page but it was not provided in the hotel. These are minor shortcomings to be improved."
"Shrinivas","Hong Kong","Budget Double Room","3 nights ·","December 2023","Couple","Reviewed: 26 December 2023","Very good","Overall very good","Location was not suitable. It was 40km away from Andhra Bus Stand. It was very difficult to find location at rainy night. However ola helped us."
"Steevan","India","Deluxe Double Room (2 Adults + 1 Child)","2 nights ·","February 2024","Family","Reviewed: 1 March 2024","na","hotel is really very good ....","neat and clean"
"M","India","Deluxe Double Room (2 Adults + 1 Child)","1 night ·","January 2024","Couple","Reviewed: 5 February 2024","Good","The room should be cleanliness and I saw one unnecessary things",""
"Antony","India","Triple Room","1 night ·","February 2024","Family","Reviewed: 4 February 2024","Waste of Money","Location","No Breakfast served. Asked the manage to provide breakfast but he says it is too late to order, even though we are ready to pay cash.
The receptionist took my id (Aadhar) card for Xerox, he forgotten to hand over the same. Now they are asking postal charges to courier the same."
"Kishorkumar","India","Budget Double Room","2 nights ·","January 2024","Family","Reviewed: 29 January 2024","As it was new, the rooms are good.  They charged Rs.500/- extra than booking amount at Bookings.","No breakfast / Meal available.","Rooms"
"Karthik","India","Triple Room","1 night ·","December 2023","Solo traveller","Reviewed: 4 January 2024","Good","Good","Service"
"Alistair","India","Deluxe Double Room (2 Adults + 1 Child)","4 nights ·","December 2023","Group","Reviewed: 20 December 2023","Good Clean and Comfortable experience","Location was good, Breakfast was not available on day 1 so skipped breakfast for the next 3 days.","All was good"
"Sankar","India","Deluxe Double Room (2 Adults + 1 Child)","1 night ·","December 2023","Couple","Reviewed: 17 December 2023","Good","Good","Good"
"B","India","Deluxe Double Room (2 Adults + 1 Child)","1 night ·","January 2024","Couple","Reviewed: 8 March 2024","Exceptional","Good",""
"Karan","India","Budget Double Room","1 night ·","January 2024","Group","Reviewed: 29 February 2024","Poor","Bed was quite nice","I had booked the room, but they didn't allot me. AC water was leaking."
"Nirmal","India","Deluxe Double Room (2 Adults + 1 Child)","4 nights ·","January 2024","Family","Reviewed: 19 February 2024","Exceptional","Excellent service and good staff","The bathroom could have cleaned better"
"Ibrahim","India","Budget Double Room","1 night ·","January 2024","Family","Reviewed: 16 February 2024","For the money you pay it’s perfect and family friendly","The staff were very friendly","Everything was perfect no complaints I checked in at the middle of the night but still the staff came all the way down and made sure I parked properly very kind staff"
"Vignesh","India","Deluxe Family Room","2 nights ·","January 2024","Group","Reviewed: 12 February 2024","Very pleasant stay","Cleanliness, air conditioning",""
"Mukundan","India","Deluxe Double Room (2 Adults + 1 Child)","3 nights ·","January 2024","Family","Reviewed: 24 January 2024","Except the issue that I faced due to few workers staying in the next room, the stay was fine. Overall, the property has","The property staff was good.","Few workers were allowed to stay next to my room and they created a ruckus at night time. That was bad."
"Winse","India","Budget Double Room","1 night ·","December 2023","Couple","Reviewed: 11 December 2023","Exceptional","Hospitality was good","Nothing"
"","","","","","","","","",""
"","","","","","","","","",""
"E","India","Deluxe Family Room","3 nights ·","December 2023","Family","Reviewed: 2 December 2023","Good hotel to stay but maybe after one or two months","Since the hotel is brand new, the rooms are good and very clean.. Good location and definitely value for the money. The staff are very polite and friendly.. Though the breakfast is prepacked bought out item, still it is not bad and the taste is okay.","Because the hotel is new lots of teething issues like back up generator not installed and during power cut we used stay without power (no AC, fan etc..), also still no internet connection (we stayed three days but no internet they said cable is cut tomorrow we will get the internet ready but nothing happened fir three days).. Breakfast was available from 8.30 am only.. Usually every where the breakfast fast will be available from 7 or 7.30 am.onwards... No restaurant and no room service boys. We ordered food through Swiggy and had our food.."
"Suresh","India","Standard Double Room","1 night ·","February 2024","Couple","Reviewed: 22 March 2024","Exceptional","Maintance is good and rooms also good","Nothing"
"Jayaram","Australia","Deluxe Double Room (2 Adults + 1 Child)","2 nights ·","January 2024","Couple","Reviewed: 7 January 2024","Open shop in a rush!!!","It was new and fresh, in fact a few sections were yet to be completed","Overall the place has operational issues to be sorted out, we got a feeling  they have opened shop without getting things in order and ready for guests."
"Kuntal","India","Deluxe Family Room","5 nights ·","January 2024","Family","Reviewed: 2 January 2024","Passable","I can say a decent place to stay. Nothing more than that.","Since it's a new property, we read a couple of reviews which were good and stayed there, but can't give more than 45 to 50 out of hundred overall, despite being generous."
"Hasan","India","Deluxe Double Room (2 Adults + 1 Child)","4 nights ·","February 2024","Solo traveller","Reviewed: 24 February 2024","disappointment","Breakfast","Dirty Dirty Dirty - Some stains in beds, towels
Foul smell always"
"Thirumurugan","India","Deluxe Double Room (2 Adults + 1 Child)","1 night ·","February 2024","Solo traveller","Reviewed: 23 February 2024","Terrible","The room was big but smells and the toilet was very badly ventilated yoh open the door you get hit by stink . To get hot water it takes 25 min ?? 
The staff were ok but not great , will never stay there again .",""
"Ad","Netherlands","Deluxe Double Room (2 Adults + 1 Child)","1 night ·","February 2024","Solo traveller","Reviewed: 16 February 2024","Prettig","Schoon",""
"Andrej","Latvia","Deluxe Double Room (2 Adults + 1 Child)","1 night ·","January 2024","Solo traveller","Reviewed: 26 January 2024","Exceptional","Очень хороший отель, все новое, сервиса отличный!!!","По мне как туристу место отеля не очень, а так все замечательно"
"Abb","Germany","Deluxe Double Room (2 Adults + 1 Child)","2 nights ·","December 2023","Couple","Reviewed: 27 December 2023","Poor","Das Hotel ist recht neu aber noch nicht fertig.","Die Angaben im Internet stimmen nicht!!! Es gibt kein Restaurant. Das war ein Kriterium warum wir es gewählt hatten. 
Das Hotel stand komplett unter Wasser niemand hat sich gekümmert.Die Treppe war gefährlich rutschig. Kein Fahrstuhl. Kein Strom, kein Internet, kein Restaurant verfügbar. 
Im Zimmer gibt es kein Kaffe/Teeautomat wie es in der Beschreibung steht. Nachts schlafen Männer in der unfertigen Vorhalle unter Moskitonetzen. 
Um das Hotel eine Müllhalde, dazu der Gestank.
Nach 5 Tagen kam der Manager vorbei um Geld abzukassieren. Auf Ansprache, brüllte er uns an.
 Die Wäsche die wir anvertrauten kam mit heftigsten Flecken und Verfärbungen zudem auch noch feucht zurück."
"Melvin","India","Standard Double Room","1 night ·","March 2024","Couple","Reviewed: 30 March 2024","Very good","There are no comments available for this review",""
"","","","","","","","","",""
"","","","","","","","","",""
"Ganesh","India","Deluxe Double Room (2 Adults + 1 Child)","1 night ·","March 2024","Group","Reviewed: 12 March 2024","Superb","There are no comments available for this review",""
"Kabilan","India","Deluxe Double Room (2 Adults + 1 Child)","1 night ·","February 2024","Group","Reviewed: 27 February 2024","Very good","There are no comments available for this review",""
"Ir","India","Budget Double Room","1 night ·","January 2024","Couple","Reviewed: 28 January 2024","Very good","There are no comments available for this review",""
"G","India","Deluxe Double Room (2 Adults + 1 Child)","1 night ·","January 2024","Solo traveller","Reviewed: 9 January 2024","Superb","There are no comments available for this review",""
"Dineshkumar21","India","Budget Double Room","1 night ·","December 2023","Couple","Reviewed: 9 December 2023","Superb","There are no comments available for this review",""
"Ju","India","Budget Double Room","2 nights ·","December 2023","Couple","Reviewed: 9 December 2023","Superb","There are no comments available for this review",""
"Kishore","India","Standard Double Room","1 night ·","March 2024","Group","Reviewed: 3 April 2024","Very good","There are no comments available for this review",""
"Tamil","India","Budget Double Room","1 night ·","March 2024","Couple","Reviewed: 27 March 2024","Good","There are no comments available for this review",""
"Samath","India","Deluxe Family Room","1 night ·","March 2024","Group","Reviewed: 20 March 2024","Very good","There are no comments available for this review",""
"Vasanth","India","Standard Double Room","1 night ·","February 2024","Couple","Reviewed: 19 March 2024","Superb","There are no comments available for this review",""
"","","","","","","","","",""
"","","","","","","","","",""
"Tamil","India","Deluxe Double Room (2 Adults + 1 Child)","1 night ·","January 2024","Family","Reviewed: 9 February 2024","Good","There are no comments available for this review",""
"Vishakha","India","Deluxe Double Room (2 Adults + 1 Child)","7 nights ·","January 2024","Couple","Reviewed: 8 February 2024","Good","There are no comments available for this review",""
"Sahasra","India","Deluxe Double Room (2 Adults + 1 Child)","1 night ·","December 2023","Group","Reviewed: 25 December 2023","Very good","There are no comments available for this review",""
"Preethy","India","Deluxe Double Room (2 Adults + 1 Child)","1 night ·","December 2023","Solo traveller","Reviewed: 5 December 2023","Very good","There are no comments available for this review",""
"Antony","India","Deluxe Double Room (2 Adults + 1 Child)","1 night ·","December 2023","Family","Reviewed: 3 December 2023","Good","There are no comments available for this review",""
"Kumar","India","Budget Double Room","1 night ·","December 2023","Couple","Reviewed: 2 December 2023","Very good","There are no comments available for this review",""
"Daniel","India","Deluxe Double Room (2 Adults + 1 Child)","1 night ·","November 2023","Group","Reviewed: 29 November 2023","Very good","There are no comments available for this review",""
"Rodney","India","Deluxe Double Room (2 Adults + 1 Child)","1 night ·","March 2024","Couple","Reviewed: 15 March 2024","Good","There are no comments available for this review",""
"Puthu","India","Deluxe Family Room","1 night ·","November 2023","Group","Reviewed: 20 December 2023","Superb","There are no comments available for this review",""
"Revanth","India","Deluxe Double Room (2 Adults + 1 Child)","1 night ·","April 2024","Family","Reviewed: 3 April 2024","Exceptional","There are no comments available for this review",""
"","","","","","","","","",""
"","","","","","","","","",""
"Panasa","India","Standard Double Room","1 night ·","April 2024","Solo traveller","Reviewed: 1 April 2024","Exceptional","There are no comments available for this review",""
"Vignesh","India","Deluxe Family Room","2 nights ·","March 2024","Group","Reviewed: 27 March 2024","Exceptional","There are no comments available for this review",""
"Ranjika","India","Deluxe Double Room (2 Adults + 1 Child)","1 night ·","January 2024","Couple","Reviewed: 19 February 2024","Exceptional","There are no comments available for this review",""
"Wasi","India","Triple Room","1 night ·","February 2024","Group","Reviewed: 3 February 2024","Exceptional","There are no comments available for this review",""
"Shubhankar","India","Deluxe Double Room (2 Adults + 1 Child)","1 night ·","November 2023","Couple","Reviewed: 30 January 2024","Exceptional","There are no comments available for this review",""
"Dz","India","Budget Double Room","1 night ·","January 2024","Group","Reviewed: 24 January 2024","Exceptional","There are no comments available for this review",""
"Vinod","India","Deluxe Double Room (2 Adults + 1 Child)","3 nights ·","December 2023","Group","Reviewed: 23 January 2024","Exceptional","There are no comments available for this review",""
"Harisankar","India","Standard Double Room","2 nights ·","January 2024","Couple","Reviewed: 22 January 2024","Exceptional","There are no comments available for this review",""
"Aashish","India","Budget Double Room","1 night ·","January 2024","Couple","Reviewed: 11 January 2024","Exceptional","There are no comments available for this review",""
"Raj","India","Deluxe Double Room (2 Adults + 1 Child)","3 nights ·","December 2023","Couple","Reviewed: 22 December 2023","Exceptional","There are no comments available for this review",""
"","","","","","","","","",""
"","","","","","","","","",""
"Tamil","India","Budget Double Room","1 night ·","February 2024","Couple","Reviewed: 20 March 2024","Pleasant","There are no comments available for this review",""
"Mahesh","United Arab Emirates","Deluxe Double Room (2 Adults + 1 Child)","2 nights ·","February 2024","Family","Reviewed: 20 February 2024","Pleasant","There are no comments available for this review",""
"Srikanth","India","Deluxe Double Room (2 Adults + 1 Child)","1 night ·","December 2023","Family","Reviewed: 27 December 2023","Passable","There are no comments available for this review",""
"Jaa","India","Deluxe Double Room (2 Adults + 1 Child)","1 night ·","March 2024","Couple","Reviewed: 5 April 2024","Passable","There are no comments available for this review",""
"Rao","India","Deluxe Double Room (2 Adults + 1 Child)","1 night ·","February 2024","Group","Reviewed: 28 February 2024","Very poor","There are no comments available for this review",""
"Jayaseelan","India","Standard Double Room","3 nights ·","December 2023","Couple","Reviewed: 21 December 2023","Bad","There are no comments available for this review",""
"Rodney","India","Deluxe Double Room (2 Adults + 1 Child)","1 night ·","March 2024","Couple","Reviewed: 4 April 2024","Exceptional","There are no comments available for this review",""
"Muruga","India","Standard Double Room","1 night ·","March 2024","Solo traveller","Reviewed: 22 March 2024","Exceptional","There are no comments available for this review",""
"Anonymous","India","Deluxe Family Room","2 nights ·","December 2023","Family","Reviewed: 25 December 2023","Superb","There are no comments available for this review",""
"Anonymous","India","Budget Double Room","3 nights ·","November 2023","Couple","Reviewed: 28 November 2023","Superb","There are no comments available for this review",""
"","","","","","","","","",""
"","","","","","","","","",""