"a3332d346a","afac1f68d9","abf093bdfe","abf093bdfe 2","abf093bdfe 3","abf093bdfe 4","abf093bdfe 5","f6431b446c","a53cbfa6de","a53cbfa6de 2"
"Ali","Maldives","Deluxe Double Room With 10% off on Food & Soft Beverage","6 nights ·","July 2022","Solo traveller","Reviewed: 7 July 2022","Place was good and most of all having a mall at hotel was great","Place was good and most of all having a mall at hotel was great","Not having non veg"
"Ruth","United Kingdom","Deluxe Double Room With 10% off on Food & Soft Beverage","1 night ·","January 2024","Couple","Reviewed: 8 February 2024","The staff are always wonderful at this hotel nothing is too much trouble, they are so helpful.","Great location everything you need close by in the mall.","For europeans the breakfast could be a little more inviting.  More variety of fruit and larger cups for tea and coffee."
"Dr","India","Deluxe Double Room With 10% off on Food & Soft Beverage","1 night ·","November 2023","Family","Reviewed: 23 November 2023","Superb","The Hotel location is excellent.

Rooms are clean and spacious. Bathroom is very nice. 

Restaurant is good and have right variety of food options.

Staff are nice and Particularly Ramesh, front desk is very helpful.",""
"Manikam","Malaysia","Deluxe Double Room With 10% off on Food & Soft Beverage","3 nights ·","October 2023","Couple","Reviewed: 5 November 2023","Very good","location and food",""
"Jahed","Bangladesh","Deluxe Double Room With 10% off on Food & Soft Beverage","2 nights ·","August 2023","Family","Reviewed: 6 August 2023","Very good","Only Veg Breakfast. Very disappointed",""
"Gold","India","Deluxe Double Room With 10% off on Food & Soft Beverage","1 night ·","June 2023","Group","Reviewed: 17 June 2023","Super","Price very high","Price"
"Ruth","United Kingdom","Deluxe Double Room With 10% off on Food & Soft Beverage","2 nights ·","February 2023","Couple","Reviewed: 15 March 2023","Superb","Wonderful staff so helpful and accommodating.  Great location and very comfy beds.",""
"Mariana","Brazil","Deluxe Double Room With 10% off on Food & Soft Beverage","2 nights ·","February 2023","Family","Reviewed: 14 March 2023","Superb","I love EHotel. Everytime I go to Chennai I stay there. 
Love the breakfast, and the location is perfect.
The manager is always ready to help you and also the people who work there. 
I really recommend",""
"Mohamed","Malaysia","Deluxe Double Room With 10% off on Food & Soft Beverage","3 nights ·","March 2023","Family","Reviewed: 10 March 2023","Very good","I like the food and the atmosphere of the hotel..the staff is nice","Nothing"
"Manikandan","India","Deluxe Double Room With 10% off on Food & Soft Beverage","2 nights ·","February 2023","Family","Reviewed: 1 March 2023","Good","Friendly staff :-) 
Good Food.
comfort stay.","Bathroom fittings were old and poorly maintained. Didn't felt like being in a hotel."
"Tejaswi","United States","Deluxe Double Room With 10% off on Food & Soft Beverage","1 night ·","February 2023","Group","Reviewed: 26 February 2023","Superb","value,
cleanliness",""
"Mohammed","India","Deluxe Double Room With 10% off on Food & Soft Beverage","2 nights ·","December 2022","Family","Reviewed: 25 December 2022","Superb","overall stay was fabulous, the staff were very friendly and amenities were great","the maintenance and coice of furniture could have been better. I also feel the price was a tad higher, if it was Rs. 1200/1500 cheaper it would have been a more worthy stay."
"Vijendra","Mauritius","Deluxe Double Room With 10% off on Food & Soft Beverage","6 nights ·","December 2022","Couple","Reviewed: 10 December 2022","One of the best stays in Chennai, value for money!","Breakfast, sambar, dosa multiple flavour, chai multiple flavour, excellent service from the staffs
The hotel manager Ramesh helped and guided us whenever needed, very kind person, a gentleman
Clean and tidy room, very spacious, good security
Accessible to the Express Avenue mall",""
"R","Singapore","Deluxe Double Room With 10% off on Food & Soft Beverage","4 nights ·","December 2022","Family","Reviewed: 2 December 2022","Great for Family","Excellent service staff. From the front desk to room service and breakfast crew. Everyone is polite and always helpful with a smile.","Facilities need an upgrade. Signs of ageing."
"Ruth","United Kingdom","Deluxe Double Room With 10% off on Food & Soft Beverage","2 nights ·","October 2022","Family","Reviewed: 13 November 2022","We always enjoy staying at the E Hotel. feel safe.","Comfortable stay, great staff.  Location is so convenient being attached to the mall.","We find breakfast difficult being vegetarian."
"Deepu","India","Deluxe Double Room With 10% off on Food & Soft Beverage","1 night ·","October 2022","Couple","Reviewed: 16 October 2022","Superb","location & the connectivity to mall",""
"Ali","Maldives","Deluxe Double Room With 10% off on Food & Soft Beverage","3 nights ·","August 2022","Solo traveller","Reviewed: 3 September 2022","Its good","vv.ggod","breakfast menu 
I am non veg"
"Lubna","Maldives","Deluxe Double Room With 10% off on Food & Soft Beverage","1 night ·","May 2022","Couple","Reviewed: 21 July 2022","best rooms . beautiful rooms in EHotel . great location. . perfect stay !","the best hotel for the price in the best location in chennai","loved everything . great staff great hotel"
"Deepesh","India","Deluxe Double Room With 10% off on Food & Soft Beverage","2 nights ·","July 2022","Family","Reviewed: 8 July 2022","Came here to shop before flying and was great experience","Had a pleasant experience staying for 2 nights. The upholstery and linen were clean, breakfast had good options, all the staff were helpful. Due to incessant rains, we had problems in the TV channel reception which was resolved quickly. Reception staff were also great and helpful.","Though all visible areas and linen were super clean (am allergic to dust and I didn’t sneeze even once here, which was great), the area under the bed was very dusty. This is because bed is fixed and there were water bottles and dust from ages ago. Rooms 404 and 401."
"Vaidya","India","Deluxe Double Room With 10% off on Food & Soft Beverage","3 nights ·","May 2022","Solo traveller","Reviewed: 23 May 2022","A comfortable stay","Hotel is clean and the staff is good👍","Na"
"","","","","","","","","",""
"","","","","","","","","",""
"Vinu","India","Deluxe Double Room With 10% off on Food & Soft Beverage","2 nights ·","March 2022","Solo traveller","Reviewed: 16 March 2022","Excellent location and value for money!","Excellent location and value for money! Large rooms, albeit showing few signs of wear but great for the price and location. Very helpful staff","They should have called out that it's a pure veg restaurant and room service (its mentioned under description but you wont catch it easily). The veg food was decent and lot of options in the mall anyway."
"Santosh","India","Deluxe Double Room With 10% off on Food & Soft Beverage","2 nights ·","February 2022","Group","Reviewed: 11 February 2022","I had a great time","Wonderful shopping experience with E hotel","Easy way for shopping"
"Ajmal","Sri Lanka","Deluxe Double Room With 10% off on Food & Soft Beverage","7 nights ·","January 2022","Solo traveller","Reviewed: 17 January 2022","it was a pleasant stay. staff very friendly and helpful","very friendly staff","key card. has to be recharged many times"
"Rajiv","India","Deluxe Double Room With 10% off on Food & Soft Beverage","1 night ·","November 2021","Couple","Reviewed: 12 November 2021","Great stay, somewhat overpriced.","The helpfulness and courtesy of the staff.","Finding the location is a little tricky. With incessant rains, there were quite a few places of water leakage in the corridors."
"Sujaidha","Maldives","Deluxe Double Room With 10% off on Food & Soft Beverage","2 nights ·","November 2021","Couple","Reviewed: 9 November 2021","Superb","The property is conveniently located inside the express avenue mall, which is my go to mall in Chennai whenever I visit. The staff were extremely helpful and polite, and made sure we had a comfortable stay. Loved the option to have South Indian food for breakfast, in addition to the continental breakfast option. The room was very spacious and clean.","Rooms would look stellar with a fresh coat of paint"
"Silvia","Switzerland","Deluxe Double Room With 10% off on Food & Soft Beverage","2 nights ·","October 2021","Solo traveller","Reviewed: 30 October 2021","Superb","The location in a big Mall is very convenient if you wish to buy a few things before travelling in the South","Nothing negative to mention"
"Rajaa","India","Deluxe Double Room With 10% off on Food & Soft Beverage","1 night ·","September 2021","Family","Reviewed: 29 September 2021","Superb","Location and cleanliness",""
"Karthik","Saudi Arabia","Deluxe Double Room With 10% off on Food & Soft Beverage","2 nights ·","August 2021","Family","Reviewed: 13 September 2021","Good experience, Friendly Staff","Location",""
"Monotosh","","Deluxe Double Room With 10% off on Food & Soft Beverage","5 nights ·","July 2021","Couple","Reviewed: 16 July 2021","Very good","your hospitality","food varity is less other than south indian food ,  non veg food to be started .and you swipe card sometime not working"
"A","Bangladesh","Deluxe Double Room With 10% off on Food & Soft Beverage","2 nights ·","April 2021","Family","Reviewed: 25 April 2021","Our overall stay at E-Hotel was fabulous. We love to choose this facility over and again.","Location of the Hotel just next to Express Avenue Mall is a vibrant place. Room was quite spacious and very well organised, amenities were up to the expectation. Staffs were very freindly as well as helpful. Overall great value for money. I would strongly recommend E-hotel anyone wants to stay heart of Chennai. Surely E-Hotel would be my 1st preference as I plan to visit Chennai next.","To catch my return flight, I had to check out Hotel at 5:00am while it was bit difficult (took 10 mintes or little more) to find out Front Desk guys."
"","","","","","","","","",""
"","","","","","","","","",""
"Thilagavathy","Malaysia","Deluxe Double Room With 10% off on Food & Soft Beverage","4 nights ·","February 2024","Couple","Reviewed: 28 February 2024","Good and a convenient place to stay","Breakfast is good, could add a couple of extra items.
Location is convenient, easy access to shopping mall
Room is spacious, could add an extra wardrop","A change in the flower colours at the Lobby will be good. It has been like that for a long time."
"Vicky","Malaysia","Deluxe Double Room With 10% off on Food & Soft Beverage","2 nights ·","January 2024","Family","Reviewed: 25 January 2024","Good","This is my 4th stay at this hotel. The room was clean, helpful staffs, and good breakfast. But need some improvement in renovating all the room coz the room look oldies.",""
"Ashraf","Singapore","Deluxe Double Room With 10% off on Food & Soft Beverage","3 nights ·","December 2023","Couple","Reviewed: 6 December 2023","Good location very polite, friendly staff and big rooms","Very friendly staff at reception, restaurant including the lady at housekeeping, hotel has potential to be top notch if some additional upkeep
And maintenance is done to escalate the vibrancy. Excellent location and big rooms.","Seems to lack vibrancy and quality to be a good class hotel"
"Joydeep","United States","Deluxe Double Room With 10% off on Food & Soft Beverage","1 night ·","July 2023","Solo traveller","Reviewed: 20 July 2023","Superb","Location and staff courtesy","It is not worth the price"
"Aishath","Maldives","Deluxe Suite With 10% off on Food & Soft Beverage","5 nights ·","July 2023","Family","Reviewed: 7 July 2023","Good, but needs some improvement","The hospitality of front desk was absolutely heart warming. Special thanks to Mr. Bala. We stayed in the suite room with a connecting room as my son and my father were both recuperating from surgery. The rooms were super comfortable and very spacious. Being connected to the mall was extremely convenient for us at such a difficult time.","The house keeping staff are very polite, however I think better management and training of house keeping staff would benefit the hotel. We had to keep asking for towels, etc. The worn and stained towels need a change. What really needs an overhaul is the breakfast spread. So limited options! The coffee is awful. Shame to famous Madras filter coffee, really! The serving staff are slow and look fed up. So that part of the stay was a total zero."
"Tinesh","Malaysia","Deluxe Double Room With 10% off on Food & Soft Beverage","2 nights ·","June 2023","Solo traveller","Reviewed: 24 June 2023","Very good","The room was clean. Well maintained.
On of the best hotels i stayed in india.
No regrets",""
"Emma","United Kingdom","Deluxe Double Room With 10% off on Food & Soft Beverage","6 nights ·","May 2023","Group","Reviewed: 3 June 2023","very comfortable, safe stay with helpful stagf","I liked that it felt very safe and secure, I really enjoyed the breakfast, staff were very helpful","a few things in the room were a bit broken, usable but not ideal, for example the electric sockets and the sink."
"Sarker","Bangladesh","Deluxe Double Room With 10% off on Food & Soft Beverage","5 nights ·","May 2023","Family","Reviewed: 17 May 2023","it’s very good apart from breakfast item in the restaurant..","location","Food and restaurant"
"Sindhura","India","Deluxe Double Room With 10% off on Food & Soft Beverage","1 night ·","April 2023","Family","Reviewed: 18 April 2023","Very good","it is having access to the mall which is convenient for shopping movies and fun zones","the mattresses r not comfortable"
"Kamarulzaman","Malaysia","Deluxe Double Room With 10% off on Food & Soft Beverage","3 nights ·","March 2023","Family","Reviewed: 16 April 2023","Good","Breakfast buffet",""
"","","","","","","","","",""
"","","","","","","","","",""
"Paramasivam","Malaysia","Deluxe Double Room With 10% off on Food & Soft Beverage","2 nights ·","March 2023","Couple","Reviewed: 4 March 2023","To expensive","Helpful staff,  very care about our needs","Nothing"
"Kumar","Malaysia","Deluxe Double Room With 10% off on Food & Soft Beverage","3 nights ·","February 2023","Solo traveller","Reviewed: 27 February 2023","Good","The best location for shopping.",""
"Narayanasamy","Singapore","Deluxe Double Room With 10% off on Food & Soft Beverage","1 night ·","February 2023","Family","Reviewed: 13 February 2023","Everything was good, convenient and good location. Only issue is the mosqitoes","Breakfast need more varieties","Mosquitoes"
"Arrasu","Malaysia","Deluxe Double Room With 10% off on Food & Soft Beverage","3 nights ·","February 2023","Couple","Reviewed: 7 February 2023","Very good","The Staff were very courteous and responsive, especially the F&B manager, Mr Deepak.
The location as part of the Mall was very convenient for short term visitors, who wish to avoid Chennai's traffic","a little run down"
"Narayanasamy","Singapore","Deluxe Double Room With 10% off on Food & Soft Beverage","2 nights ·","February 2023","Family","Reviewed: 4 February 2023","Very good","Staff were friendly","Breakfast should have more varities"
"Hiten","India","Deluxe Double Room With 10% off on Food & Soft Beverage","2 nights ·","January 2023","Solo traveller","Reviewed: 17 January 2023","Good Stay experience. Large & comfortable room","the size of the room was pretty large. shower was hot. bed comfortable","limited option for in room dining and at the restaurant. the launch was happening next  week"
"Vilasini","Malaysia","Deluxe Double Room With 10% off on Food & Soft Beverage","4 nights ·","December 2022","Family","Reviewed: 29 December 2022","tolerable but could have been better if not there was peace and the place did not smell unpleasant","Breakfast was okay.  Would have been good if you could have added Appam and some wholemeal buns","The lifts and the corridor was smelly.
It was noisy.. I think on the 2nd day there were a few families with children ... children were making a lot of 
noise and the families had left smelly food and pampers in the corridor... it should have been cleared as when we stepped out in the morning, it smelled very badly.
On the last day, there was a function downstairs and we experienced noise again .
My daughter mattress was sunken"
"R","India","Deluxe Double Room With 10% off on Food & Soft Beverage","2 nights ·","September 2022","Family","Reviewed: 2 December 2022","Very good","Location and ambience is excellent",""
"Suraj","India","Deluxe Double Room With 10% off on Food & Soft Beverage","2 nights ·","November 2022","Family","Reviewed: 29 November 2022","Its best as a business hotel, not for leisure trip.","Excellent location.","Poor breakfast menu. Its not upto mark for a 4 star hotel. Cleaning should be improved, as my kids started sneezing after entering to room."
"Sindhura","India","Deluxe Double Room With 10% off on Food & Soft Beverage","1 night ·","November 2022","Couple","Reviewed: 28 November 2022","Good","it’s near to shopping mall","mattress is not in good condition"
"","","","","","","","","",""
"","","","","","","","","",""
"Muhammad","Singapore","Deluxe Double Room With 10% off on Food & Soft Beverage","4 nights ·","September 2022","Solo traveller","Reviewed: 25 September 2022","It was fairly good","Staff were very pleasant","Room was dusty"
"Shirin","United Arab Emirates","Deluxe Double Room With 10% off on Food & Soft Beverage","3 nights ·","July 2022","Solo traveller","Reviewed: 16 August 2022","A very pleasant and safe stay with polite and helpful staff.","The location adjacent to a huge mall was perfect for me as i could shop and dine at the outlets in the mall.

Breakfast was  a good spread and fresh fruit daily plus fresh juices.

WiFi was great - connected 24/7.  

The hotel gave me a free transfer to the airport to make up for not picking me up on my arrival which was appreciated.

Housekeeping staff very responsive and ready to assist.  Rooms are clean.","I had booked a taxi to pick me up from the airport which was confirmed by the hotel but the driver did not come. So i had to make my way to the hotel at 9 pm in the night in a new city. This was really worrying since i was travelling alone."
"Siridaranandan","Sri Lanka","Deluxe Double Room With 10% off on Food & Soft Beverage","2 nights ·","June 2022","Solo traveller","Reviewed: 4 July 2022","Good","Not impressive breakfast compared to the other hotel plus not opened on stipulated times","The spread"
"Raj1712","India","Deluxe Double Room With 10% off on Food & Soft Beverage","3 nights ·","June 2022","Family","Reviewed: 10 June 2022","Good place to stay in Chennai","Location, staff interaction, room size","Same breakfast everyday"
"Wong","Mauritius","Deluxe Double Room With 10% off on Food & Soft Beverage","1 night ·","May 2022","Family","Reviewed: 7 May 2022","Very good","Spacy room","Water not hot."
"Jayanthan","India","Deluxe Double Room With 10% off on Food & Soft Beverage","3 nights ·","April 2022","Solo traveller","Reviewed: 19 April 2022","pls provide good food for breakfast during my stay I had my breakfast outside even though I was having bed and breakfast","location","food is really bad"
"Narainswamy","India","Deluxe Double Room With 10% off on Food & Soft Beverage","2 nights ·","April 2022","Family","Reviewed: 13 April 2022","Very good","The staff.",""
"Santhosh","India","Deluxe Double Room With 10% off on Food & Soft Beverage","1 night ·","April 2022","Family","Reviewed: 3 April 2022","Good","BREAKFAST NO CHOICE AT ALL. REGRET TAKING ROOM WITH BREAKFAST",""
"Dharvinder","India","Deluxe Double Room With 10% off on Food & Soft Beverage","2 nights ·","March 2022","Couple","Reviewed: 30 March 2022","Good location","Close to mall","Not maintain properly and food is not good"
"Irfana","India","Deluxe Double Room With 10% off on Food & Soft Beverage","4 nights ·","March 2022","Family","Reviewed: 28 March 2022","Pleasant","Could need more attention",""
"","","","","","","","","",""
"","","","","","","","","",""
"Vinay","India","Deluxe Double Room With 10% off on Food & Soft Beverage","1 night ·","March 2022","Family","Reviewed: 20 March 2022","Nice hotel but losing its charm","Great location, comfortable rooms","Restaurant. Breakfast spread not up to the mark. Very less staff. So food delivery took a lot of time."
"O","Chile","Deluxe Double Room With 10% off on Food & Soft Beverage","1 night ·","March 2022","Family","Reviewed: 9 March 2022","Great service but improve in some cleaning","The service from people","the passage of time reflects humidity in some rooms in the bathrooms and it would be highly recommended to clean some upholstery of furniture or chairs because they look dirty."
"Kavinkumaar","India","Deluxe Double Room With 10% off on Food & Soft Beverage","2 nights ·","March 2022","Family","Reviewed: 6 March 2022","Pleasant","Ambiance","Complementry Breakfast is not great"
"Elamana","United Arab Emirates","Deluxe Double Room With 10% off on Food & Soft Beverage","3 nights ·","February 2022","Group","Reviewed: 13 February 2022","not bad, too much price tag","location away from city of my interest 
courteous staff especially at the RESTAURANT","noisy
no sound roof for the rooms
limited options w breakfast"
"Arul","India","Deluxe Double Room With 10% off on Food & Soft Beverage","1 night ·","January 2022","Couple","Reviewed: 29 January 2022","Superb","Nice location","Only veg restaurant"
"Abu","India","Deluxe Double Room With 10% off on Food & Soft Beverage","1 night ·","November 2021","Group","Reviewed: 25 January 2022","It was nice stay and would recommend again.","Room was spacious and breakfast was really good. Also located in the center of city made it really comfortable to travel in and around the city.","Access after midnight was not available and also there was not 24hours support desk. Found really hard to leave the hotel at wee hours.  Couche was uncleaned."
"Muthu","India","Deluxe Double Room With 10% off on Food & Soft Beverage","1 night ·","January 2022","Couple","Reviewed: 2 January 2022","Pleasant","Breakfast was minimal, rooms were good for 3 star, bathroom  faucets looked rusty",""
"Kishore","India","Deluxe Double Room With 10% off on Food & Soft Beverage","2 nights ·","July 2021","Family","Reviewed: 5 August 2021","Very good","Room is good and it's was near to visit my locations.","Very limited options in breakfast, No Soup & non-veg like Omlet/Eggs, 
Tea & coffee are not good
Very limited menu options for Lunch & Dinner also and too expensive"
"Muralidaran","India","Deluxe Double Room With 10% off on Food & Soft Beverage","2 nights ·","March 2021","Family","Reviewed: 25 June 2021","Very good","Rooms are Spacious, excellent location next to ea, breakfast was average","Toiletries could have been better .little dated and not clean in some areas"
"Pankaj","United Arab Emirates","Deluxe Double Room With 10% off on Food & Soft Beverage","5 nights ·","April 2021","Solo traveller","Reviewed: 25 May 2021","Great stay. Will book again and recommend to friends.","Excellent location. The management and staff are absolutely amazing - responsive, professional, helpful and polite.",""
"","","","","","","","","",""
"","","","","","","","","",""
"Shree","India","Deluxe Double Room With 10% off on Food & Soft Beverage","1 night ·","January 2024","Family","Reviewed: 26 February 2024","Location is prime , floor mates all dirty","The location is prime and staff also gd","They won’t clean properly and they won’t change the foot mate really feel bad bcoz I have 1 year kid he always walking in the floor , they wanna upgrade the cleaning services and need to change the floor mate and bathroom mat…"
"Shree","India","Deluxe Double Room With 10% off on Food & Soft Beverage","2 nights ·","August 2023","Family","Reviewed: 11 October 2023","Not bad","Location","Cleaning"
"Shree","India","Deluxe Double Room With 10% off on Food & Soft Beverage","2 nights ·","August 2023","Family","Reviewed: 11 October 2023","Staffs all gd","Location","Cleaning"
"Muralidhara","India","Deluxe Double Room With 10% off on Food & Soft Beverage","2 nights ·","March 2023","Solo traveller","Reviewed: 10 March 2023","will think again about staying here","location","mould an leakages in the reception 
no clearing room service leftover 
no alcohol in the room"
"Marliya","India","Deluxe Double Room With 10% off on Food & Soft Beverage","2 nights ·","February 2023","Couple","Reviewed: 22 February 2023","The stay was over all good experience. but the rooms gcould be more neat. The facilities are very much helpful. The weig","the service and the location. The staffs was very helpful and polite.","Rooms were not tidy enough."
"Anis","United Kingdom","Deluxe Double Room With 10% off on Food & Soft Beverage","1 night ·","August 2022","Family","Reviewed: 2 August 2022","I normally stay this hotel many times  in past pre covid time and hotel use to be very good. this time bit disappointed","Good Location. Nice friendly staff","Hotel rooms need lots of improvements and modernisation."
"Nipuna","Sri Lanka","Deluxe Double Room With 10% off on Food & Soft Beverage","2 nights ·","July 2022","Group","Reviewed: 22 July 2022","Good","it’s comfortable and the fact it’s adjoining EA.","Facilities seem to have run down. The rooms especially bathroom fittings need to be upgraded. it was much better the last time I visited."
"Mohamed","Oman","Deluxe Double Room With 10% off on Food & Soft Beverage","1 night ·","May 2022","Solo traveller","Reviewed: 21 May 2022","Good","Staff hospitality a d hotel location within the mall.","Out dated furniture's."
"Murali","India","Deluxe Double Room With 10% off on Food & Soft Beverage","2 nights ·","February 2022","Solo traveller","Reviewed: 18 February 2022","Good","Location is prime.","Food is pathetic and no timely support from staffs."
"Shazia","India","Deluxe Double Room With 10% off on Food & Soft Beverage","1 night ·","May 2022","Family","Reviewed: 29 May 2022","Pleasant","It was not worth the money. Rooms and bathroom are not up to mark, very old and towels were just 1. Bed is too small. Not even king size and old rooms",""
"","","","","","","","","",""
"","","","","","","","","",""
"Anjum","United States","Deluxe Double Room With 10% off on Food & Soft Beverage","4 nights ·","March 2024","Solo traveller","Reviewed: 8 March 2024","I stay here every year! That should be telling!","I liked the location, the service and the staff attitude. It’s part of a huge mall and in the center of the city. The rooms were very clean and the staff was so courteous, helpful and friendly. This is my impression of the hotel since I started saying here every year for the past 3-4 years. The breakfast buffet is veg and excellent!","I hate that they don’t have an iron in every room. It’s a basic amenity that should be part of every hotel. Also now they do have a gym but it could be much better. However it’s something I prefer not sure that many people look for that."
"Link","Japan","Deluxe Double Room With 10% off on Food & Soft Beverage","4 nights ·","January 2024","Couple","Reviewed: 10 January 2024","Easy and convienice","Convince to the shipping mall",""
"Michael","Australia","Deluxe Double Room With 10% off on Food & Soft Beverage","5 nights ·","December 2023","Family","Reviewed: 27 December 2023","Exceptional","Everything, Breakfast was good, staff were excellent","Nothing"
"Cheetamun","Mauritius","Deluxe Double Room With 10% off on Food & Soft Beverage","3 nights ·","November 2023","Couple","Reviewed: 8 November 2023","Passable","""I recently stayed at E Hotel and had an absolutely fantastic experience. From the moment I walked in, I was impressed by the warm and welcoming atmosphere. The staff went above and beyond to make my stay comfortable and memorable.",""
"Vijay","India","Deluxe Double Room With 10% off on Food & Soft Beverage","1 night ·","March 2023","Family","Reviewed: 2 March 2023","Exceptional","Location,,cleanliness,,good staff,,breakfast was excellent","Gym not functional"
"Vijay","United States","Deluxe Double Room With 10% off on Food & Soft Beverage","1 night ·","February 2023","Solo traveller","Reviewed: 21 February 2023","Exceptional","Best for vegetarian",""
"Ruth","United Kingdom","Deluxe Double Room With 10% off on Food & Soft Beverage","2 nights ·","January 2023","Group","Reviewed: 16 February 2023","The desk staff go out of their way to help you.  We really enjoyed our 3 visits in Jan/Feb","The staff are lovely and very helpful.  We always enjoy staying here.  It is safe and you can walk directly into the mall without having to cross dangerous roads.  It is air conditioned and there is a food hall at the top.",""
"Omkar","India","Deluxe Double Room With 10% off on Food & Soft Beverage","1 night ·","February 2023","Family","Reviewed: 14 February 2023","Could have been better but was not bad !!!","the location and vicinity to the mall","we booked the room from booking.com for 2 adults and 1 child we were told that we can provide only 2 towels finally we got the towels but you do not expect some thing like this on your leisure trip when you are with your family"
"Ahmed","Malaysia","Deluxe Double Room With 10% off on Food & Soft Beverage","6 nights ·","January 2023","Family","Reviewed: 2 February 2023","Thank you Ehotel for the wonderful hospitality. This is a great hotel with you beloved family","Everything was perfect.","nothing"
"Sachin","India","Deluxe Double Room With 10% off on Food & Soft Beverage","2 nights ·","November 2022","Solo traveller","Reviewed: 15 November 2022","Great stay with pure vegetarian food","The location is really good. After business meetings, you are relax and enjoy the mall area.","One way traffic out side the hotel. It is really difficult to reach hotel. One has to take a long round to reach hotel gate or you have to walk."
"","","","","","","","","",""
"","","","","","","","","",""
"Shamsuzzaman","Bangladesh","Deluxe Double Room With 10% off on Food & Soft Beverage","4 nights ·","October 2022","Family","Reviewed: 20 October 2022","excellent","excellent","all ok"
"Vipul","India","Deluxe Double Room With 10% off on Food & Soft Beverage","1 night ·","August 2022","Couple","Reviewed: 19 August 2022","Best Hotel in Chennai (Must Stay)","Everything was excellent and awesome at the hotel. The staff was so helpful and courteous that they even changed my room since it was smelling cigarettes in the room allocated to me.

Location is superb as its located just behind Express Ave Mall so it's very convenient for people to shop around 

Rooms were spacious and comfortable. Pillows were very soft.

They even picked up my dinner that I ordered from McDonald's.

Breakfast was awesome but lacked variety. I would still rate it 8/10","Nothing to mention."
"Muneeswaran","India","Deluxe Double Room With 10% off on Food & Soft Beverage","1 night ·","June 2022","Solo traveller","Reviewed: 4 July 2022","Excellent","I like the room But u have to add the mini bar in room.","Only veg menu, add non veg menu also"
"Akhaury","India","Deluxe Double Room With 10% off on Food & Soft Beverage","2 nights ·","April 2022","Couple","Reviewed: 25 April 2022","Perfect stay!","Breakfast: excellent
Location: excellent
Room: Quite and comfortable
Staff: Friendly","Nothing as such"
"Veronica","Mexico","Deluxe Double Room With 10% off on Food & Soft Beverage","2 nights ·","February 2022","Group","Reviewed: 31 March 2022","My fav hotel in Chennai","The best location ever, the best service everyone made me feel like home and treat me very well, the locationn is great and the hotel has access to the mall so its easy to get there.",""
"Deepu","India","Deluxe Double Room With 10% off on Food & Soft Beverage","1 night ·","March 2022","Family","Reviewed: 28 March 2022","It was a good leisure stay.","Excellent hospitality, value for money .","Outside food was not delivered to room. Maybe that can be improved."
"Madhan","India","Deluxe Double Room With 10% off on Food & Soft Beverage","2 nights ·","July 2021","Family","Reviewed: 22 August 2021","Exceptional","Staff name ramesh very bad attitude",""
"Aneeth","India","Deluxe Double Room With 10% off on Food & Soft Beverage","1 night ·","August 2021","Solo traveller","Reviewed: 5 August 2021","STAY at its best","Shopping mall connected with our stay.. something really interesting..","Enjoyed the stay.."
"Parveen","Bangladesh","Deluxe Double Room With 10% off on Food & Soft Beverage","1 night ·","January 2024","Family","Reviewed: 30 January 2024","It was comfortable & clean. The stuffs were so professional and cordial. Happy and satisfying stay.","The comfort & the facilities","Rate is getting higher"
"Balasubramaniam","New Zealand","Deluxe Suite With 10% off on Food & Soft Beverage","4 nights ·","November 2023","Solo traveller","Reviewed: 1 December 2023","Facilities and services need upgrading","Can just walk into Express Avenue.","The hotel services need to improve. They need to make sure the room facilities are up to date before customers walk in. Lifts run too slow. No facilities for non-vegetarians! Don’t book when there is a weeding! At present a little more than an average hotel."
"","","","","","","","","",""
"","","","","","","","","",""
"Mohamed","Sri Lanka","Deluxe Double Room With 10% off on Food & Soft Beverage","4 nights ·","June 2023","Group","Reviewed: 10 June 2023","Moreover, the hotel staff's exceptional service made our stay even more memorable.","Good satisfied happy","staff environment clean"
"Agastya","India","Deluxe Double Room With 10% off on Food & Soft Beverage","2 nights ·","May 2023","Solo traveller","Reviewed: 30 May 2023","Very poor","discourteous manager - did not allow my guest to come up to freshen up also for sometime .",""
"Nawal","Singapore","Deluxe Double Room With 10% off on Food & Soft Beverage","1 night ·","May 2023","Couple","Reviewed: 7 May 2023","highly customer service oriented decent hotel","the staff - too much of service oriented . that made up for somewhat below the expectations in terms of general cleanliness .","for me it is fine as am vegetarian. but someone who wants to egg non veg including eggs , could be in for some surprise as the dining was all vegetarian. no complaints as far as we are concerned and we were fine with that , but for some that could matter"
"Lalit","India","Deluxe Double Room With 10% off on Food & Soft Beverage","2 nights ·","April 2023","Group","Reviewed: 21 April 2023","","This review has been hidden because it doesn't meet our guidelines.",""
"Gerard-melody","India","Deluxe Double Room With 10% off on Food & Soft Beverage","4 nights ·","January 2023","Family","Reviewed: 10 January 2023","Location & overall comfort of the facility was good, couple of things were disappointing","Breakfast was good. However on the first day we noticed a dead cockroach on the floor of the dining area. I brought it to the attention of the female staff, who showed her fright rather than being more professional and saying that she will get someone to take care of it.","The card given to us to enter our room didn’t always work. Had to get it charged a couple of times. This was quite inconvenient as a couple of times we needed to enter and leave in a hurry, but the card not working delayed us quite a bit! When brought to the attention of the reception staff, they were not apologetic but rather tried to put the blame on us by saying we should not store the card near our mobile phone. We did not store it near our phones. Even if we did, this was not brought to our attention when we checked in."
"Ramji","United Arab Emirates","Deluxe Double Room With 10% off on Food & Soft Beverage","6 nights ·","July 2022","Solo traveller","Reviewed: 6 July 2022","Expected a lot more esp. on the basics. that you take for granted with hotels in this category.","Friendly staff and good house keeping","Having international power sockets in the room is very basic requirement.
The reluctance of the one of the front office to arrange a courier was a shocker !  Eventually done with a lot of insistence 
Limited breakfast and food options
Safe was not working !"
"Debolina","India","Deluxe Double Room With 10% off on Food & Soft Beverage","2 nights ·","December 2021","Family","Reviewed: 31 December 2021","","This review has been hidden because it doesn't meet our guidelines.",""
"Bibin","United Arab Emirates","Deluxe Double Room With 10% off on Food & Soft Beverage","2 nights ·","January 2024","Group","Reviewed: 28 January 2024","Not at all worth for the money paid Rs24700 for 2 days","Connected to express avenue mall","After checkin,Receptionist didn’t say anything abt balance rs330 something.when asked he said he doesn’t have change.room was small with the sliding door to bathroom unable to close properly.there was no face towel or tooth brush or toothpaste kept in bathroom.got tooth brush and paste when requested.the two bath towels kept in the bathroom looked old and not fresh.we had paid for extra bed and the sheet given to cover was a duvet cover.at night felt like something was crawling on face and noticed that it was the velcro of the duvet cover.ironing board sheet was torn. We got a much better service and neat room for the rs3700 that we paid for our stay at kancheepuram paradise hotel."
"Naushad","Switzerland","Deluxe Double Room With 10% off on Food & Soft Beverage","3 nights ·","August 2023","Family","Reviewed: 31 August 2023","Very poor","Mall","Smiling in side the lift"
"Sameer","Uganda","Deluxe Double Room With 10% off on Food & Soft Beverage","3 nights ·","August 2023","Couple","Reviewed: 29 August 2023","Renovate your rooms","the rooms were old, did not meet our expectations.",""
"","","","","","","","","",""
"","","","","","","","","",""
"Anbarasu","United Kingdom","Deluxe Double Room With 10% off on Food & Soft Beverage","2 nights ·","August 2023","Couple","Reviewed: 7 August 2023","totally not value for money and waste of time to travel from airport","Breakrast was too basic options were very limited
location too cramp
staff could not understand simple tamil words","food was very basic for a 4star hotel
no selection
continental selection was totally waste
drinks was another embaressment"
"Srinivasan","United Kingdom","Deluxe Double Room With 10% off on Food & Soft Beverage","1 night ·","August 2023","Family","Reviewed: 7 August 2023","Nice location but not clean room (tabs and bulbs were not up to standard)","Morning breakfast and the location","Light bulbs were flickering and no cleaning done during my visit. Not kept tidy at the time of checkin or after. Just adjusted with what has been provided. Could be done much more better"
"Maneesh","India","Deluxe Double Room With 10% off on Food & Soft Beverage","2 nights ·","December 2022","Family","Reviewed: 12 December 2022","Passable","Location.
Courteous staff","Noise from other rooms was too high beyond acceptable 
The fixtures were simply not maintained well at all
One could feel the springs in the mattress (may be time to change the mattresses."
"Ranga","India","Deluxe Double Room With 10% off on Food & Soft Beverage","2 nights ·","July 2022","Group","Reviewed: 6 August 2022","Just don't fall for the hotel location, worst rooms and maintenance.","Worst maintenance of the Rooms, bad housekeeping, dirty bed sheets, and towels. Towels had all yellow and black spots, though we requested to change them twice. Uncleaned washrooms and showers. The sofas and chairs have all black spots and are dirty. Couldn't take it for the two-day stay in those rooms and couldn't expect that kind of room in a ""Named"" good hotel. I wouldn't recommend it to anyone.",""
"bij","India","Deluxe Suite With 10% off on Food & Soft Beverage","1 night ·","June 2022","Family","Reviewed: 6 June 2022","Location Good. Needs improvement.","Centrally located in EA mall.
Well connected to the city.
Clean bathrooms..
Bed comfy.
Good veg Breakfast","Rooms show age.
Insects in room.
Needs pest control.
Room 415.
Pure Veg hotel."
"Senthilkumar","Oman","Deluxe Double Room With 10% off on Food & Soft Beverage","1 night ·","May 2022","Family","Reviewed: 8 May 2022","Overall, the service and cleanliness are disappointing.","Location and Air Condition of the room","Breakfast was very bad. Service at the restaurant was the worst. Extra bedding was too shabby and horrible. This is the third time I stayed in this hotel. I will not stay again in this hotel."
"Hitesh","India","Deluxe Double Room With 10% off on Food & Soft Beverage","1 night ·","February 2022","Family","Reviewed: 9 February 2022","Passable","Location of the hotel is good.","Too noisy. There was a wedding going on.. There was to peace in the night even till 1:30 am. Then I had to go and shout at the neibhours."
"Barathan","India","Deluxe Double Room With 10% off on Food & Soft Beverage","1 night ·","January 2022","Solo traveller","Reviewed: 7 January 2022","expensive","it’s a simple hotel","broken shower . room smelled bad"
"Dilip","India","Deluxe Double Room With 10% off on Food & Soft Beverage","5 nights ·","December 2021","Family","Reviewed: 14 December 2021","regret staying thre","location","reception poor room service poor"
"Shubhaa","India","Deluxe Double Room With 10% off on Food & Soft Beverage","1 night ·","December 2021","Couple","Reviewed: 9 December 2021","Poor","It's n heart of the city 
Easy access to any location like railway station , wedding halls and hospital.","Too expensive for the cost. Poor maintenance.  No staffs avaliable aftr 11p.m either n reception or house keeping."
"","","","","","","","","",""
"","","","","","","","","",""
"Prathiba","India","Deluxe Double Room With 10% off on Food & Soft Beverage","3 nights ·","March 2024","Family","Reviewed: 30 March 2024","Won’t be coming back. Been considering this hotel as my go to place since 10 years. No more.","Accessibility to the mall.","Maintenance. Breakfast options have become less appealing. There are cockroaches in the hotel room, used band aids.. no cleaning? Bathroom door got stuck. Hardware is falling out. No tissues in the room."
"Gani","India","Deluxe Double Room With 10% off on Food & Soft Beverage","2 nights ·","March 2024","Family","Reviewed: 17 March 2024","Worst","Room service bad","Dinning late"
"Mithradevi","India","Deluxe Double Room With 10% off on Food & Soft Beverage","1 night ·","September 2023","Couple","Reviewed: 26 October 2023","Very bad expereince","Staff Impolite",""
"Gagalani","India","Deluxe Double Room With 10% off on Food & Soft Beverage","1 night ·","September 2023","Family","Reviewed: 20 September 2023","Very poor","Nothing.","The corridor was smelly.. the bathroom door was semi-transparent, not comfortable to use with guests around. No options in the breakfast buffet. The bedsheet was dirty. Camera right outside our room and the direction of the camera was not clear,, so not sure if we had privacy. Couldn't open the curtains cos of this. 
Staff were very meh and didn't care."
"Suman","Malaysia","Deluxe Double Room With 10% off on Food & Soft Beverage","2 nights ·","January 2023","Couple","Reviewed: 28 January 2023","I will not value for money","The location","They need upgrade on cleaning"
"Mathan","Switzerland","Deluxe Double Room With 10% off on Food & Soft Beverage","1 night ·","November 2022","Family","Reviewed: 9 December 2022","Good location if you want to go for shopping In express avenue. very bad in cleaning and facilities","location to express avenue mall","cleaning. very dirty smell towels are not clean bedsheets are very old. toilet and bathrooms are very smelly"
"Mathan","Switzerland","Deluxe Double Room With 10% off on Food & Soft Beverage","5 nights ·","November 2022","Family","Reviewed: 9 December 2022","good location, not clean and very dirty smell, towels and bedsheets are very old","only location is good if you want to go for shopping in Express avenue mall","not clean enough for the charges. very dirty smell and towels are not clean at all."
"Emmanuelle","Seychelles","Deluxe Double Room With 10% off on Food & Soft Beverage","2 nights ·","February 2022","Family","Reviewed: 3 February 2022","Bad","Nothing, possibly maybe the location being near a mall.","I am travelling with my partner and my mother. We had booked this hotel for 15nights. Our flight arrived at 3am, which we had informed the hotel in advance. We arrived at the hotel and it was all dark and after a while someone woke up from behind the reception. We got to our room at around 4.30am. 
Immediately after opening the room, we noticed there was a smell. The room was stuffy, and actually abit dirty.  It looks like the room had not been cleaned. The bed linen was dirty. The water in the toilet in the toilet was brown. After flushing a few times it became abit clearer. 
The walls were darkened with moisture, assuming this is what the smell was from. 
The corridors had really bad sewage smell. 
In the morning, the restaurant called up at 9 saying that they were asking all clients to have breakfast in the room. 
Breakfast menu had 1 fruit (papaya) and watermelon juice was the only juice available.  
No eggs or similar options for breakfast. 
We checked out on the same day."
"Mahesh","India","Deluxe Double Room With 10% off on Food & Soft Beverage","1 night ·","June 2023","Solo traveller","Reviewed: 24 June 2023","Disappointing","Checkin and wifi - very bad",""
"Anonymous","Australia","Deluxe Double Room With 10% off on Food & Soft Beverage","3 nights ·","November 2023","Couple","Reviewed: 20 November 2023","Good","Good","Good"
"","","","","","","","","",""
"","","","","","","","","",""
"Anonymous","Bangladesh","Deluxe Double Room With 10% off on Food & Soft Beverage","4 nights ·","June 2023","Family","Reviewed: 16 June 2023","Superb","Hotel suited a very good location
and staffs are very cooperative.
and helpful.","If its 4star hotel then all type of food should be allowed."
"Anonymous","Singapore","Deluxe Double Room With 10% off on Food & Soft Beverage","2 nights ·","June 2022","Family","Reviewed: 25 June 2022","Very good","good location within the shopping mall",""
"Manju","Sri Lanka","Deluxe Double Room With 10% off on Food & Soft Beverage","2 nights ·","March 2024","Family","Reviewed: 3 April 2024","Alles war toll","Direkt zum Mall","Hotel preis war täglich unterschiedlich nach Auskunft von Personal"
"Judith","Germany","Deluxe Double Room With 10% off on Food & Soft Beverage","2 nights ·","March 2024","Family","Reviewed: 16 March 2024","Luxuriöses Hotel in Chennai :)","Die Zimmer waren sehr komfortabel und besonders das Frühstück war sehr lecker :)","Gar nichts."
"Georg","Germany","Deluxe Double Room With 10% off on Food & Soft Beverage","4 nights ·","February 2023","Solo traveller","Reviewed: 7 February 2023","Superb","Sehr freundliches Personal und ein sehr gutes Frühstück.",""
"Laure","France","Deluxe Double Room With 10% off on Food & Soft Beverage","1 night ·","February 2023","Couple","Reviewed: 3 February 2023","Good","Chambre très grande,prête avant l’heure prévue.
Restaurant végétarien très bon.","Une seule serviette en arrivant."
"Janick","Reunion","Deluxe Double Room With 10% off on Food & Soft Beverage","1 night ·","January 2023","Couple","Reviewed: 1 February 2023","Good","Personnel aidant qui nous a trouvé un très bon guide francophone",""
"Измайлова","Russia","Deluxe Double Room With 10% off on Food & Soft Beverage","1 night ·","March 2022","Group","Reviewed: 12 April 2022","Superb","Заселялись ночью, персонал обходителен, подняли багаж. 
Номер и вид из него чудесный, полностью укомплектован. Кровать отдельное блаженство после долгой дороги.
Если честно, не ожидала такого высокого уровня от отеля. Красивый интерьер. 
Прекрасный завтрак, даже мне вегану нашлось что поесть. Рекомендую!","Попросили заказать такси, на определённое время. Проходит время машины нет. Уточняю где такси говорят не вызвали я ведь просто спросила 😜
Машину оперативно нашли, я в гневе страшна, да и администратор старший подключился 🤣"
"Darth19","India","Deluxe Double Room With 10% off on Food & Soft Beverage","1 night ·","April 2021","Solo traveller","Reviewed: 16 April 2021","Good","Завтрак индийский. Расположение хорошее, рядом магазины европейского типа. Почему-то беда с квитанцией. Чеки дали, а распечатку - нет.",""
"Mariana","Brazil","Deluxe Double Room With 10% off on Food & Soft Beverage","2 nights ·","January 2024","Group","Reviewed: 22 March 2024","Adoro me hospedar no EHotel","Ótima localização, quarto ótimo, café da manhã e restaurante deliciosos.",""
"","","","","","","","","",""
"","","","","","","","","",""
"Ahmad","United Arab Emirates","Deluxe Suite With 10% off on Food & Soft Beverage","3 nights ·","March 2024","Family","Reviewed: 14 March 2024","شكراً للعاملين في هذا الفندق","مكان هاديء وقريب من المول وسعره ممتاز","لايوجد مطعم يقدم الوجبات العربية والشرقية"
"Iryna","Germany","Deluxe Double Room With 10% off on Food & Soft Beverage","1 night ·","February 2024","Couple","Reviewed: 2 February 2024","Ich komme auf jeden Fall wieder.","Sehr schönes Hotel. Die Lage ist zentral. Das Hotel befindet sich im Einkaufszentrum. Das Hotel ist sehr sauber und gemütlich. Das Personal sehr freundlich und stets bemüht. Das Frühstück war lecker.","Klare weiter Empfehlung."
"Acione","Brazil","Deluxe Double Room With 10% off on Food & Soft Beverage","2 nights ·","March 2022","Group","Reviewed: 13 March 2022","Exceptional","Variedade no café da manha. Ter banheiro separado do chuveiro. Estar dentro do shoping.",""
"Carmem","Brazil","Deluxe Double Room With 10% off on Food & Soft Beverage","2 nights ·","February 2023","Group","Reviewed: 28 February 2023","boa e resolutiva","Hotel com perfil internacional não muito
indiano","Cade da manhã fraco"
"Pablo","Spain","Deluxe Double Room With 10% off on Food & Soft Beverage","3 nights ·","April 2022","Solo traveller","Reviewed: 25 April 2022","Passable","la ubicación, adjunto a un centro comercial","hotel viejo y solo opciones veganas en el desayuno"
"Владимир","Russia","Deluxe Double Room With 10% off on Food & Soft Beverage","2 nights ·","March 2022","Group","Reviewed: 29 March 2022","Завтрак отличный. Все понравилось","Место расположение. Без выхода на улицу сразу переход в торговый центр. Вежливый и отзывчивый персонал. Номер соответствовал ожиданиям.","В номере не хватало гладильной доски и халатов. Тапочки была одна пара. А надо было две."
"Nelly","Reunion","Deluxe Double Room With 10% off on Food & Soft Beverage","2 nights ·","December 2022","Couple","Reviewed: 14 January 2023","séjour agréable","L’emplacement 
Le mall 
Le personnel","Établissement ancien qui mérite meilleure maintenance 
Pour le prix, l’hôtel aurait besoin de rafraîchissement et d’un bon nettoyage"
"Paula","Chile","Deluxe Double Room With 10% off on Food & Soft Beverage","3 nights ·","February 2022","Group","Reviewed: 27 February 2022","decepcionada","el personal muy amable, cama cómoda, la ubicación dentro del
centro comercial","al llegar había ropa interior sucia en el piso de la habitación, que da cuenta que no son nada cuidadoso con la limpieza, pedimos lavado de ropa, la ropa blanca nueva la entregaron percudida, ropa con la misma suciedad, y no entregaron completamente toda la ropa solicitada, tuvimos que ir a pedir que nos entregaran."
"Anish","India","Deluxe Double Room With 10% off on Food & Soft Beverage","1 night ·","February 2024","Family","Reviewed: 27 February 2024","Good","There are no comments available for this review",""
"Shirur","India","Deluxe Double Room With 10% off on Food & Soft Beverage","1 night ·","October 2023","Family","Reviewed: 13 December 2023","Very good","There are no comments available for this review",""
"","","","","","","","","",""
"","","","","","","","","",""
"Rushabh","India","Deluxe Double Room With 10% off on Food & Soft Beverage","1 night ·","October 2023","Solo traveller","Reviewed: 13 November 2023","Very good","There are no comments available for this review",""
"Gangamah","Mauritius","Deluxe Double Room With 10% off on Food & Soft Beverage","4 nights ·","October 2023","Family","Reviewed: 4 November 2023","Good","There are no comments available for this review",""
"Raghul","India","Deluxe Suite With 10% off on Food & Soft Beverage","1 night ·","August 2023","Family","Reviewed: 29 August 2023","Very good","There are no comments available for this review",""
"Shiva","India","Deluxe Double Room With 10% off on Food & Soft Beverage","1 night ·","May 2023","Family","Reviewed: 21 July 2023","Superb","There are no comments available for this review",""
"Kumar","India","Deluxe Double Room With 10% off on Food & Soft Beverage","2 nights ·","July 2023","Family","Reviewed: 10 July 2023","Superb","There are no comments available for this review",""
"Mohamed","Sri Lanka","Deluxe Double Room With 10% off on Food & Soft Beverage","4 nights ·","June 2023","Group","Reviewed: 4 July 2023","Superb","There are no comments available for this review",""
"Archit","India","Deluxe Double Room With 10% off on Food & Soft Beverage","2 nights ·","May 2023","Family","Reviewed: 30 June 2023","Superb","There are no comments available for this review",""
"Sivasailam","India","Deluxe Double Room With 10% off on Food & Soft Beverage","2 nights ·","June 2023","Family","Reviewed: 24 June 2023","Superb","There are no comments available for this review",""
"Sivakumar","India","Deluxe Double Room With 10% off on Food & Soft Beverage","3 nights ·","May 2023","Couple","Reviewed: 22 June 2023","Very good","There are no comments available for this review",""
"Manzoor","India","Deluxe Double Room With 10% off on Food & Soft Beverage","2 nights ·","May 2023","Solo traveller","Reviewed: 21 June 2023","Very good","There are no comments available for this review",""
"","","","","","","","","",""
"","","","","","","","","",""
"Jujan","India","Deluxe Double Room With 10% off on Food & Soft Beverage","1 night ·","May 2023","Group","Reviewed: 6 May 2023","Very good","There are no comments available for this review",""
"Biplob","Bangladesh","Deluxe Double Room With 10% off on Food & Soft Beverage","5 nights ·","April 2023","Family","Reviewed: 28 April 2023","Superb","There are no comments available for this review",""
"Varshana","Mauritius","Deluxe Double Room With 10% off on Food & Soft Beverage","3 nights ·","February 2023","Family","Reviewed: 6 February 2023","Superb","There are no comments available for this review",""
"Liz","Canada","Deluxe Double Room With 10% off on Food & Soft Beverage","2 nights ·","February 2023","Group","Reviewed: 3 February 2023","Superb","There are no comments available for this review",""
"Deepu","India","Deluxe Double Room With 10% off on Food & Soft Beverage","2 nights ·","January 2023","Couple","Reviewed: 30 January 2023","Superb","There are no comments available for this review",""
"Coolguyz","India","Deluxe Double Room With 10% off on Food & Soft Beverage","1 night ·","January 2023","Group","Reviewed: 11 January 2023","Superb","There are no comments available for this review",""
"Aafrin","India","Deluxe Suite With 10% off on Food & Soft Beverage","1 night ·","December 2022","Family","Reviewed: 1 January 2023","Superb","There are no comments available for this review",""
"Balmick","Mauritius","Deluxe Double Room With 10% off on Food & Soft Beverage","5 nights ·","December 2022","Couple","Reviewed: 27 December 2022","Superb","There are no comments available for this review",""
"Augustine","United Arab Emirates","Deluxe Double Room With 10% off on Food & Soft Beverage","2 nights ·","December 2022","Solo traveller","Reviewed: 16 December 2022","pleasant stay","There are no comments available for this review",""
"Raghul","India","Deluxe Double Room With 10% off on Food & Soft Beverage","1 night ·","November 2022","Family","Reviewed: 24 November 2022","Superb","There are no comments available for this review",""
"","","","","","","","","",""
"","","","","","","","","",""
"Jaiganesh","India","Deluxe Double Room With 10% off on Food & Soft Beverage","4 nights ·","November 2022","Couple","Reviewed: 11 November 2022","Very good","There are no comments available for this review",""
"Mohammed","India","Deluxe Double Room With 10% off on Food & Soft Beverage","3 nights ·","August 2022","Group","Reviewed: 6 November 2022","Very good","There are no comments available for this review",""
"Frederique","France","Deluxe Double Room With 10% off on Food & Soft Beverage","1 night ·","October 2022","Solo traveller","Reviewed: 13 October 2022","Superb","There are no comments available for this review",""
"Govinda","Singapore","Deluxe Double Room With 10% off on Food & Soft Beverage","2 nights ·","September 2022","Couple","Reviewed: 10 October 2022","Very good","There are no comments available for this review",""
"Vivek","Sweden","Deluxe Double Room With 10% off on Food & Soft Beverage","1 night ·","September 2022","Solo traveller","Reviewed: 15 September 2022","Pleasant","There are no comments available for this review",""
"Fatin","India","Deluxe Double Room With 10% off on Food & Soft Beverage","2 nights ·","September 2022","Group","Reviewed: 11 September 2022","Superb","There are no comments available for this review",""
"Abdulhameed","Saudi Arabia","Deluxe Double Room With 10% off on Food & Soft Beverage","1 night ·","August 2022","Family","Reviewed: 22 August 2022","Superb","There are no comments available for this review",""
"Elavendgan","India","Deluxe Double Room With 10% off on Food & Soft Beverage","1 night ·","June 2022","Family","Reviewed: 5 June 2022","Very good","There are no comments available for this review",""
"Pranesh","India","Deluxe Suite With 10% off on Food & Soft Beverage","4 nights ·","March 2022","Family","Reviewed: 24 April 2022","Superb","There are no comments available for this review",""
"Irfanahamed","United Arab Emirates","Deluxe Double Room With 10% off on Food & Soft Beverage","2 nights ·","March 2022","Family","Reviewed: 27 March 2022","Very good","There are no comments available for this review",""
"","","","","","","","","",""
"","","","","","","","","",""
"Aditya","India","Deluxe Double Room With 10% off on Food & Soft Beverage","1 night ·","March 2022","Group","Reviewed: 25 March 2022","Very good","There are no comments available for this review",""
"Sathrian","India","Deluxe Double Room With 10% off on Food & Soft Beverage","1 night ·","September 2021","Couple","Reviewed: 3 December 2021","Very good","There are no comments available for this review",""
"Jayanthan","India","Deluxe Double Room With 10% off on Food & Soft Beverage","6 nights ·","October 2021","Solo traveller","Reviewed: 3 November 2021","Superb","There are no comments available for this review",""
"Sathrian","India","Deluxe Double Room With 10% off on Food & Soft Beverage","1 night ·","October 2021","Couple","Reviewed: 12 October 2021","Very good","There are no comments available for this review",""
"P","Sri Lanka","Deluxe Double Room With 10% off on Food & Soft Beverage","2 nights ·","October 2021","Couple","Reviewed: 11 October 2021","Very good","There are no comments available for this review",""
"Rajaa","India","Deluxe Double Room With 10% off on Food & Soft Beverage","2 nights ·","September 2021","Family","Reviewed: 26 September 2021","Superb","There are no comments available for this review",""
"Haniel","Netherlands","Deluxe Double Room With 10% off on Food & Soft Beverage","1 night ·","August 2021","Family","Reviewed: 19 August 2021","Superb","There are no comments available for this review",""
"Prasad","India","Deluxe Double Room With 10% off on Food & Soft Beverage","2 nights ·","July 2021","Family","Reviewed: 28 July 2021","Superb","There are no comments available for this review",""
"Sabeel","India","Deluxe Double Room With 10% off on Food & Soft Beverage","1 night ·","February 2024","Couple","Reviewed: 15 February 2024","Good","There are no comments available for this review",""
"Shailesh","India","Deluxe Double Room With 10% off on Food & Soft Beverage","1 night ·","January 2024","Family","Reviewed: 31 January 2024","Very good","There are no comments available for this review",""
"","","","","","","","","",""
"","","","","","","","","",""
"Natarajan","United Arab Emirates","Deluxe Double Room With 10% off on Food & Soft Beverage","2 nights ·","December 2023","Family","Reviewed: 2 January 2024","Very good","There are no comments available for this review",""
"Shirish","India","Deluxe Double Room With 10% off on Food & Soft Beverage","3 nights ·","September 2023","Family","Reviewed: 7 October 2023","Very good","There are no comments available for this review",""
"Vinodh","Singapore","Deluxe Double Room With 10% off on Food & Soft Beverage","6 nights ·","September 2023","Family","Reviewed: 29 September 2023","Very good","There are no comments available for this review",""
"Manikandan","Netherlands","Deluxe Double Room With 10% off on Food & Soft Beverage","1 night ·","August 2023","Family","Reviewed: 31 August 2023","Superb","There are no comments available for this review",""
"Kumar","Malaysia","Deluxe Double Room With 10% off on Food & Soft Beverage","4 nights ·","July 2023","Family","Reviewed: 27 August 2023","Very good","There are no comments available for this review",""
"Asmath","United Kingdom","Deluxe Double Room With 10% off on Food & Soft Beverage","2 nights ·","August 2023","Family","Reviewed: 25 August 2023","Superb","There are no comments available for this review",""
"Pandey","India","Deluxe Double Room With 10% off on Food & Soft Beverage","3 nights ·","August 2023","Family","Reviewed: 2 August 2023","Very good","There are no comments available for this review",""
"Deepa","United Arab Emirates","Deluxe Double Room With 10% off on Food & Soft Beverage","3 nights ·","July 2023","Family","Reviewed: 15 July 2023","Very good","There are no comments available for this review",""
"Aishath","Maldives","Deluxe Double Room With 10% off on Food & Soft Beverage","5 nights ·","July 2023","Family","Reviewed: 10 July 2023","Very good","There are no comments available for this review",""
"J","India","Deluxe Double Room With 10% off on Food & Soft Beverage","3 nights ·","May 2023","Family","Reviewed: 14 June 2023","Good","There are no comments available for this review",""
"","","","","","","","","",""
"","","","","","","","","",""
"Kayalvizhi","India","Deluxe Double Room With 10% off on Food & Soft Beverage","1 night ·","June 2023","Couple","Reviewed: 14 June 2023","Superb","There are no comments available for this review",""
"Kamil","Sri Lanka","Deluxe Double Room With 10% off on Food & Soft Beverage","6 nights ·","May 2023","Couple","Reviewed: 31 May 2023","Very good","There are no comments available for this review",""
"Balaji","Qatar","Deluxe Double Room With 10% off on Food & Soft Beverage","1 night ·","April 2023","Couple","Reviewed: 24 May 2023","Superb","There are no comments available for this review",""
"Irfanahamed","United Arab Emirates","Deluxe Double Room With 10% off on Food & Soft Beverage","1 night ·","May 2023","Family","Reviewed: 23 May 2023","Very good","There are no comments available for this review",""
"Muna","United Arab Emirates","Deluxe Double Room With 10% off on Food & Soft Beverage","12 nights ·","May 2023","Couple","Reviewed: 15 May 2023","Very good","There are no comments available for this review",""
"Jahidur","Bangladesh","Deluxe Double Room With 10% off on Food & Soft Beverage","3 nights ·","February 2023","Couple","Reviewed: 13 May 2023","Good","There are no comments available for this review",""
"Sujaidha","Maldives","Deluxe Double Room With 10% off on Food & Soft Beverage","8 nights ·","May 2023","Family","Reviewed: 2 May 2023","Very good","There are no comments available for this review",""
"Kapila","Sri Lanka","Deluxe Double Room With 10% off on Food & Soft Beverage","2 nights ·","April 2023","Group","Reviewed: 24 April 2023","Good","There are no comments available for this review",""
"Rajkumar","India","Deluxe Double Room With 10% off on Food & Soft Beverage","1 night ·","March 2023","Couple","Reviewed: 25 March 2023","Good","There are no comments available for this review",""
"Muralidhara","India","Deluxe Double Room With 10% off on Food & Soft Beverage","3 nights ·","February 2023","Solo traveller","Reviewed: 10 March 2023","Good","There are no comments available for this review",""
"","","","","","","","","",""
"","","","","","","","","",""
"R","India","Deluxe Suite With 10% off on Food & Soft Beverage","1 night ·","March 2023","Solo traveller","Reviewed: 4 March 2023","Very good","There are no comments available for this review",""
"Salam","Singapore","Deluxe Double Room With 10% off on Food & Soft Beverage","5 nights ·","January 2023","Family","Reviewed: 29 January 2023","Superb","There are no comments available for this review",""
"R","India","Deluxe Double Room With 10% off on Food & Soft Beverage","1 night ·","December 2022","Family","Reviewed: 26 January 2023","Good","There are no comments available for this review",""
"Abdul","India","Deluxe Double Room With 10% off on Food & Soft Beverage","1 night ·","January 2023","Family","Reviewed: 24 January 2023","Good","There are no comments available for this review",""
"Naleem","Sri Lanka","Deluxe Double Room With 10% off on Food & Soft Beverage","2 nights ·","January 2023","Solo traveller","Reviewed: 7 January 2023","Superb","There are no comments available for this review",""
"Yokanathan","Singapore","Deluxe Double Room With 10% off on Food & Soft Beverage","3 nights ·","December 2022","Family","Reviewed: 27 December 2022","Superb","There are no comments available for this review",""
"Abdul","United Arab Emirates","Deluxe Double Room With 10% off on Food & Soft Beverage","3 nights ·","December 2022","Solo traveller","Reviewed: 21 December 2022","Pleasant","There are no comments available for this review",""
"Venkatesh","India","Deluxe Double Room With 10% off on Food & Soft Beverage","1 night ·","October 2022","Solo traveller","Reviewed: 7 November 2022","Good","There are no comments available for this review",""
"Goutam","India","Deluxe Double Room With 10% off on Food & Soft Beverage","1 night ·","September 2022","Solo traveller","Reviewed: 27 September 2022","Superb","There are no comments available for this review",""
"Sanjeev","India","Deluxe Double Room With 10% off on Food & Soft Beverage","1 night ·","September 2022","Solo traveller","Reviewed: 18 September 2022","Very good","There are no comments available for this review",""
"","","","","","","","","",""
"","","","","","","","","",""