"a3332d346a","afac1f68d9","abf093bdfe","abf093bdfe 2","abf093bdfe 3","abf093bdfe 4","abf093bdfe 5","f6431b446c","a53cbfa6de","a3332d346a 2","a53cbfa6de 2","a53cbfa6de 3","a53cbfa6de 4"
"Chinimilli","India","(Sanitised) Family Room","1 night ·","July 2022","Family","Reviewed: 12 July 2022","Superb","Manager and Karthik were so polite","","","",""
"Sunil","India","5 nights ·","Couple","October 2023","(Sanitised) Superior Double Room","Reviewed: 23 October 2023","Nice experience, friendly staff at reception, overall nice experience.","Breakfast I didn’t booked. Location is very good. Proximity to metro, availability of cab/ auto are all excellent.","Hotel response:","Thank you for your feedback! It's great to hear that...","",""
"Prabhu","India","1 night ·","Solo traveller","August 2023","(Sanitised) Superior Double Room","Reviewed: 27 August 2023","Great stay.  Clean, friendly staff, and convenient location","Clean, friendly staff, and great location","Hotel response:","We appreciate your positive feedback on our hotel's...","",""
"Nair","India","3 nights ·","Family","October 2022","(Sanitised) Superior Double Room","Reviewed: 8 October 2022","Excellent, value for money","Good ,comfortable rooms.
Walkable distance from Vadapalani Metro, SIMS hospital and Vijaya mall.
Excellent food at the Ruchikkoot restaurant in ground floor","Hotel response:","Thanks for rating us highly! So glad we could deliver up...","No breakfast provided.",""
"Ankan","India","7 nights ·","Family","June 2022","(Sanitised) Superior Double Room","Reviewed: 26 June 2022","Very good","Clean","Hotel response:","Really appreciate the glowing ratings! Looking forward to...","Restaurants","1 person found this review helpful."
"Saravanan","India","3 nights ·","Family","June 2022","(Sanitised) Superior Double Room","Reviewed: 14 June 2022","Superb","Place, comfort and no disturbance, clean","Hotel response:","Thank you so much for taking the time to leave us a...","No hot water and floor mat","1 person found this review helpful."
"Baskar","India","(Sanitised) Family Room","2 nights ·","February 2022","Family","Reviewed: 19 February 2022","Very good","Location , clean","","","Nothing",""
"Amitha","India","1 night ·","Solo traveller","October 2021","(Sanitised) Superior Double Room","Reviewed: 7 October 2021","Very good","stay was fine","Hotel response:","We are glad to have provided you with a pleasant...","but the property is little bit interior","1 person found this review helpful."
"Sankeerth","India","1 night ·","Solo traveller","October 2021","(Sanitised) Superior Double Room","Reviewed: 6 October 2021","Very good","...","","","",""
"Gowtham","India","1 night ·","Solo traveller","October 2021","(Sanitised) Superior Double Room","Reviewed: 5 October 2021","Superb","Stay was good","Hotel response:","Thank you for rating us highly! Service excellence with...","",""
"Rajesh","India","1 night ·","Solo traveller","September 2021","(Sanitised) Superior Double Room","Reviewed: 25 September 2021","Superb","Good","Hotel response:","We would like to thank you for giving such an amazing...","",""
"Ajay","India","1 night ·","Solo traveller","September 2021","(Sanitised) Superior Double Room","Reviewed: 22 September 2021","Superb","nice","Hotel response:","We are glad to have provided you with a pleasant...","",""
"Jeevan","India","1 night ·","Solo traveller","September 2021","(Sanitised) Superior Double Room","Reviewed: 13 September 2021","Superb",".","","","",""
"Arjun","India","1 night ·","Solo traveller","September 2021","(Sanitised) Superior Double Room","Reviewed: 3 September 2021","Superb",".","","","",""
"Sakthivel","India","2 nights ·","Solo traveller","August 2021","(Sanitised) Superior Double Room","Reviewed: 1 September 2021","Superb",".","","","",""
"Ishwarya","India","1 night ·","Solo traveller","August 2021","(Sanitised) Superior Double Room","Reviewed: 28 August 2021","Superb",".","","","",""
"Sachin","United States","2 nights ·","Solo traveller","August 2021","(Sanitised) Superior Double Room","Reviewed: 27 August 2021","Superb",".","","","",""
"Danniel","India","3 nights ·","Solo traveller","August 2021","(Sanitised) Superior Double Room","Reviewed: 23 August 2021","Superb",".","Hotel response:","We would like to thank you for giving such an amazing...","",""
"Balaji","India","1 night ·","Solo traveller","August 2021","(Sanitised) Superior Double Room","Reviewed: 21 August 2021","Superb","Location and hygiene","Hotel response:","We are glad to have provided you with a pleasant...","",""
"Naveen","India","1 night ·","Solo traveller","July 2021","(Sanitised) Superior Double Room","Reviewed: 20 July 2021","Superb","Nice","Hotel response:","We are glad to have provided you with a pleasant...","",""
"","","","","","","","","","","","",""
"","","","","","","","","","","","",""
"Silvia","India","1 night ·","Family","November 2022","(Sanitised) Superior Double Room","Reviewed: 3 November 2022","Very good","The receptionist, owner and staff are helpful and kind people.
Room size is small but still its good for short stay. Its clean, huge bathroom. 
Would recommend it.","","","",""
"Sajith","India","(Sanitised) Family Room","1 night ·","October 2022","Family","Reviewed: 5 October 2022","Very good","The room and bathroom are well maintained.  But don't put these Hindi speakers in charge.  They don't understand anything we say.. It would be better if people who know tamil or can speak local language should be employed in the front office.. And if there is a small dining table and an electric kettle in the room it would be ok.","Hotel response:","Thank you for your valuable rating! If you have any...","The room and bathroom are well maintained.  But don't put these Hindi speakers in charge.  They don't understand anything we say.. It would be better if people who know tamil or can speak local language should be employed in the front office.. And if there is a small dining table and an electric kettle in the room it would be ok.",""
"Venkateshwar","India","1 night ·","Group","September 2022","(Sanitised) Superior Double Room","Reviewed: 25 September 2022","Good for overnight stay","The hotel is small and location was central. Breakfast did not have. Staff was good and service fast. Good for short overnight stay","Hotel response:","Really appreciate your kind review. We will share your...","Amenities to be improved. The approach road is by walk of 50 meters.",""
"Thirunavakkarasu","India","1 night ·","Family","August 2022","(Sanitised) Superior Double Room","Reviewed: 12 September 2022","Very good","Room was not cleaned","Hotel response:","Really appreciate your kind review. We will share your...","",""
"Sukanth","India","2 nights ·","Solo traveller","May 2022","(Sanitised) Superior Double Room","Reviewed: 24 May 2022","Average stay, not worthy of cost","The bed sheets were very dirty and the hot water tap just does not work properly","Hotel response:","Thank you for your valuable rating! If you have any...","","1 person found this review helpful."
"Shabnam","India","4 nights ·","Solo traveller","May 2022","(Sanitised) Superior Double Room","Reviewed: 14 May 2022","You should try to improve your service","Only the location","","","Very few house keeping staff,room not cleaned every day,hot water not coming from geyser,food not so good",""
"Imtiyaz","Saudi Arabia","9 nights ·","Solo traveller","May 2022","(Sanitised) Superior Double Room","Reviewed: 8 May 2022","The feedback provided does not justify this property.","Small compact room.Good AC. AC worked even when you lock room which is good for summer time. Restaurant has good quality food at reasonable rate, delivered to your room. Staff is polite and professional.","Hotel response:","We regret the inconvenience caused during your stay....","Toiletries not provided as advertised. Shower didnot work. water flow is very slow. Towels and bed sheets and blankets are very old and wornout. They should have replaced them long time back. Defnitely you will get better deal elsewhere if you search.","2 person found this review helpful."
"Ramgopal","India","1 night ·","Family","February 2022","(Sanitised) Superior Double Room","Reviewed: 21 February 2022","Very good","Room was big like a studio apartment with a kitchen, gas stove and fridge. No utensils. There was a dining space.","","","The approach road to the hotel is very narrow. Car can not reach upto hotel entrance. We have to carry our luggage and walk up to the entrance. 
Toiletries were not provided except soap and towels. Coffee, tea are to be brought from outside.","1 person found this review helpful."
"Senthikumar","India","2 nights ·","Solo traveller","December 2021","(Sanitised) Superior Double Room","Reviewed: 19 December 2021","Good","Neat and clean.","Hotel response:","Thank you for taking out time to rate us! We would love...","Have to walk 500 meters for parking. No toiletries.",""
"Aditya","India","2 nights ·","Couple","October 2021","(Sanitised) Superior Double Room","Reviewed: 26 November 2021","Great business hotel , rooms and food are nothing to complain","location , food and rooms","Hotel response:","Thanks, Aditya! We look forward to hosting you again at...","nothing much , cleanliness can be improved",""
"","","","","","","","","","","","",""
"","","","","","","","","","","","",""
"Saravanan","India","2 nights ·","Solo traveller","October 2021","(Sanitised) Superior Double Room","Reviewed: 6 October 2021","Very good","...","Hotel response:","We would like to thank you for giving such an amazing...","",""
"Benzi","India","8 nights ·","Solo traveller","September 2021","(Sanitised) Superior Double Room","Reviewed: 30 September 2021","Superb","area is not ok","","","",""
"Naveen","India","1 night ·","Solo traveller","September 2021","(Sanitised) Superior Double Room","Reviewed: 17 September 2021","Superb",".","","","","1 person found this review helpful."
"Kartheeswaran","India","2 nights ·","Solo traveller","September 2021","(Sanitised) Superior Double Room","Reviewed: 14 September 2021","Superb","Stay was good","Hotel response:","Thank you for rating us highly! Service excellence with...","",""
"Nupur","India","2 nights ·","Solo traveller","September 2021","(Sanitised) Superior Double Room","Reviewed: 6 September 2021","Superb",".","","","",""
"Tejas","India","1 night ·","Solo traveller","August 2021","(Sanitised) Superior Double Room","Reviewed: 1 September 2021","Superb",".","","","",""
"Premnath","India","(Sanitised) Family Room","2 nights ·","August 2021","Solo traveller","Reviewed: 29 August 2021","Superb",".","","","",""
"Ajith","India","1 night ·","Solo traveller","August 2021","(Sanitised) Superior Double Room","Reviewed: 25 August 2021","Superb",".","Hotel response:","We are glad to have provided you with a pleasant...","",""
"Ankhi","India","(Sanitised) Family Room","4 nights ·","June 2022","Family","Reviewed: 23 June 2022","Good","the best part is proximity to SIMS hospital .","Hotel response:","We regret the inconvenience caused! Please be informed,...","the staff don’t clean the rooms even after multiple requests",""
"Mohamed","India","1 night ·","Solo traveller","September 2021","(Sanitised) Superior Double Room","Reviewed: 12 September 2021","Superb",".","","","",""
"","","","","","","","","","","","",""
"","","","","","","","","","","","",""
"Shahzad","India","4 nights ·","Solo traveller","October 2022","(Sanitised) Superior Double Room","Reviewed: 17 October 2022","Good Stay","Staff was friendly. Food was good. Location was near to Metro. Market places are reachable. Shopping Mall and Cinemas are walkable radius. Overall good stay!","","","",""
"Jerone","India","1 night ·","Couple","October 2022","(Sanitised) Superior Double Room","Reviewed: 2 October 2022","Happy And Satisfied","Respectful staff","Hotel response:","Thanks for such a glowing review! We will pass on your...","Na",""
"Shobhit","India","2 nights ·","Solo traveller","June 2022","(Sanitised) Superior Double Room","Reviewed: 13 June 2022","decent stay","the rooms provided were nice and clean","Hotel response:","Apologies for the inconvenience caused! We are really...","the wifi coverage was spotty. the water pressure in the jet spray was abysmal. even the shower didn’t have water pressure at all times",""
"Dasi","India","1 night ·","Solo traveller","January 2022","(Sanitised) Superior Double Room","Reviewed: 8 January 2022","it’s memories for me in this hotel and it made me chill","the way they arranged the bed and whole flat with good curtains,bed sheet and golden lights and 24/7 ac and hot water.","Hotel response:","We understand and regret that your experience with us...","the price is so high for this property and it should be between 700 to 900 beacuse its not that good area and not everyone is well mannered and also little un conjusted space in bedroom",""
"Rajkumar","India","1 night ·","Solo traveller","October 2021","(Sanitised) Superior Double Room","Reviewed: 26 October 2021","Nice","Clean","","","Nothing",""
"Dolly","India","1 night ·","Solo traveller","October 2021","(Sanitised) Superior Double Room","Reviewed: 7 October 2021","Exceptional","..","","","",""
"Ishwarya","India","1 night ·","Solo traveller","August 2021","(Sanitised) Superior Double Room","Reviewed: 22 August 2021","Exceptional",".","Hotel response:","We would like to thank you for giving such an amazing...","",""
"Santhosh","India","1 night ·","Solo traveller","August 2021","(Sanitised) Superior Double Room","Reviewed: 22 August 2021","Exceptional",".","Hotel response:","We would like to thank you for giving such an amazing...","",""
"Rajkumar","India","1 night ·","Solo traveller","August 2021","(Sanitised) Superior Double Room","Reviewed: 21 August 2021","Exceptional",".","Hotel response:","We would like to thank you for giving such an amazing...","",""
"Neha","India","3 nights ·","Solo traveller","August 2021","(Sanitised) Superior Double Room","Reviewed: 18 August 2021","Exceptional",".","Hotel response:","We would like to thank you for giving such an amazing...","",""
"","","","","","","","","","","","",""
"","","","","","","","","","","","",""
"Karthikeyan","India","1 night ·","Solo traveller","August 2021","(Sanitised) Superior Double Room","Reviewed: 15 August 2021","Exceptional",".","Hotel response:","We would like to thank you for giving such an amazing...","",""
"Vel","India","1 night ·","Solo traveller","August 2021","(Sanitised) Superior Double Room","Reviewed: 11 August 2021","Exceptional",".","Hotel response:","Thank you for rating us highly! Service excellence with...","",""
"Ananth","India","2 nights ·","Solo traveller","August 2021","(Sanitised) Superior Double Room","Reviewed: 4 August 2021","Exceptional",".","Hotel response:","We would like to thank you for giving such an amazing...","",""
"Ramesh","India","1 night ·","Solo traveller","July 2021","(Sanitised) Superior Double Room","Reviewed: 31 July 2021","Exceptional",".","Hotel response:","We would like to thank you for giving such an amazing...","",""
"Vel","India","1 night ·","Solo traveller","July 2021","(Sanitised) Superior Double Room","Reviewed: 20 July 2021","Exceptional","Rooms where good","Hotel response:","Thank you for rating us highly! Service excellence with...","",""
"Kartheeswaran","India","1 night ·","Solo traveller","July 2021","(Sanitised) Superior Double Room","Reviewed: 19 July 2021","Exceptional","stay was nice","Hotel response:","Thank you for rating us highly! Service excellence with...","",""
"Satish","India","2 nights ·","Family","June 2023","(Sanitised) Superior Double Room","Reviewed: 3 June 2023","Pleasant","Room neat and clean","","","No geyser in bathroom. Cockroaches are there in room.
Wifi signal low.",""
"Alphonso","Qatar","(Sanitised) Family Room","1 night ·","August 2022","Couple","Reviewed: 26 August 2022","Average. Don’t expect too much.","Bed was comfortable. Restaurant downstairs food was nice.","Hotel response:","We regret the inconvenience caused during your stay. Your...","Cleanliness could be improved. Stains on the floor from previous guests. Hot water took a long time to flow thus wasting a lot of Water. WiFi was very bad in the room 105 we stayed in. Even the cellular data network was not available as the room was in the corner and is surrounded by buildings. No window view (faces another building barely 30 cm away) Access to the hotel is via a small narrow lane. So had to carry our bags to the reception from the taxi.",""
"Pradheepan","United Arab Emirates","4 nights ·","Solo traveller","May 2022","(Sanitised) Superior Double Room","Reviewed: 6 May 2022","Only good place to stay if you want the location and stay out for most of the day.","Location, A/C, Wifi were good. 
Bed was comfortable.
Very near to all restaurants and next to the mall. 
Very accessible to all the locations.","Hotel response:","Apologies for the inconvenience caused! We are really...","Cockroaches & Insects were a problem.
Towels were not great. Very old. 
Room service, Towels, Soaps, Water, etc needs to be requested. 
Everything needs to be requested and when done, the reception folks make it seem like you asked for a huge favor. 
Washroom has rusted soap holder which falls, shower was broken",""
"Rohinee","India","4 nights ·","Family","March 2022","(Sanitised) Superior Double Room","Reviewed: 15 March 2022","Not upto expectation","The on ground staff at the hotel was good and supportive.","Hotel response:","Please accept our heartfelt apologies for the marred...","The place did not have any parking facility as opposed to what was mentioned on your website. And support from both fabhotels customer care and booking.com was not helpful at all.",""
"","","","","","","","","","","","",""
"","","","","","","","","","","","",""
"Jayanta","India","1 night ·","Solo traveller","December 2021","(Sanitised) Superior Double Room","Reviewed: 18 December 2021","Not Recommended","Location is good. Rooms are clean.","Hotel response:","Please accept our heartfelt apologies for the marred...","Geyser was not working. Average rooms. Price much higher than available facilities. I booked a single occupancy double bed. But was given an average ground floor three bed room. The pictures and the real property look somewhat different.
NOT RECOMMENDED.",""
"Sudharsan","India","1 night ·","Solo traveller","August 2021","(Sanitised) Superior Double Room","Reviewed: 24 August 2021","Exceptional",".","Hotel response:","We would like to thank you for giving such an amazing...","",""
"Moganadhos","Malaysia","2 nights ·","Family","February 2024","(Sanitised) Superior Double Room","Reviewed: 24 February 2024","Pleasant","Staff","Hotel response:","Hi MOGANADHOS, thank you for sharing your feedback. We...","Location.... Need to walk 100 meter to hotel...since car could not go in... And no parking available",""
"D","India","2 nights ·","Family","September 2023","(Sanitised) Superior Double Room","Reviewed: 26 September 2023","Passable","Walkable distance from Metro.","Hotel response:","We apologize for the inconvenience you faced during your...","The approach road to the property was pathetic, lobby area and corridors are not spacious, very small rooms and toilets with minimal furnishing. Rooms are not soundproof.",""
"Alwina","Germany","2 nights ·","Group","March 2023","(Sanitised) Superior Double Room","Reviewed: 5 March 2023","Don't recommend","We were able to buy water at the reception and the mattress was soft and compfy.","Hotel response:","Apologies for the inconvenience caused, We are really...","We had to stay at The Redfox Hotel and it was very dirty with stains all over the bedding, the bathroom was full of cockroaches and one window was broken so we were unable to close it. The curtains were also falling off and one bedside lamp had a shattered glass lampshade. The staff was not very nice but at least they changed the broken light bulb in the bathroom and they also changed the linen, wich gave us a better feeling though they still showed lots of dark stains.
Online it said there was food available, but there wasn't.",""
"Subramaniam","Japan","(Sanitised) Family Room","5 nights ·","November 2022","Family","Reviewed: 5 November 2022","Good location but the service can be improved by maintaining the quality and cleanliness","Rooms were compact. 
Location is close to temple
very friendly staff
bathroom was clean","Hotel response:","The hotel's cleanliness and hygienic standards are...","Rooms not very clean with bedsheets having stains",""
"Venkatesan","India","1 night ·","Family","October 2022","(Sanitised) Superior Double Room","Reviewed: 20 October 2022","Very poor","Location","Hotel response:","Please accept our heartfelt apologies for the marred...","Cleanliness, staff, no food , no coffee/tea",""
"Salunke","India","1 night ·","Couple","October 2022","(Sanitised) Superior Double Room","Reviewed: 16 October 2022","Not up to mark.","No breakfast available","Hotel response:","Please accept our heartfelt apologies for the marred...","No water cattle , tea or coffee",""
"Satish","Germany","(Sanitised) Family Room","1 night ·","October 2022","Family","Reviewed: 15 October 2022","Average","Location","Hotel response:","We regret the inconvenience caused! Please be informed,...","Too expensive for the quality of the room",""
"A","India","1 night ·","Couple","October 2022","(Sanitised) Superior Double Room","Reviewed: 11 October 2022","Not very happy with the stay!","Room looks good","Hotel response:","We regret the inconvenience caused during your stay. As...","Service of the staff, not provided with bath towel which they supposed to provide by them. Also, AC water is leaking inside the bathroom.",""
"","","","","","","","","","","","",""
"","","","","","","","","","","","",""
"Ankhi","India","7 nights ·","Couple","September 2022","(Sanitised) Superior Double Room","Reviewed: 20 September 2022","bad","the staff is good and helpful","","","unnecessary harassment about the reservation",""
"Sivaguru","India","1 night ·","Family","September 2022","(Sanitised) Superior Double Room","Reviewed: 13 September 2022","I did not except such poor reception and hospitality to what the money i paid","Really nothing to like on that facility and hospitality","Hotel response:","We regret the inconvenience caused and your feedback has...","Everything, 
1. The way they received the guest
2. They did not believe my booking confirmation numbers even though I paid 100% in advance 
3. Took longer to allocate the room - taking ID photocopies all guest with exceptional delay
4. No help on luggage bags as well as showing the allocated room
5. No floor mats, no towels, no water, no additional pillows - everything I got after requesting at the reception in person 
6. Intercom is not working

Based on their behavior, look like they hate our visit on that day. I did not except such poor reception and hospitality",""
"Pablo","Spain","2 nights ·","Solo traveller","August 2022","(Sanitised) Superior Double Room","Reviewed: 20 August 2022","Many insects in my bed","The bed was very dirty. Many insects. Now i have a lot of bites in my legs for about a week after been there","","","The bed was very dirty. Many insects. Now i have a lot of bites in my legs for about a week after been there",""
"Vibha","India","2 nights ·","Family","June 2022","(Sanitised) Superior Double Room","Reviewed: 28 June 2022","Very bad experience","Nothing","","","Everything",""
"Naresh","India","(Sanitised) Family Room","1 night ·","June 2022","Family","Reviewed: 19 June 2022","Disappointing","Price from fabhotel was higher than the actual price","Hotel response:","We regret the inconvenience caused! Please be informed,...","",""
"Anshul","India","3 nights ·","Family","June 2022","(Sanitised) Superior Double Room","Reviewed: 17 June 2022","Very poor","Location is close to US VFC. Lot of good restaurants near by. Wifi connection was good","Hotel response:","Apologies for the inconvenience caused,  We are really...","The first room given was full of bedbugs. Whole night we were struggling to sleep. When complained about it, the staff said they can change the room only in the morning.  The day we shifted to a new room. There AC was not cooling properly, however with fan it was okay. No water provided by the hotel. No toiletries.",""
"Morshed","Malaysia","2 nights ·","Family","June 2022","(Sanitised) Superior Double Room","Reviewed: 6 June 2022","Okay to stay a night for work but not with family.","Location is great. staffs are ok. a good restaurant in ground floor.","Hotel response:","Apologies for the inconvenience caused, We are really...","Room size. Bathroom. Lighting of room is depressing.",""
"Vasugi","India","(Sanitised) Family Room","2 nights ·","May 2022","Family","Reviewed: 19 May 2022","Passable","The bedsheet and pillow were dirty there were no water glasses and the hot water maker didn't expect this kind of stay","Hotel response:","Apologies for the inconvenience caused, We are really...","",""
"Raghumanda","India","2 nights ·","Couple","May 2022","(Sanitised) Superior Double Room","Reviewed: 19 May 2022","Very poor","Nothing to like","Hotel response:","Apologies for the inconvenience caused, We are really...","There is no coffee and tea...drinking water also charged...there is no mobile signals inside the room...wifi also not working properly inside the room.",""
"Prakash","India","2 nights ·","Solo traveller","March 2022","(Sanitised) Superior Double Room","Reviewed: 8 March 2022","deplorable","not good","Hotel response:","Please accept our heartfelt apologies for the marred...","taste",""
"","","","","","","","","","","","",""
"","","","","","","","","","","","",""
"Miteshkumar","China","2 nights ·","Solo traveller","January 2022","(Sanitised) Superior Double Room","Reviewed: 27 January 2022","Just okay","Na","","","Room is not up to that standard. Washroom doesn’t have soap ,body wash. Everyday cleaning is also not happening.",""
"Vel","India","1 night ·","Family","January 2022","(Sanitised) Superior Double Room","Reviewed: 21 January 2022","No","so bad","Hotel response:","We regret the inconvenience caused! Please be informed,...","We ask only we get the water Tower you don't get the hot water LT copy nothing we don't get it",""
"Shabnam","India","4 nights ·","Group","October 2021","(Sanitised) Superior Double Room","Reviewed: 12 November 2021","I had stayed in Fab Hotel Rittika Inn previously, their service if far far better than  Sky Bay","Location was nice","","","No toiletries provided everday, only provided when asked. No cleaning request came from the hotel everday, only done when requested, had to follow up several times to send coffee and breakfast in my room",""
"Venkatagiri","India","1 night ·","Family","October 2021","(Sanitised) Superior Double Room","Reviewed: 4 October 2021","Passable","Breakfast is good","","","water service not provide properly. No hot water for bathing. . every time need to call for water not coming in toilet and bathroom.",""
"James","United States","3 nights ·","Solo traveller","October 2023","(Sanitised) Superior Double Room","Reviewed: 3 November 2023","Very poor","Staff were super friendly and place was close to the airport.","Hotel response:","We appreciate your positive comments about our staff and...","Literally like the cockroaches everywhere and the mosquitoes plus the smoke was coming off from the other room .",""
"Muthu","India","2 nights ·","Solo traveller","October 2023","(Sanitised) Superior Double Room","Reviewed: 8 October 2023","Passable","The Toilet bowl seats where broken/ not fixed. The bed sheet/ the towel provided are below standards. the wardrobe very dirty. the Property was hard to be identified as it is not visible from the main road. the car cannot be driven to the hotel lobby and have to hand carry luggage from the road to hotel like  75 to 100 feet.","Hotel response:","We appreciate your feedback, and we're sorry to hear...","",""
"Rizwan","India","1 night ·","Couple","June 2023","(Sanitised) Superior Double Room","Reviewed: 20 July 2023","Poor","I dont like the room because I went with my partner to enjoy our honeymoon but the room and washroom were unclean we didn’t get any basic facilities too.that room was not wearth to money we paid moreover poor secure there was a hole in the room door.hope you all give better service to other customers.thank you","Hotel response:","We deeply apologize for the disappointing experience you...","",""
"Vignes","Malaysia","3 nights ·","Solo traveller","July 2023","(Sanitised) Superior Double Room","Reviewed: 10 July 2023","Damn disappointing","The staff and boss was very helpful, polite and courteous.
Food restaurant below was delicious esp their Kerala cuisine","","","Wall and floor is dirty even after request them to clean. Lot of cockroaches and bed bug. Was bitten by the bug the whole night.They refuse for refund after I wan to move to better hotel. So with no choice lived the hellish life for next 3 day. And the room size is so small.. all the review at booking. Com is fake I guess . Booking. Com pls check before approving your partner.",""
"Hemaa","India","1 night ·","Family","July 2023","(Sanitised) Superior Double Room","Reviewed: 10 July 2023","Bad","Nothing no room service at all please don't go there full of mosquitos, ants and bugs in the bed worst ever stay in my entire life","","","",""
"Beeru","India","1 night ·","Family","July 2023","(Sanitised) Superior Double Room","Reviewed: 9 July 2023","Bad","They did allow me to stay it was sold out","","","",""
"","","","","","","","","","","","",""
"","","","","","","","","","","","",""
"Rashmi","India","1 night ·","Group","June 2023","(Sanitised) Superior Double Room","Reviewed: 29 June 2023","Bad","Cockroaches in the room","Hotel response:","We apologize for the inconvenience caused. We take...","",""
"Sathis","India","1 night ·","Couple","June 2023","(Sanitised) Superior Double Room","Reviewed: 27 June 2023","Reality is different from photos in advertisement in booking.com","As per advertisement in booking.com it was good  location as well as facility.","Hotel response:","We apologize for any miscommunication or incorrect...","The hotel management is literally chatting by giving wrong commitments and the photos in websites is not actual",""
"Ramamurthy","Malaysia","1 night ·","Family","June 2023","(Sanitised) Superior Double Room","Reviewed: 16 June 2023","","This review has been hidden because it doesn't meet our guidelines.","","","",""
"Manabendra","India","3 nights ·","Family","March 2023","(Sanitised) Superior Double Room","Reviewed: 20 March 2023","Bad","Very bad experience, small room no space to move.","Hotel response:","All the rooms in the hotel are well maintained and of...","No service",""
"Rajasekhar","India","1 night ·","Couple","December 2022","(Sanitised) Superior Double Room","Reviewed: 8 January 2023","Bad","poor","","","",""
"Saravana","Singapore","3 nights ·","Group","November 2022","(Sanitised) Superior Double Room","Reviewed: 6 December 2022","Bad","nothing","","","The hotel doesn’t even exist. Our booking was changed to a different hotel which was no way closer to what it looks like in these pictures. Smelly rooms, dirty floors and toilets in the place they offered. We didn’t even stay there, we left within 15 mins and had to go find another hotel at 2am",""
"Prajapati","India","2 nights ·","Group","August 2022","(Sanitised) Superior Double Room","Reviewed: 26 August 2022","Poor","Very bad experience.","Hotel response:","We understand and regret that your experience with us...","",""
"Kumar","India","3 nights ·","Family","July 2022","(Sanitised) Superior Double Room","Reviewed: 31 July 2022","Bad","It was worst experience...will never book again even all fab hotel...","","","",""
"Thendral","India","1 night ·","Family","June 2022","(Sanitised) Superior Double Room","Reviewed: 11 June 2022","Bad","No parking dint stay at the property","Hotel response:","We regret the inconvenience caused! Please be informed,...","",""
"Narayana","India","1 night ·","Couple","May 2022","(Sanitised) Superior Double Room","Reviewed: 5 June 2022","Most certainly, I will not use FabHotels anywhere, nor would I recommend it.","The entrance to the hotel was away from the road. The path leading to the hotel entrance was not paved and uneven. My wife found it very difficult to navigate on this path.","","","Everything! There is no parking available as promised in the Booking.com site. The car had to be parked on the main road which was unsafe. The hotel desk people passed the buck on to Fab Hotels and Booking.com.
The pillow covers and towels provided were not washed. There dust on the furniture. Some fittings in the bathroom were broken and the bathroom was not cleaned properly.
It was pathetic, that being located in Chennai, the hotel could not serve a good cup of coffee and there was no South Indian food.",""
"","","","","","","","","","","","",""
"","","","","","","","","","","","",""
"Yuva","India","1 night ·","Family","November 2021","(Sanitised) Superior Double Room","Reviewed: 8 November 2021","Bad","Wont getCheating front office..
Welcome reception commitments not full fill 24/7 hot water will provide they said.But single drop I wont get..","Hotel response:","Please accept our heartfelt apologies for the marred...","",""
"Danniel","India","1 night ·","Couple","August 2021","(Sanitised) Superior Double Room","Reviewed: 24 August 2021","Very poor","The is pretty good and the management in the hotel is bad.. The waiters are little bit creepy..  And they act  little dumb at times.  and I do not feel it's comfortable and safe for women ...","Hotel response:","Please accept our heartfelt apologies for the marred...","Safety",""
"G","India","6 nights ·","Solo traveller","July 2021","(Sanitised) Superior Double Room","Reviewed: 23 July 2021","Disappointing","Nice ambiance","Hotel response:","We understand and regret that your experience with us...","Worst customer service",""
"Parthiban","Netherlands","5 nights ·","Solo traveller","July 2022","(Sanitised) Superior Double Room","Reviewed: 31 July 2022","Poor","The Service was really bad need to change the room first and later on the new room had problem with plug connection which was not corrected till i checked out. Need to inform more than twice for any support. Requested for change of Bed sheet and cult twice during my 5 days stay but not changed for 5 days.","","","",""
"Anonymous","Saudi Arabia","1 night ·","Couple","July 2022","(Sanitised) Superior Double Room","Reviewed: 3 July 2022","Pleasant","location","","","poor maintenance…A/C didn’t work properly",""
"Anonymous","India","2 nights ·","Group","July 2023","(Sanitised) Superior Double Room","Reviewed: 31 July 2023","Please remove fab from your list hotela to retain your credibility","I DONT WHY THESE PEOPLE ARE MAKING MONEY BY CHEATING OTHERS.
First of all i cant check in to this property. Attitude of fab people was horrible. When i reached they told us  there is no room i booked for 2 days and i cant stay there even for a single day .
I DONT KNOW WHY THIS BOOKING.COM IS NOT SUPPORTING THIER CUSTOMERS. Please guys dont book rooms in fab hotel as well as through this booking.com. 
B
The reviews which i saw was 2022 reviews and i booked","Hotel response:","We deeply apologize for the unacceptable experience you...","What the hell are you talking about the stay which i cant get any room to stay for 2 days",""
"Eugéne","France","2 nights ·","Solo traveller","February 2024","(Sanitised) Superior Double Room","Reviewed: 15 February 2024","Problème avec le payement","Emplacement","Hotel response:","Hi Eugéne, we apologize for any inconvenience caused by...","Le personnel",""
"Dinda","Netherlands","3 nights ·","Group","February 2024","(Sanitised) Superior Double Room","Reviewed: 14 February 2024","Slecht hotel","24 uur receptie","Hotel response:","Hi Dinda, we apologize for any inconvenience caused...","Hotel is totaal niet zoals op de foto's. Overal schimmel en vieze geur. Echt geen chill hotel ook het geld niet waard.",""
"Anonymous","China","2 nights ·","Couple","August 2022","(Sanitised) Superior Double Room","Reviewed: 25 August 2022","Провести чистку от тараканов. Включить завтраки, даже если чуть поднять цену. Рядом негде кушать, ресторан открывается п","ресторан внизу.","Hotel response:","Please accept our heartfelt apologies for the marred...","тараканы в комнате.",""
"Lingesh","India","1 night ·","Group","August 2023","(Sanitised) Superior Double Room","Reviewed: 21 August 2023","Superb","There are no comments available for this review","","","",""
"","","","","","","","","","","","",""
"","","","","","","","","","","","",""
"Jiwani","India","1 night ·","Family","August 2023","(Sanitised) Superior Double Room","Reviewed: 7 August 2023","Superb","There are no comments available for this review","","","",""
"Varsha","India","1 night ·","Couple","July 2023","(Sanitised) Superior Double Room","Reviewed: 10 July 2023","Very good","There are no comments available for this review","","","",""
"Sudarsan","India","1 night ·","Solo traveller","December 2022","(Sanitised) Superior Double Room","Reviewed: 5 January 2023","Very good","There are no comments available for this review","","","",""
"Mech","India","1 night ·","Solo traveller","October 2022","(Sanitised) Superior Double Room","Reviewed: 11 October 2022","Very good","There are no comments available for this review","","","",""
"Sushanth","India","1 night ·","Solo traveller","August 2022","(Sanitised) Superior Double Room","Reviewed: 3 August 2022","The property is good but if ur expecting early checkin the call property directly and don’t call the Fab customer care.","There are no comments available for this review","","","",""
"Ashwinkumar","India","1 night ·","Group","July 2022","(Sanitised) Superior Double Room","Reviewed: 6 July 2022","Very good","There are no comments available for this review","","","",""
"Sathyaraj","India","1 night ·","Family","May 2022","(Sanitised) Superior Double Room","Reviewed: 3 June 2022","Very good","There are no comments available for this review","","","",""
"Karandeep","India","1 night ·","Group","March 2022","(Sanitised) Superior Double Room","Reviewed: 16 March 2022","Very good","There are no comments available for this review","","","",""
"Jayakumar","India","1 night ·","Family","January 2022","(Sanitised) Superior Double Room","Reviewed: 9 January 2022","Superb","There are no comments available for this review","","","",""
"Tarif","Bangladesh","2 nights ·","Family","December 2021","(Sanitised) Superior Double Room","Reviewed: 22 December 2021","Very good","There are no comments available for this review","","","",""
"","","","","","","","","","","","",""
"","","","","","","","","","","","",""
"Mitra","India","2 nights ·","Solo traveller","December 2021","(Sanitised) Superior Double Room","Reviewed: 20 December 2021","Superb","There are no comments available for this review","","","",""
"Dharun_vs","India","(Sanitised) Family Room","1 night ·","December 2021","Family","Reviewed: 10 December 2021","Very good","There are no comments available for this review","","","",""
"Babu","India","1 night ·","Couple","November 2021","(Sanitised) Superior Double Room","Reviewed: 2 November 2021","Very good","There are no comments available for this review","","","",""
"Ajay","India","1 night ·","Group","September 2021","(Sanitised) Superior Double Room","Reviewed: 24 September 2021","Very good","There are no comments available for this review","","","",""
"Shravan","India","1 night ·","Solo traveller","August 2021","(Sanitised) Superior Double Room","Reviewed: 2 August 2021","Good","There are no comments available for this review","","","",""
"Keerthiraajan","India","1 night ·","Solo traveller","July 2021","(Sanitised) Superior Double Room","Reviewed: 30 July 2021","Superb","There are no comments available for this review","","","",""
"Prudhvee","India","1 night ·","Solo traveller","July 2021","(Sanitised) Superior Double Room","Reviewed: 19 July 2021","Superb","There are no comments available for this review","","","",""
"Kovai","India","1 night ·","Solo traveller","April 2021","(Sanitised) Superior Double Room","Reviewed: 20 April 2021","Superb","There are no comments available for this review","","","",""
"Rohan","Canada","2 nights ·","Solo traveller","March 2024","(Sanitised) Superior Double Room","Reviewed: 3 April 2024","Good","There are no comments available for this review","Hotel response:","Hi Rohan, we appreciate your feedback and aim to enhance...","",""
"Tony","India","2 nights ·","Solo traveller","January 2024","(Sanitised) Superior Double Room","Reviewed: 7 February 2024","Good","There are no comments available for this review","","","",""
"","","","","","","","","","","","",""
"","","","","","","","","","","","",""
"Joy","India","1 night ·","Family","August 2023","(Sanitised) Superior Double Room","Reviewed: 19 August 2023","Very good","There are no comments available for this review","","","",""
"Bati","India","(Sanitised) Family Room","1 night ·","November 2022","Family","Reviewed: 29 December 2022","Good","There are no comments available for this review","","","",""
"Santhana","India","(Sanitised) Family Room","1 night ·","October 2022","Family","Reviewed: 26 November 2022","Good","There are no comments available for this review","","","",""
"Balaji","United States","3 nights ·","Family","October 2022","(Sanitised) Superior Double Room","Reviewed: 19 November 2022","Superb","There are no comments available for this review","","","",""
"Arivalagan","India","(Sanitised) Family Room","1 night ·","October 2022","Family","Reviewed: 17 October 2022","Superb","There are no comments available for this review","","","",""
"Amal","India","4 nights ·","Solo traveller","October 2022","(Sanitised) Superior Double Room","Reviewed: 15 October 2022","Very good","There are no comments available for this review","","","",""
"Mevis","India","3 nights ·","Solo traveller","September 2022","(Sanitised) Superior Double Room","Reviewed: 3 October 2022","Good","There are no comments available for this review","","","",""
"Shahriar","Bangladesh","2 nights ·","Family","September 2022","(Sanitised) Superior Double Room","Reviewed: 22 September 2022","Very good","There are no comments available for this review","","","",""
"Eswin","India","3 nights ·","Solo traveller","September 2022","(Sanitised) Superior Double Room","Reviewed: 19 September 2022","Very good","There are no comments available for this review","","","",""
"Gibin","United Kingdom","1 night ·","Solo traveller","September 2022","(Sanitised) Superior Double Room","Reviewed: 4 September 2022","Very good","There are no comments available for this review","","","",""
"","","","","","","","","","","","",""
"","","","","","","","","","","","",""
"अͷil","India","1 night ·","Family","August 2022","(Sanitised) Superior Double Room","Reviewed: 10 August 2022","Superb","There are no comments available for this review","","","",""
"Mohammed","India","(Sanitised) Family Room","2 nights ·","July 2022","Family","Reviewed: 26 July 2022","Very good","There are no comments available for this review","","","",""
"T","India","1 night ·","Family","May 2022","(Sanitised) Superior Double Room","Reviewed: 30 May 2022","Very good","There are no comments available for this review","","","",""
"Harshit","India","3 nights ·","Couple","May 2022","(Sanitised) Superior Double Room","Reviewed: 27 May 2022","Very good","There are no comments available for this review","","","",""
"P","India","1 night ·","Solo traveller","May 2022","(Sanitised) Superior Double Room","Reviewed: 11 May 2022","Very good","There are no comments available for this review","","","",""
"Subramaniam","India","4 nights ·","Solo traveller","February 2022","(Sanitised) Superior Double Room","Reviewed: 26 March 2022","Superb","There are no comments available for this review","","","",""
"Zameel","India","2 nights ·","Couple","December 2021","(Sanitised) Superior Double Room","Reviewed: 25 January 2022","Very good","There are no comments available for this review","","","",""
"Selvan","India","1 night ·","Solo traveller","January 2022","(Sanitised) Superior Double Room","Reviewed: 20 January 2022","Good","There are no comments available for this review","","","",""
"Sabari","India","1 night ·","Solo traveller","October 2021","(Sanitised) Superior Double Room","Reviewed: 1 November 2021","Very good","There are no comments available for this review","","","",""
"Kovai","India","1 night ·","Solo traveller","April 2021","(Sanitised) Superior Double Room","Reviewed: 21 April 2021","Very good","There are no comments available for this review","","","",""
"","","","","","","","","","","","",""
"","","","","","","","","","","","",""
"Panneer","Oman","2 nights ·","Solo traveller","April 2021","(Sanitised) Superior Double Room","Reviewed: 16 April 2021","Superb","There are no comments available for this review","","","",""
"Sulfikar","India","1 night ·","Solo traveller","April 2021","(Sanitised) Superior Double Room","Reviewed: 14 April 2021","Superb","There are no comments available for this review","","","",""
"Yuva","India","3 nights ·","Solo traveller","April 2021","(Sanitised) Superior Double Room","Reviewed: 10 April 2021","Superb","There are no comments available for this review","","","",""
"Krisnadas","India","1 night ·","Solo traveller","June 2023","(Sanitised) Superior Double Room","Reviewed: 25 June 2023","Very good","There are no comments available for this review","","","",""
"Raja","Saudi Arabia","2 nights ·","Group","May 2022","(Sanitised) Superior Double Room","Reviewed: 11 May 2022","Very good","There are no comments available for this review","","","",""
"Anand","India","2 nights ·","Solo traveller","July 2021","(Sanitised) Superior Double Room","Reviewed: 27 July 2021","Good","There are no comments available for this review","","","",""
"Prajwal","India","1 night ·","Solo traveller","July 2023","(Sanitised) Superior Double Room","Reviewed: 10 July 2023","Superb","There are no comments available for this review","","","",""
"Karthikeyan","India","1 night ·","Couple","March 2023","(Sanitised) Superior Double Room","Reviewed: 6 April 2023","Very good","There are no comments available for this review","","","",""
"Vignesh","India","(Sanitised) Family Room","2 nights ·","October 2022","Solo traveller","Reviewed: 22 October 2022","Superb","There are no comments available for this review","","","",""
"Chirag","India","1 night ·","Solo traveller","October 2022","(Sanitised) Superior Double Room","Reviewed: 22 October 2022","Good","There are no comments available for this review","","","",""
"","","","","","","","","","","","",""
"","","","","","","","","","","","",""
"Mohanraj","India","(Sanitised) Family Room","1 night ·","October 2022","Solo traveller","Reviewed: 11 October 2022","Superb","There are no comments available for this review","","","",""
"Parthiban","Netherlands","1 night ·","Solo traveller","July 2022","(Sanitised) Superior Double Room","Reviewed: 3 October 2022","Good","There are no comments available for this review","","","",""
"S","India","1 night ·","Solo traveller","September 2022","(Sanitised) Superior Double Room","Reviewed: 13 September 2022","Superb","There are no comments available for this review","","","",""
"Rohit","India","(Sanitised) Family Room","1 night ·","September 2022","Solo traveller","Reviewed: 10 September 2022","Superb","There are no comments available for this review","","","",""
"Neha","India","1 night ·","Solo traveller","July 2022","(Sanitised) Superior Double Room","Reviewed: 16 July 2022","Superb","There are no comments available for this review","","","",""
"Guruprakash","Australia","(Sanitised) Family Room","1 night ·","July 2022","Solo traveller","Reviewed: 16 July 2022","Superb","There are no comments available for this review","","","",""
"Raghaven","India","1 night ·","Solo traveller","July 2022","(Sanitised) Superior Double Room","Reviewed: 16 July 2022","Superb","There are no comments available for this review","","","",""
"Newton","India","1 night ·","Solo traveller","June 2022","(Sanitised) Superior Double Room","Reviewed: 8 June 2022","Superb","There are no comments available for this review","","","",""
"Balaji","India","1 night ·","Solo traveller","February 2022","(Sanitised) Superior Double Room","Reviewed: 16 February 2022","Superb","There are no comments available for this review","","","",""
"Madhurya","India","1 night ·","Solo traveller","February 2022","(Sanitised) Superior Double Room","Reviewed: 12 February 2022","Superb","There are no comments available for this review","","","",""
"","","","","","","","","","","","",""
"","","","","","","","","","","","",""
"Ishwarya","India","1 night ·","Solo traveller","February 2022","(Sanitised) Superior Double Room","Reviewed: 12 February 2022","Superb","There are no comments available for this review","","","",""
"Sakya","India","(Sanitised) Family Room","2 nights ·","February 2022","Solo traveller","Reviewed: 11 February 2022","Superb","There are no comments available for this review","","","",""
"Gineesh","India","1 night ·","Solo traveller","February 2022","(Sanitised) Superior Double Room","Reviewed: 10 February 2022","Superb","There are no comments available for this review","","","",""
"Kannan","India","1 night ·","Solo traveller","February 2022","(Sanitised) Superior Double Room","Reviewed: 10 February 2022","Superb","There are no comments available for this review","","","",""
"Gineesh","India","2 nights ·","Solo traveller","February 2022","(Sanitised) Superior Double Room","Reviewed: 9 February 2022","Superb","There are no comments available for this review","","","",""
"Gineesh","India","1 night ·","Solo traveller","February 2022","(Sanitised) Superior Double Room","Reviewed: 9 February 2022","Superb","There are no comments available for this review","","","",""
"Yadagiri","India","1 night ·","Solo traveller","February 2022","(Sanitised) Superior Double Room","Reviewed: 9 February 2022","Superb","There are no comments available for this review","","","",""
"Gineesh","India","1 night ·","Solo traveller","January 2022","(Sanitised) Superior Double Room","Reviewed: 6 February 2022","Superb","There are no comments available for this review","","","",""
"Gineesh","India","3 nights ·","Solo traveller","February 2022","(Sanitised) Superior Double Room","Reviewed: 6 February 2022","Superb","There are no comments available for this review","","","",""
"","","","","","","","","","","","",""
"","","","","","","","","","","","",""
"Bala","India","1 night ·","Solo traveller","February 2022","(Sanitised) Superior Double Room","Reviewed: 5 February 2022","Superb","There are no comments available for this review","","","",""
"Stalin","India","1 night ·","Solo traveller","February 2022","(Sanitised) Superior Double Room","Reviewed: 5 February 2022","Superb","There are no comments available for this review","","","",""
"Arun","United Arab Emirates","1 night ·","Solo traveller","January 2022","(Sanitised) Superior Double Room","Reviewed: 12 January 2022","Superb","There are no comments available for this review","","","",""
"S","India","1 night ·","Family","October 2022","(Sanitised) Superior Double Room","Reviewed: 20 October 2022","Exceptional","There are no comments available for this review","","","",""
"M","India","1 night ·","Solo traveller","September 2022","(Sanitised) Superior Double Room","Reviewed: 3 October 2022","Exceptional","There are no comments available for this review","","","",""
"Akbar","India","2 nights ·","Family","July 2022","(Sanitised) Superior Double Room","Reviewed: 29 July 2022","Exceptional","There are no comments available for this review","","","",""
"Thangarasu","","1 night ·","Family","May 2022","(Sanitised) Superior Double Room","Reviewed: 31 May 2022","Bad","There are no comments available for this review","","","",""
"Kuotsu","India","1 night ·","Group","March 2022","(Sanitised) Superior Double Room","Reviewed: 13 March 2022","Exceptional","There are no comments available for this review","","","",""
"Gineesh","India","1 night ·","Solo traveller","January 2022","(Sanitised) Superior Double Room","Reviewed: 23 January 2022","Exceptional","There are no comments available for this review","","","",""
"Selvan","India","2 nights ·","Solo traveller","January 2022","(Sanitised) Superior Double Room","Reviewed: 9 January 2022","Exceptional","There are no comments available for this review","","","",""
"","","","","","","","","","","","",""
"","","","","","","","","","","","",""
"Ishwarya","India","1 night ·","Solo traveller","December 2021","(Sanitised) Superior Double Room","Reviewed: 23 December 2021","Exceptional","There are no comments available for this review","","","",""
"Jamshid","India","1 night ·","Solo traveller","November 2021","(Sanitised) Superior Double Room","Reviewed: 12 November 2021","Exceptional","There are no comments available for this review","","","",""
"Vishnu","India","1 night ·","Solo traveller","October 2021","(Sanitised) Superior Double Room","Reviewed: 21 October 2021","Exceptional","There are no comments available for this review","","","",""
"Spandana","India","2 nights ·","Solo traveller","October 2021","(Sanitised) Superior Double Room","Reviewed: 16 October 2021","Good stay","There are no comments available for this review","","","",""
"Vel","India","1 night ·","Solo traveller","October 2021","(Sanitised) Superior Double Room","Reviewed: 13 October 2021","Good staff","There are no comments available for this review","Hotel response:","Really appreciate the kind review. Looking forward to...","",""
"Vaibhav","India","1 night ·","Solo traveller","October 2021","(Sanitised) Superior Double Room","Reviewed: 12 October 2021","Exceptional","There are no comments available for this review","","","",""
"Saravanan","India","3 nights ·","Solo traveller","October 2021","(Sanitised) Superior Double Room","Reviewed: 11 October 2021","Stay was nice and good location","There are no comments available for this review","","","",""
"Jeevan","India","1 night ·","Solo traveller","September 2021","(Sanitised) Superior Double Room","Reviewed: 14 September 2021","Exceptional","There are no comments available for this review","","","",""
"Srijeeth","India","(Sanitised) Family Room","1 night ·","July 2021","Solo traveller","Reviewed: 15 July 2021","Exceptional","There are no comments available for this review","","","",""
"Khan","India","1 night ·","Family","May 2021","(Sanitised) Superior Double Room","Reviewed: 27 May 2021","Exceptional","There are no comments available for this review","","","",""
"","","","","","","","","","","","",""
"","","","","","","","","","","","",""
"Ishwarya","India","1 night ·","Solo traveller","April 2021","(Sanitised) Superior Double Room","Reviewed: 20 May 2021","Exceptional","There are no comments available for this review","","","",""
"Ishwarya","India","1 night ·","Solo traveller","May 2021","(Sanitised) Superior Double Room","Reviewed: 20 May 2021","Exceptional","There are no comments available for this review","","","",""
"Shanthosh","India","2 nights ·","Solo traveller","May 2021","(Sanitised) Superior Double Room","Reviewed: 18 May 2021","Exceptional","There are no comments available for this review","","","",""
"Ananda","India","1 night ·","Solo traveller","May 2021","(Sanitised) Superior Double Room","Reviewed: 9 May 2021","Exceptional","There are no comments available for this review","","","",""
"Sheyaa","India","1 night ·","Solo traveller","April 2021","(Sanitised) Superior Double Room","Reviewed: 30 April 2021","Exceptional","There are no comments available for this review","","","",""
"Gogulageethan","India","2 nights ·","Solo traveller","April 2021","(Sanitised) Superior Double Room","Reviewed: 30 April 2021","Exceptional","There are no comments available for this review","","","",""
"Birchus","India","3 nights ·","Solo traveller","April 2021","(Sanitised) Superior Double Room","Reviewed: 21 April 2021","Exceptional","There are no comments available for this review","","","",""
"Mohamed","India","4 nights ·","Solo traveller","April 2021","(Sanitised) Superior Double Room","Reviewed: 18 April 2021","Exceptional","There are no comments available for this review","","","",""
"Sanjaykumar","Germany","1 night ·","Solo traveller","April 2021","(Sanitised) Superior Double Room","Reviewed: 13 April 2021","Exceptional","There are no comments available for this review","","","",""
"Sulfikar","India","1 night ·","Solo traveller","April 2021","(Sanitised) Superior Double Room","Reviewed: 13 April 2021","Exceptional","There are no comments available for this review","","","",""
"","","","","","","","","","","","",""
"","","","","","","","","","","","",""
"Salman","India","1 night ·","Solo traveller","April 2021","(Sanitised) Superior Double Room","Reviewed: 11 April 2021","Exceptional","There are no comments available for this review","","","",""
"Niranjan","India","1 night ·","Solo traveller","April 2021","(Sanitised) Superior Double Room","Reviewed: 11 April 2021","Exceptional","There are no comments available for this review","","","",""
"Sulfikar","India","2 nights ·","Solo traveller","April 2021","(Sanitised) Superior Double Room","Reviewed: 10 April 2021","Exceptional","There are no comments available for this review","","","",""
"Prasada","India","1 night ·","Solo traveller","April 2021","(Sanitised) Superior Double Room","Reviewed: 9 April 2021","Exceptional","There are no comments available for this review","","","",""
"Preethi","India","4 nights ·","Solo traveller","April 2021","(Sanitised) Superior Double Room","Reviewed: 6 April 2021","Exceptional","There are no comments available for this review","","","",""
"Bala","India","1 night ·","Couple","October 2023","(Sanitised) Superior Double Room","Reviewed: 24 November 2023","Exceptional","There are no comments available for this review","","","",""
"Arjun","India","1 night ·","Solo traveller","September 2023","(Sanitised) Superior Double Room","Reviewed: 20 September 2023","Exceptional","There are no comments available for this review","","","",""
"Ankitaa","India","4 nights ·","Family","June 2023","(Sanitised) Superior Double Room","Reviewed: 17 June 2023","Passable","There are no comments available for this review","","","",""
"Vishnu","Canada","1 night ·","Family","September 2022","(Sanitised) Superior Double Room","Reviewed: 17 September 2022","Passable","There are no comments available for this review","","","",""
"Anakin","India","(Sanitised) Family Room","1 night ·","August 2022","Family","Reviewed: 15 August 2022","Pleasant","There are no comments available for this review","","","",""
"","","","","","","","","","","","",""
"","","","","","","","","","","","",""
"Thapa","Nepal","(Sanitised) Family Room","3 nights ·","August 2022","Couple","Reviewed: 11 August 2022","Passable","There are no comments available for this review","","","",""
"Sasee","Sri Lanka","4 nights ·","Family","June 2022","(Sanitised) Superior Double Room","Reviewed: 25 July 2022","Pleasant","There are no comments available for this review","","","",""
"Narayana","India","1 night ·","Family","June 2022","(Sanitised) Superior Double Room","Reviewed: 13 June 2022","Passable","There are no comments available for this review","","","",""
"Thirumurugan","India","2 nights ·","Family","April 2022","(Sanitised) Superior Double Room","Reviewed: 16 April 2022","Pleasant","There are no comments available for this review","","","",""
"Suma","India","(Sanitised) Family Room","2 nights ·","March 2022","Group","Reviewed: 31 March 2022","Pleasant","There are no comments available for this review","","","",""
"Nanda","India","1 night ·","Family","January 2022","(Sanitised) Superior Double Room","Reviewed: 5 January 2022","Pleasant","There are no comments available for this review","","","",""
"Ts","India","(Sanitised) Family Room","1 night ·","December 2021","Family","Reviewed: 9 December 2021","In this winter hot water supply not available. On demand supplied only one bucketwhich is not enough","There are no comments available for this review","Hotel response:","We understand and regret that your experience with us...","",""
"Anandhakrishnan","United Arab Emirates","1 night ·","Couple","April 2021","(Sanitised) Superior Double Room","Reviewed: 18 April 2021","Exceptional","There are no comments available for this review","","","",""
"Prasadarao","India","1 night ·","Group","December 2023","(Sanitised) Superior Double Room","Reviewed: 22 January 2024","Passable","There are no comments available for this review","","","",""
"Vijayaanand","India","1 night ·","Family","August 2023","(Sanitised) Superior Double Room","Reviewed: 14 September 2023","Passable","There are no comments available for this review","","","",""
"","","","","","","","","","","","",""
"","","","","","","","","","","","",""
"Muhamed","India","1 night ·","Group","June 2023","(Sanitised) Superior Double Room","Reviewed: 25 June 2023","Disappointing","There are no comments available for this review","","","",""
"Rahman","Bangladesh","3 nights ·","Family","June 2023","(Sanitised) Superior Double Room","Reviewed: 19 June 2023","Passable","There are no comments available for this review","","","",""
"Martina","India","4 nights ·","Group","January 2023","(Sanitised) Superior Double Room","Reviewed: 30 January 2023","Very poor","There are no comments available for this review","","","",""
"Murugan","New Zealand","(Sanitised) Family Room","1 night ·","November 2022","Family","Reviewed: 24 November 2022","Very poor","There are no comments available for this review","","","",""
"Tushar","India","1 night ·","Family","October 2022","(Sanitised) Superior Double Room","Reviewed: 25 October 2022","Passable","There are no comments available for this review","","","",""
"Nihal","India","1 night ·","Family","September 2022","(Sanitised) Superior Double Room","Reviewed: 23 September 2022","Passable","There are no comments available for this review","","","",""
"Somasundaram","India","1 night ·","Couple","September 2022","(Sanitised) Superior Double Room","Reviewed: 16 September 2022","Passable","There are no comments available for this review","","","",""
"Harsha","Qatar","2 nights ·","Family","August 2022","(Sanitised) Superior Double Room","Reviewed: 11 September 2022","Pleasant","There are no comments available for this review","","","",""
"Antony","India","2 nights ·","Group","August 2022","(Sanitised) Superior Double Room","Reviewed: 15 August 2022","Poor","There are no comments available for this review","","","",""
"Ramamoorthy","India","1 night ·","Family","June 2022","(Sanitised) Superior Double Room","Reviewed: 24 July 2022","Disappointing","There are no comments available for this review","","","",""
"","","","","","","","","","","","",""
"","","","","","","","","","","","",""
"Vijaya","Saint Lucia","1 night ·","Family","July 2022","(Sanitised) Superior Double Room","Reviewed: 24 July 2022","Passable","There are no comments available for this review","","","",""
"Shiva","India","1 night ·","Group","April 2022","(Sanitised) Superior Double Room","Reviewed: 29 April 2022","Pleasant","There are no comments available for this review","","","",""
"Aravind","India","1 night ·","Solo traveller","March 2022","(Sanitised) Superior Double Room","Reviewed: 12 April 2022","Very poor","There are no comments available for this review","","","",""
"Surya","India","2 nights ·","Family","January 2022","(Sanitised) Superior Double Room","Reviewed: 7 January 2022","Bad","There are no comments available for this review","","","",""
"Ranjith","India","1 night ·","Solo traveller","January 2022","(Sanitised) Superior Double Room","Reviewed: 6 January 2022","Passable","There are no comments available for this review","","","",""
"Sankar","India","(Sanitised) Family Room","1 night ·","October 2021","Family","Reviewed: 5 December 2021","Passable","There are no comments available for this review","","","",""
"Karthic","India","1 night ·","Couple","July 2021","(Sanitised) Superior Double Room","Reviewed: 11 October 2021","Disappointing","There are no comments available for this review","","","",""
"Maniram","India","1 night ·","Solo traveller","November 2023","(Sanitised) Superior Double Room","Reviewed: 24 November 2023","Bad","There are no comments available for this review","","","",""
"Gopal","India","1 night ·","Couple","October 2023","(Sanitised) Superior Double Room","Reviewed: 7 October 2023","Bad","There are no comments available for this review","","","",""
"Sarvavignoban","Finland","2 nights ·","Couple","September 2023","(Sanitised) Superior Double Room","Reviewed: 24 September 2023","Disappointing","There are no comments available for this review","","","",""
"","","","","","","","","","","","",""
"","","","","","","","","","","","",""
"Ashwin","India","1 night ·","Group","August 2023","(Sanitised) Superior Double Room","Reviewed: 24 August 2023","Bad","There are no comments available for this review","","","",""
"Hemaa","India","1 night ·","Family","July 2023","(Sanitised) Superior Double Room","Reviewed: 10 July 2023","Bad","There are no comments available for this review","","","",""
"Shovan","India","(Sanitised) Family Room","2 nights ·","November 2022","Family","Reviewed: 19 December 2022","Bad","There are no comments available for this review","","","",""
"Shovan","India","(Sanitised) Family Room","5 nights ·","November 2022","Family","Reviewed: 19 December 2022","Bad","There are no comments available for this review","","","",""
"Faseel","India","1 night ·","Solo traveller","November 2022","(Sanitised) Superior Double Room","Reviewed: 9 December 2022","Bad","There are no comments available for this review","","","",""
"Priya","India","(Sanitised) Family Room","1 night ·","November 2022","Family","Reviewed: 5 November 2022","Very poor","There are no comments available for this review","","","",""
"Rao","India","(Sanitised) Family Room","4 nights ·","October 2022","Family","Reviewed: 29 October 2022","Bad","There are no comments available for this review","","","",""
"Sindhupriya","India","(Sanitised) Family Room","3 nights ·","October 2022","Family","Reviewed: 11 October 2022","Bad","There are no comments available for this review","","","",""
"Vasudevan","India","1 night ·","Solo traveller","October 2022","(Sanitised) Superior Double Room","Reviewed: 7 October 2022","Very poor","There are no comments available for this review","","","",""
"Mahesh","India","1 night ·","Family","September 2022","(Sanitised) Superior Double Room","Reviewed: 12 September 2022","Passable","There are no comments available for this review","","","",""
"","","","","","","","","","","","",""
"","","","","","","","","","","","",""
"Tapan","India","1 night ·","Family","September 2022","(Sanitised) Superior Double Room","Reviewed: 6 September 2022","Bad","There are no comments available for this review","","","",""
"Ravi","India","2 nights ·","Family","July 2022","(Sanitised) Superior Double Room","Reviewed: 16 July 2022","Bad","There are no comments available for this review","","","",""
"Abdulla","India","1 night ·","Solo traveller","July 2022","(Sanitised) Superior Double Room","Reviewed: 7 July 2022","Bad","There are no comments available for this review","","","",""
"Mitali","","3 nights ·","Family","June 2022","(Sanitised) Superior Double Room","Reviewed: 1 July 2022","Bad","There are no comments available for this review","","","",""
"Pradeep","India","1 night ·","Solo traveller","June 2022","(Sanitised) Superior Double Room","Reviewed: 18 June 2022","Bad","There are no comments available for this review","","","",""
"Shunmugam","Singapore","3 nights ·","Family","May 2022","(Sanitised) Superior Double Room","Reviewed: 7 June 2022","Poor","There are no comments available for this review","","","",""
"Vijay","India","4 nights ·","Couple","May 2022","(Sanitised) Superior Double Room","Reviewed: 16 May 2022","Very poor","There are no comments available for this review","","","",""
"Annslem","Sri Lanka","(Sanitised) Family Room","1 night ·","March 2022","Group","Reviewed: 7 March 2022","Bad","There are no comments available for this review","","","",""
"Joby","India","3 nights ·","Solo traveller","June 2023","(Sanitised) Superior Double Room","Reviewed: 25 June 2023","Exceptional","There are no comments available for this review","","","",""
"Karthick","India","1 night ·","Solo traveller","June 2023","(Sanitised) Superior Double Room","Reviewed: 25 June 2023","Exceptional","There are no comments available for this review","","","",""
"","","","","","","","","","","","",""
"","","","","","","","","","","","",""
"Bharath","India","1 night ·","Solo traveller","June 2023","(Sanitised) Superior Double Room","Reviewed: 25 June 2023","Exceptional","There are no comments available for this review","","","",""
"Shawn","India","2 nights ·","Solo traveller","June 2023","(Sanitised) Superior Double Room","Reviewed: 15 June 2023","Exceptional","There are no comments available for this review","","","",""
"Kumar","India","1 night ·","Solo traveller","June 2023","(Sanitised) Superior Double Room","Reviewed: 14 June 2023","Exceptional","There are no comments available for this review","","","",""
"Good","United Arab Emirates","1 night ·","Solo traveller","June 2023","(Sanitised) Superior Double Room","Reviewed: 14 June 2023","Exceptional","There are no comments available for this review","","","",""
"R","India","1 night ·","Solo traveller","June 2023","(Sanitised) Superior Double Room","Reviewed: 14 June 2023","Exceptional","There are no comments available for this review","","","",""
"Balaji","India","1 night ·","Solo traveller","June 2023","(Sanitised) Superior Double Room","Reviewed: 9 June 2023","Exceptional","There are no comments available for this review","","","",""
"Amal","India","3 nights ·","Solo traveller","June 2023","(Sanitised) Superior Double Room","Reviewed: 9 June 2023","Exceptional","There are no comments available for this review","","","",""
"Judah","India","1 night ·","Solo traveller","June 2023","(Sanitised) Superior Double Room","Reviewed: 9 June 2023","Exceptional","There are no comments available for this review","","","",""
"Sathish","India","1 night ·","Solo traveller","June 2023","(Sanitised) Superior Double Room","Reviewed: 9 June 2023","Exceptional","There are no comments available for this review","","","",""
"Suresh","India","1 night ·","Solo traveller","December 2022","(Sanitised) Superior Double Room","Reviewed: 9 January 2023","Bad","There are no comments available for this review","","","",""
"","","","","","","","","","","","",""
"","","","","","","","","","","","",""
"Sathish","India","1 night ·","Solo traveller","December 2022","(Sanitised) Superior Double Room","Reviewed: 3 January 2023","Bad","There are no comments available for this review","","","",""
"A","India","1 night ·","Solo traveller","October 2022","(Sanitised) Superior Double Room","Reviewed: 22 October 2022","Exceptional","There are no comments available for this review","","","",""
"Frank","India","(Sanitised) Family Room","3 nights ·","October 2022","Solo traveller","Reviewed: 22 October 2022","Exceptional","There are no comments available for this review","","","",""
"S","India","1 night ·","Solo traveller","October 2022","(Sanitised) Superior Double Room","Reviewed: 21 October 2022","Exceptional","There are no comments available for this review","","","",""
"Ganeshan","Australia","5 nights ·","Solo traveller","October 2022","(Sanitised) Superior Double Room","Reviewed: 19 October 2022","Exceptional","There are no comments available for this review","","","",""
"Paul","India","1 night ·","Solo traveller","October 2022","(Sanitised) Superior Double Room","Reviewed: 11 October 2022","Exceptional","There are no comments available for this review","","","",""
"Deepak","India","3 nights ·","Solo traveller","October 2022","(Sanitised) Superior Double Room","Reviewed: 11 October 2022","Exceptional","There are no comments available for this review","","","",""
"Shailesh","India","2 nights ·","Solo traveller","October 2022","(Sanitised) Superior Double Room","Reviewed: 7 October 2022","Exceptional","There are no comments available for this review","","","",""
"Mohammad","India","1 night ·","Solo traveller","September 2022","(Sanitised) Superior Double Room","Reviewed: 23 September 2022","Exceptional","There are no comments available for this review","","","",""
"Ashok","India","1 night ·","Solo traveller","September 2022","(Sanitised) Superior Double Room","Reviewed: 23 September 2022","Exceptional","There are no comments available for this review","","","",""
"","","","","","","","","","","","",""
"","","","","","","","","","","","",""
"Ds","India","3 nights ·","Solo traveller","September 2022","(Sanitised) Superior Double Room","Reviewed: 23 September 2022","Exceptional","There are no comments available for this review","","","",""
"Louise","Sweden","4 nights ·","Solo traveller","September 2022","(Sanitised) Superior Double Room","Reviewed: 21 September 2022","Exceptional","There are no comments available for this review","","","",""
"Arun","India","2 nights ·","Solo traveller","September 2022","(Sanitised) Superior Double Room","Reviewed: 21 September 2022","Exceptional","There are no comments available for this review","","","",""
"Apeksha","India","1 night ·","Solo traveller","September 2022","(Sanitised) Superior Double Room","Reviewed: 20 September 2022","Exceptional","There are no comments available for this review","","","",""
"Vijay","India","1 night ·","Solo traveller","September 2022","(Sanitised) Superior Double Room","Reviewed: 20 September 2022","Exceptional","There are no comments available for this review","","","",""
"Md","Bangladesh","2 nights ·","Solo traveller","September 2022","(Sanitised) Superior Double Room","Reviewed: 18 September 2022","Exceptional","There are no comments available for this review","","","",""
"Sharfuddin","Bangladesh","(Sanitised) Family Room","1 night ·","September 2022","Solo traveller","Reviewed: 18 September 2022","Exceptional","There are no comments available for this review","","","",""
"Kannan","India","2 nights ·","Solo traveller","September 2022","(Sanitised) Superior Double Room","Reviewed: 18 September 2022","Exceptional","There are no comments available for this review","","","",""
"Adarsh","India","(Sanitised) Family Room","1 night ·","September 2022","Solo traveller","Reviewed: 15 September 2022","Exceptional","There are no comments available for this review","","","",""
"","","","","","","","","","","","",""
"","","","","","","","","","","","",""
"Ajay","India","1 night ·","Solo traveller","September 2022","(Sanitised) Superior Double Room","Reviewed: 15 September 2022","Exceptional","There are no comments available for this review","","","",""
"Nicolle","Australia","3 nights ·","Solo traveller","September 2022","(Sanitised) Superior Double Room","Reviewed: 15 September 2022","Exceptional","There are no comments available for this review","","","",""
"Apeksha","India","1 night ·","Solo traveller","September 2022","(Sanitised) Superior Double Room","Reviewed: 13 September 2022","Exceptional","There are no comments available for this review","","","",""
"Vinod","India","1 night ·","Solo traveller","September 2022","(Sanitised) Superior Double Room","Reviewed: 13 September 2022","Exceptional","There are no comments available for this review","","","",""
"Chandrasekar","India","1 night ·","Solo traveller","September 2022","(Sanitised) Superior Double Room","Reviewed: 11 September 2022","Exceptional","There are no comments available for this review","","","",""
"Satish","India","(Sanitised) Family Room","1 night ·","September 2022","Solo traveller","Reviewed: 10 September 2022","Exceptional","There are no comments available for this review","","","",""
"Raja","India","1 night ·","Solo traveller","September 2022","(Sanitised) Superior Double Room","Reviewed: 10 September 2022","Exceptional","There are no comments available for this review","","","",""
"Chandramohan","India","1 night ·","Solo traveller","September 2022","(Sanitised) Superior Double Room","Reviewed: 9 September 2022","Exceptional","There are no comments available for this review","","","",""
"Sadek","Bangladesh","(Sanitised) Family Room","1 night ·","September 2022","Solo traveller","Reviewed: 9 September 2022","Exceptional","There are no comments available for this review","","","",""
"Ram","India","1 night ·","Solo traveller","September 2022","(Sanitised) Superior Double Room","Reviewed: 9 September 2022","Exceptional","There are no comments available for this review","","","",""
"","","","","","","","","","","","",""
"","","","","","","","","","","","",""