"a3332d346a","afac1f68d9","abf093bdfe","abf093bdfe 2","abf093bdfe 3","abf093bdfe 4","abf093bdfe 5","f6431b446c","a53cbfa6de","a53cbfa6de 2","a3332d346a 2","a53cbfa6de 3"
"Harshwardhan","India","Day use Room - Same day check in and check out - 9 am to 5 pm","1 night ·","May 2022","Solo traveller","Reviewed: 2 June 2022","All The Best","Value for Money. Excellent location","","",""
"Prabhu","India","1 night ·","Family","March 2024","Standard Room","Reviewed: 24 March 2024","Disappointed may be expectation was high","Location and clink was","Food and staff services","Hotel response:","Dear Guest,

We apologize for the unsatisfactory food..."
"Sanjit","India","3 nights ·","Family","September 2023","Standard Room","Reviewed: 1 October 2023","Overall stay was comfortable.","The toilet could be better maintained.","","Hotel response:","Dear Guest,

Thank you for sharing your review with us..."
"Adil","India","3 nights ·","Solo traveller","May 2023","Standard Room","Reviewed: 5 June 2023","4 night at Ginger Chennai","A decent property for budget and work purposes.
Overall its good .","It good be more clean,. 
And there should be some activities..","",""
"Tanmoy","India","2 nights ·","Couple","May 2023","Standard Room","Reviewed: 10 May 2023","Disappointing","Stay was ok ok. But the food was very bad . Being a regular customer also I faced some food issue this time . We have ordered food at 10 pm because the kitchen closing time was 10:30 pm . But we had food at around 11:30 . Ordered for chicken curry, taste waise it was good but the chicken was smelling very bad . And when we complained about it that reception team informed that the kitchen is closed and they don't want to register the complaint and don't want to listen about food complaint. Next morning also no one bothered about that complaint. Ii have paid for that chicken curry I don't have any problem to pay but no one want to check the food quality. So plz check with your food quality every time before serving.","","",""
"Preethi","India","2 nights ·","Solo traveller","March 2023","Standard Room","Reviewed: 17 March 2023","Not encouraged to stay back","I have not taken  the Breakfast. The receptionist( Male ) who took the call could not indicate the Location and the Land Mark .","The person who receives the call need to atleast understand the ENGLISH and HINDI and he should know the Location and the Land Mark","",""
"Mohamed","Sri Lanka","1 night ·","Group","January 2023","Standard Room","Reviewed: 29 January 2023","need to have good and polite staff","there was a receptionist call “priya she is not professional and dont even know how to behave with valued customers. rest of all staff are excellent","location is comfortable","",""
"Rajesh","India","1 night ·","Family","November 2021","Standard Room","Reviewed: 4 November 2021","Overpriced for our experience.","Location","No shower curtain. Cockroaches running around;  Eighth floor was stinking with strong cigarette stink. No room fresheners. Painful experience.","","1 person found this review helpful."
"Srinivasan","United Arab Emirates","2 nights ·","Solo traveller","January 2024","Standard Room","Reviewed: 9 February 2024","could have been better","location of the property was good and staffs at restaurant was helpful","you need to have tamil speaking staff. The front office was very mechanical and not friendly","Hotel response:","Dear Guest,

Please do accept our sincere apologies..."
"Jkay56","India","1 night ·","Family","January 2024","Standard Room","Reviewed: 29 January 2024","Pleasant","Location and Staff","Everything else","Hotel response:","Dear Guest,

Thank you for the rating.
Your feedback..."
"Ravindra","India","1 night ·","Family","December 2023","Standard Room","Reviewed: 24 December 2023","You are in hospitality industry,  has to take care","Not much to say","Front desk staff is not caurtious,  reached the property half an hour early, they refused to provide Room saying only by 2 o clock Room will be alloted as per hotel policy.
Out of 3 rooms one Room (R.no 711)flush was not working, complained 3 times problem was not solved, was forced to use other Room toilet 
Over all not a pleasant stay","Hotel response:","Dear Guest,

We are sorry to hear about your..."
"Vijay","India","1 night ·","Couple","November 2023","Standard Room","Reviewed: 3 December 2023","Passable","The Hall Mark of our stay at this hotel was the courteous staff. Each and every one without exception went out of their way to make our stay as comfortable as possible. The staff at the front desk were extremely professional and efficient. The restaurant was being painted when we went for lunch but this did not deter the staff from quickly taking our food order and serving it promptly in the room. The cleaning staff were also exceptional trying their best to make the stay as comfortable as possible .","We chose the hotel considering Ginger is a part of the TATA group. Unfortunately the facilities were not up to the standard expected. Some renovation work was being undertaken and it would have been better for the hotel to complete them before accepting bookings. In any case, thanks to the staff at Ginger our stay was comfortable.","Hotel response:","Dear Guest,

Thank you for the review.
Your feedback..."
"Shravan","India","Smart Saver Room","2 nights ·","October 2023","Solo traveller","Reviewed: 7 October 2023","A ok ok sray","The location","The hot water wasn't working
The mattress was just sinking in and not comfortable","Hotel response:","Dear Guest,

Thank you for sharing your review with us..."
"Srikanth","India","1 night ·","Family","July 2023","Standard Room","Reviewed: 13 July 2023","Disappointing","only the location","Room size is too small to the price charged","Hotel response:","Dear Guest,

Thank you for sharing your review with us..."
"Kadirvelu","India","1 night ·","Couple","February 2023","Standard Room","Reviewed: 20 March 2023","Pleasant","Location","Location","",""
"Piraj","India","1 night ·","Family","March 2023","Standard Room","Reviewed: 19 March 2023","Passable","Location","Room was not maintained, cleanliness, & upkeeped properly.
They are charging very high for very the facility provided. Not recommended","",""
"Krishnan","India","4 nights ·","Family","March 2023","Standard Room","Reviewed: 18 March 2023","Passable","No maintenance at all. Faucets in bathrooms are leaking","","",""
"Sameer","India","3 nights ·","Couple","February 2023","Standard Room","Reviewed: 24 February 2023","Disappointing","Poor maintenance , cockroaxhes in room.","","",""
"Media","India","1 night ·","Family","December 2022","Standard Room","Reviewed: 20 February 2023","Ginger chennai review","The location is accessible to the city","Bed was not comfortable, room was not as expected and bit stinky","",""
"Srinivas","United Arab Emirates","1 night ·","Solo traveller","May 2022","Standard Room","Reviewed: 7 August 2022","Pleasant","Neatness of room","Reception could be more professional.","",""
"","","","","","","","","","","",""
"","","","","","","","","","","",""
"Shailendra","India","4 nights ·","Solo traveller","June 2022","Standard Room","Reviewed: 24 June 2022","Dis","Excellent staff and very good service at breakfast","It seems that hotel has used second hand material...reception staff is not attentive to complaints...took 28 hours to resol ve highlighted issues...rooms are very congested...iI tried Ginger first time and it was very bad experidnce...","",""
"Bharathkumar","India","Standard Twin Room","1 night ·","December 2023","Couple","Reviewed: 11 December 2023","Disappointing","Location is good","The room is very small. It is a completely different size than what we see in pics.","Hotel response:","Dear Guest,

Thank you for sharing your review with us..."
"Balakumaran","India","Suite","1 night ·","November 2023","Solo traveller","Reviewed: 28 November 2023","Disappointing","Waste of time stay here","","",""
"Manu","India","2 nights ·","Solo traveller","September 2023","Standard Room","Reviewed: 19 September 2023","DO NOT STAY IN THIS PROPERTY, UNHYGENIC","Other Than the Stay nothing is good about the Hotel.","Bathrooms are really bad. The dirtiest bathroom i have ever come across in any hotels, now i know they are in Ginger Hotels. The staff takes alot of time to even provide a bottle of water. Not Recomended","Hotel response:","Dear Guest, 

Thank you for taking the time to tell us..."
"Somaiya","India","2 nights ·","Solo traveller","July 2023","Standard Room","Reviewed: 5 July 2023","Disappointing","there is Lobby at the property....why we have to pay before check inn

there no proper Mobile charging  points","","",""
"Hari","India","2 nights ·","Couple","August 2022","Standard Room","Reviewed: 18 September 2022","overall it’s not up to the mark","I didn’t like room quality,staff was good especially watchman is outstanding:-)","the receptionists mainly","",""
"Yogeshwaran","India","1 night ·","Solo traveller","August 2022","Standard Room","Reviewed: 4 August 2022","room was not up to the expectations of ginger","room size and ambience","","",""
"Girijasampathkumar","India","2 nights ·","Family","June 2023","Standard Room","Reviewed: 5 June 2023","Pleasant","Good location","No facilities","",""
"Kingsno","India","Suite","1 night ·","November 2023","Couple","Reviewed: 1 January 2024","Exceptional","Nothing to say","I liked everything","Hotel response:","Dear Guest,

Thank you for the rating.
Your feedback..."
"Vishal","United Arab Emirates","1 night ·","Group","December 2023","Standard Room","Reviewed: 28 December 2023","Superb","Location","Room Size for 3 Adult","Hotel response:","Dear Guest,

Thank you for the review.
Your feedback..."
"","","","","","","","","","","",""
"","","","","","","","","","","",""
"Kesavan","India","Day use Room - Same day check in and check out - 9 am to 5 pm","1 night ·","October 2022","Solo traveller","Reviewed: 1 October 2022","Exceptional","Yes it is good 😌","Very clean comfortable stay","",""
"Subir","India","3 nights ·","Family","March 2024","Standard Room","Reviewed: 25 March 2024","Good","It was good experience.","","Hotel response:","Dear Guest,

Thank you for your feedback. 
With respect..."
"Vanathi","India","Standard Twin Room","1 night ·","January 2024","Family","Reviewed: 16 February 2024","good","value for money - good service - polite & courteous staff - good facilities","","Hotel response:","Dear Guest,

Thank you for taking the time to provide..."
"Sijo","Sweden","1 night ·","Couple","November 2023","Standard Room","Reviewed: 11 November 2023","The hotel staff was very friendly but the hotel room was not good enough","The hotel staff was very nice","The hotel room was not good enough","Hotel response:","Dear Guest,

Thank you for sharing your review with us..."
"Shanker","India","1 night ·","Couple","May 2023","Standard Room","Reviewed: 22 May 2023","I had a good time however the price  could have been lesser as per the facilities..","The staffs were good but not hospitality oriented..","The money doesn’t worst the room and the facilities. I would definitely get a better resort with a beach view balcony or a hotel with pool with better hospitality at this price. The location like Vadapalani that has got many economy range hotels around..","",""
"Balaganesh","India","1 night ·","Group","May 2023","Standard Room","Reviewed: 14 May 2023","Superb","Easy accessible to city. Metro is near by.","Room is so smaller than the normal.","",""
"Debashis","India","3 nights ·","Solo traveller","December 2022","Standard Room","Reviewed: 20 December 2022","Poor","No","Service","",""
"Krishna","India","2 nights ·","Couple","October 2022","Standard Room","Reviewed: 20 October 2022","Decent room and facilities average but the cost was modest.","Breakfast was average and the hotel was good value for money!! $75/ night includes all taxes!! Went for 2 nights to see relatives.","Nothing to complain about.","",""
"Gaikwad","India","4 nights ·","Family","October 2022","Standard Room","Reviewed: 5 October 2022","Good","Breakfast","Rooms are Small","",""
"Heera","India","1 night ·","Family","October 2022","Standard Room","Reviewed: 4 October 2022","Leisure","Calm atmosphere and good service of receptionists.","A staff who brought lunch looked at me in the way which I felt embarrassed.","","1 person found this review helpful."
"","","","","","","","","","","",""
"","","","","","","","","","","",""
"Rashmi","India","3 nights ·","Family","July 2022","Standard Room","Reviewed: 25 July 2022","Very good","Food was really good. Staffs are thoroughly professional","","",""
"Kiran","India","3 nights ·","Family","June 2022","Standard Room","Reviewed: 14 June 2022","Good. Must have future goals where u tend to achieve and reach.","Experienced Staff
Good Sheff with menu
Cheap food","Operating TV
Bath room interconnected with rest room
No european plugs
No instructions on using AC, TV, Locker","",""
"Dhawde","India","1 night ·","Family","April 2022","Standard Room","Reviewed: 4 May 2022","Superb","Break fast was good","Some times late room services","",""
"Sivakumar","India","2 nights ·","Solo traveller","April 2022","Standard Room","Reviewed: 16 April 2022","Very good","Nice quiet place with a lot of privacy. It is a good budget hotel in a central location.","They did not replace the towels after the 1st day though I had stayed for 2 days.","",""
"Dass","India","1 night ·","Solo traveller","July 2021","Standard Room","Reviewed: 17 July 2021","Good","I asked for king size..they twin bed.","Nothing to mention","",""
"Karthim","India","Standard Twin Room","1 night ·","February 2024","Solo traveller","Reviewed: 25 February 2024","Good","There are cockroaches in washroom  cleaning services should be not gpod","","Hotel response:","Dear Guest, 

Thank you for taking the time to tell us..."
"Mohanraj","India","Standard Twin Room","1 night ·","October 2023","Solo traveller","Reviewed: 4 November 2023","Good","Location","Rooms are small. It is well organised building for Hotel.","Hotel response:","Dear Guest,

Thank you for the review.
Your feedback..."
"Vanida","United Kingdom","1 night ·","Family","August 2023","Standard Room","Reviewed: 11 August 2023","Good place to stay for a day","Staff very amazing specially Ranga.","Shower not working and noisy","Hotel response:","Dear Guest,

Thank you for taking the time to provide..."
"Ganesh","India","Standard Twin Room","1 night ·","August 2023","Group","Reviewed: 7 August 2023","Stay was not pleasant, and we didn't felt like we are staying in TATA property.","Location is good, Shower was good.
Also the manager listened to us and promised to improve upon situation. he also promised to refund the breakfast money.","Room was no clean
Bed was not cleaned.
Breakfast was very average, not worth of paying 315 Rs., but the manager promised to pay it back.
Staff was not responsive at all. we asked WiFI password, but no response. even for check in it took 15- 20 minutes for each of us.
For breakfast sufficient plates were not available, no filter coffee was available. food quality was very average","Hotel response:","Dear Guest, 

Thank you for taking the time to tell us..."
"Bhaktapriya","India","1 night ·","Couple","April 2023","Standard Room","Reviewed: 11 April 2023","No value for money","Location of the property","Room size is too too small","",""
"","","","","","","","","","","",""
"","","","","","","","","","","",""
"Gopalakrishnan","India","1 night ·","Solo traveller","November 2022","Standard Room","Reviewed: 17 November 2022","Ideal budget stay","Check in process","Bill not given on check out.
System down","",""
"Narakath","Oman","1 night ·","Group","March 2024","Standard Room","Reviewed: 19 March 2024","worst experience and will never stay in ginger chennai any more","The Room were full of cockroaches and substandard, The bathroom drainage were blocked and after bath the bathroom were flooded with water due to drainage blocked. we are three persons staying 2 bed. we raise the complaint to reception, The AC were not working, In night due to heat we open the AC filter, found it was fully chocked with dust and we cleaned the window ac filter, after that it was cooling little bit. The stay were disaster. Really speaking worst experience. should return back the amount. we asked the hotel to return the money to stay other hotel. reception told we cannot cancel as per the hotel policy and booking cannot be reimbursed.","cock roaches and badly maintained hotel.","Hotel response:","Dear Guest, 

Thank you for taking the time to tell us..."
"Sajan","India","1 night ·","Solo traveller","January 2024","Standard Room","Reviewed: 28 January 2024","Very poor","very tiny rooms and badly maintained","Staff could not even arrange a taxi for me to the airport on request. They said they do not have this facility. Quite strange for a hotel to say this....This facility doesn't suit Tata's standards.","Hotel response:","Dear Guest,

We are sorry to hear about your..."
"Kausar","India","1 night ·","Couple","January 2024","Standard Room","Reviewed: 15 January 2024","Not worth for the price I paid","The room is very small, hardly we have space to walk","internet wasn't working, very small room for that price","Hotel response:","Dear Guest,

Thank you for sharing your review with us..."
"Dattathreya","India","Standard Twin Room","2 nights ·","November 2023","Group","Reviewed: 13 January 2024","Place needs to be shut and fumigated","Absolutely nothing about this place is good","Everything except the staff","Hotel response:","Dear Guest,

We are sorry to hear about your..."
"A","India","7 nights ·","Solo traveller","January 2024","Standard Room","Reviewed: 8 January 2024","Unable recommend this place as it is.","Only staff.","Compl. Hotel require require overhaul, redo and refurbish.
Many problems.","Hotel response:","Dear Guest,

Thank you for sharing your review with us..."
"Bs","India","1 night ·","Family","December 2023","Standard Room","Reviewed: 23 December 2023","Worst experience","Location parking is only one good thing.","Actually i booked for one large bed but they have given two small single seperate beds. Also telephone service is not working. Door card is not working. Ac not working. Poor Tv. Everything was in under maintenance. And one main thing is they haven't informed until i pay the money","Hotel response:","Dear Guest,

Thank you for sharing your review with us..."
"Mohanasundaram","India","1 night ·","Solo traveller","December 2023","Standard Room","Reviewed: 14 December 2023","dissapointing","The rooms were damp and the smell of dampness was all over. Did not expect this from a TATA Group hotel","","Hotel response:","Dear Guest,

We regret to hear that you found your..."
"Arya","India","1 night ·","Couple","November 2023","Standard Room","Reviewed: 8 December 2023","","This review has been hidden because it doesn't meet our guidelines.","","",""
"Saravanan","Malaysia","1 night ·","Family","November 2023","Standard Room","Reviewed: 3 December 2023","Bad","Lication","Room was full of insects and cockroac all over..key card wasn't working at all....if doing thus type of reno work..plsclosw down the hotel n do a proper reno.","Hotel response:","Dear Guest,

Thank you for sharing your review with us..."
"","","","","","","","","","","",""
"","","","","","","","","","","",""
"Nitesh","India","Standard Twin Room","1 night ·","November 2023","Solo traveller","Reviewed: 27 November 2023","Bad","Nothing","","",""
"Rasu","India","1 night ·","Family","July 2023","Standard Room","Reviewed: 5 July 2023","Bad","In the mid night I was struggled for check in with old age parents , brother and his family and small kids,, no heart for hotel people . I travelled from far away krishnagiri, midnight 1 o clock that reception lady not allowed to me check in … finally I went out and stayed at some other hotel.. after booking confirmation no calls from hotel and proper instructions…. Very bad experience to me","","Hotel response:","Dear Guest,

Thank you for sharing your review with us..."
"Naveen","Poland","1 night ·","Couple","March 2023","Standard Room","Reviewed: 20 March 2023","Poor","very small room. Def not worth of the money","","",""
"Raj","India","1 night ·","Solo traveller","March 2023","Standard Room","Reviewed: 5 March 2023","Bad","The entire property is not maintained properly it’s very poor .","","",""
"Rajesh","India","1 night ·","Solo traveller","February 2023","Standard Room","Reviewed: 18 February 2023","Only advantage is the location","Location","Poor housekeeping services. When checked in, room was not clean.","",""
"San","United Kingdom","2 nights ·","Family","January 2023","Standard Room","Reviewed: 11 February 2023","Bad","Nothing good , as we had a terrible experience there.

.","The local maintenance staff employed  are  very racist and rude.
My brother had an accident in the hotel because of the negligence of one of their staff there.

Bathrooms are slippery","",""
"Senthil","Singapore","1 night ·","Solo traveller","February 2023","Standard Room","Reviewed: 11 February 2023","Bad experience","Staff","Size of the room, cleanliness","",""
"Thiru","India","3 nights ·","Solo traveller","December 2022","Standard Room","Reviewed: 26 December 2022","Bad","Worst","Room, Bathroom, Cleanliness.. Cockroaches everywhere","",""
"David","India","Day use Room - Same day check in and check out - 9 am to 5 pm","1 night ·","December 2022","Couple","Reviewed: 7 December 2022","Bad","Very bad service","","",""
"Shetty","India","2 nights ·","Family","November 2022","Standard Room","Reviewed: 27 November 2022","Bad","They had all the services but all were bad","No cleanliness at all.. cockroaches roaming around bad rooms with hair everything looks old.. i read the negative reviews still went with this hotel.
The best part is they have so many bad  reviews but still haven't taken a single step to fix anything. The lady on the reception in the mornings looks like she just woke up from her sleep ! Wake up ginger !!","",""
"","","","","","","","","","","",""
"","","","","","","","","","","",""
"S","India","1 night ·","Family","October 2022","Standard Room","Reviewed: 18 October 2022","Pathetic stay and will not come back again , though i was frequent visitor to to Ginger , this time","Though i hv paid huge amount for 11 hrs stay , no breakfast in that . Room cost was very high Rs.4500","Room it self given in a corner flush not working properly","",""
"Amarnath","India","Day use Room - Same day check in and check out - 9 am to 5 pm","1 night ·","October 2022","Couple","Reviewed: 13 October 2022","Risk your time and stay","They just denied booking stating they sidnt get any confirmation from booking.com.i showed them the email confirmation email and booking no and pin too.they just refused","Unprofessional","",""
"Tyagi","India","1 night ·","Solo traveller","September 2022","Standard Room","Reviewed: 10 September 2022","i will never visit ginger","There is nothing to like","rooms,staff, restaurant area stinking","",""
"Viren","India","1 night ·","Family","August 2022","Standard Room","Reviewed: 26 August 2022","Bad","Property is ill maintained.","Over all did not like this","",""
"Kumar","India","1 night ·","Solo traveller","July 2022","Standard Room","Reviewed: 21 July 2022","see above my god","birthing","it is like a Railway Station Lodge . can’t believe it is a TATA chain of hotels . The worst hotel I have stayed in my life time . May b I have stayed similar in my college bachelor broken days .
and it is not cheap as well .
3500 plus for a night for such a small small room with all 15 years old furniture . bathroom is pathetic with the shower water going everywhere . Towels like so so dirty .
if u call reception it takes 5 full minutes to someone pick up .
kettle so so old and not working and have to fix it after I call them . 
checkin takes 15 minutes even if you are the only customer at that time and same for check out .
However the staff are friendly and nice .

A super expensive local lodge that is GINGER .

My God . Will never go again .","",""
"Nawaz","United Arab Emirates","2 nights ·","Solo traveller","June 2022","Standard Room","Reviewed: 25 June 2022","toilet not cleaned . breakfast packed was not worth for the money charged - it’s a cheating","location","bathroom was not cleaned from previous customer stay. I reminded the staff . he cleaned the bathroom but closet was not cleaned . it was stained 

it was early checkout coz I had my flight . staff themself said that they will pack awesome breakfast- I said ok - when I opened the box - it was 3 slice of bread , butter and Jam packed . I had paid for breakfast and it was not worth .","",""
"Global","India","3 nights ·","Family","May 2022","Standard Room","Reviewed: 29 May 2022","Reception & Manager minus marks if it is TaTa group admin functionality to be improve for standards","Ok","","",""
"Balasubramaniam","India","2 nights ·","Group","May 2022","Standard Room","Reviewed: 15 May 2022","Bad. Do not want to remember. Will never go there again","Did not have breakfast","Room size, cleanliness and washroom facilities","",""
"Vineeth","United Arab Emirates","Day use Room - Same day check in and check out - 9 am to 5 pm","1 night ·","May 2022","Couple","Reviewed: 5 May 2022","Very poor","It is not worth as per the cost, cost is very high and do not have such fecilities","","",""
"Mrinal","India","1 night ·","Solo traveller","October 2021","Standard Room","Reviewed: 4 November 2021","Bad","coffeeshop not operative , the rooms small , bed is not proper","","",""
"","","","","","","","","","","",""
"","","","","","","","","","","",""
"Sukanya","India","1 night ·","Solo traveller","February 2023","Standard Room","Reviewed: 10 February 2023","Bad","Room booked and confirmation number received next day reached there ,
They said booking cancelled and message sent to booking.vom.
Worst customer service . Through online booking cheating people.","","",""
"Dhawde","India","1 night ·","Family","April 2022","Standard Room","Reviewed: 8 April 2022","Good","Yes but room service is very slow. One more thing is complemenary breakfast have to added within booking. They charged it seperately Generally it is added as its name is complemenary","Room size is small. It should be easy to use","","2 person found this review helpful."
"Anonymous","India","3 nights ·","Solo traveller","March 2023","Standard Room","Reviewed: 13 March 2023","Repent","Nothing was good other than location","Untidy rooms and bathrooms. First thing to notice in the room was a cockroach. Got a different room then. Breakfast was pathetic. Repent paying for it additionally in the price package. There are plenty of good breakfast options around the hotel. Don’t pay a high for the low grade food .","",""
"Anonymous","Indonesia","1 night ·","Group","October 2021","Standard Room","Reviewed: 13 October 2021","Poor","Meal
Ok","Hight tarrif comparing facilities","",""
"Pradeep","India","2 nights ·","Solo traveller","June 2023","Standard Room","Reviewed: 12 June 2023","Pleasant","There are no comments available for this review","","",""
"Mondal","India","2 nights ·","Family","October 2022","Standard Room","Reviewed: 10 October 2022","Pleasant","There are no comments available for this review","","",""
"Sandeep","India","3 nights ·","Solo traveller","June 2022","Standard Room","Reviewed: 24 June 2022","Pleasant","There are no comments available for this review","","",""
"Yogaraja","India","2 nights ·","Family","June 2022","Standard Room","Reviewed: 19 June 2022","Disappointing","There are no comments available for this review","","",""
"Srinivasa","India","1 night ·","Group","October 2021","Standard Room","Reviewed: 2 November 2021","Passable","There are no comments available for this review","","",""
"Samarth","India","2 nights ·","Group","January 2024","Standard Room","Reviewed: 31 January 2024","Pleasant","There are no comments available for this review","","",""
"","","","","","","","","","","",""
"","","","","","","","","","","",""
"Magesh","United States","Standard Twin Room","4 nights ·","November 2023","Solo traveller","Reviewed: 25 November 2023","Disappointing","There are no comments available for this review","","",""
"Jerusha","Singapore","Smart Saver Room","8 nights ·","September 2023","Solo traveller","Reviewed: 21 September 2023","Passable","There are no comments available for this review","","",""
"Vijaya","India","2 nights ·","Family","September 2023","Standard Room","Reviewed: 14 September 2023","Disappointing","There are no comments available for this review","","",""
"Inder","India","4 nights ·","Solo traveller","June 2023","Standard Room","Reviewed: 9 June 2023","Passable","There are no comments available for this review","","",""
"Shivakumar","India","1 night ·","Family","March 2023","Standard Room","Reviewed: 2 April 2023","Disappointing","There are no comments available for this review","","",""
"Sudip","India","2 nights ·","Solo traveller","February 2023","Standard Room","Reviewed: 11 February 2023","Pleasant","There are no comments available for this review","","",""
"Sudip","India","2 nights ·","Family","February 2023","Standard Room","Reviewed: 7 February 2023","Passable","There are no comments available for this review","","",""
"Neil","India","1 night ·","Couple","January 2023","Standard Room","Reviewed: 4 February 2023","Pleasant","There are no comments available for this review","","",""
"Anil","India","1 night ·","Group","December 2022","Standard Room","Reviewed: 31 December 2022","Disappointing","There are no comments available for this review","","",""
"Vishnu","India","Day use Room - Same day check in and check out - 9 am to 5 pm","1 night ·","November 2022","Group","Reviewed: 14 December 2022","Passable","There are no comments available for this review","","",""
"","","","","","","","","","","",""
"","","","","","","","","","","",""
"Soumen","India","1 night ·","Solo traveller","July 2022","Standard Room","Reviewed: 9 July 2022","Passable","There are no comments available for this review","","",""
"Ganesh","India","Smart Saver Room","2 nights ·","February 2024","Solo traveller","Reviewed: 24 February 2024","Disappointing","There are no comments available for this review","","",""
"Rajesh","India","Smart Saver Room","2 nights ·","January 2024","Solo traveller","Reviewed: 6 January 2024","Passable","There are no comments available for this review","","",""
"Maahesh","India","Standard Twin Room","2 nights ·","December 2023","Family","Reviewed: 18 December 2023","Pleasant","There are no comments available for this review","","",""
"Maria","India","1 night ·","Family","December 2023","Standard Room","Reviewed: 2 December 2023","Disappointing","There are no comments available for this review","","",""
"Nisha","India","2 nights ·","Solo traveller","August 2023","Standard Room","Reviewed: 6 November 2023","Disappointing","There are no comments available for this review","","",""
"Sumanth","India","3 nights ·","Family","January 2023","Standard Room","Reviewed: 29 January 2023","Passable","There are no comments available for this review","","",""
"Anila","India","Day use Room - Same day check in and check out - 9 am to 5 pm","1 night ·","June 2022","Solo traveller","Reviewed: 18 June 2022","Disappointing","There are no comments available for this review","","",""
"Krishnakumar","India","1 night ·","Couple","January 2024","Standard Room","Reviewed: 17 February 2024","Very good","There are no comments available for this review","","",""
"Deshpande","India","Standard Twin Room","1 night ·","February 2024","Group","Reviewed: 17 February 2024","Exceptional","There are no comments available for this review","","",""
"","","","","","","","","","","",""
"","","","","","","","","","","",""
"Madhubala","India","1 night ·","Couple","December 2023","Standard Room","Reviewed: 12 February 2024","Superb","There are no comments available for this review","","",""
"Kingsno","India","1 night ·","Family","January 2024","Standard Room","Reviewed: 31 January 2024","Exceptional","There are no comments available for this review","","",""
"G","India","1 night ·","Family","January 2024","Standard Room","Reviewed: 14 January 2024","Very good","There are no comments available for this review","","",""
"Kingsno","India","Standard Twin Room","1 night ·","January 2024","Couple","Reviewed: 4 January 2024","Exceptional","There are no comments available for this review","","",""
"Habeeshan","Sri Lanka","1 night ·","Group","November 2023","Standard Room","Reviewed: 1 December 2023","Exceptional","There are no comments available for this review","","",""
"Habeeshan","Sri Lanka","1 night ·","Group","November 2023","Standard Room","Reviewed: 1 December 2023","Very good","There are no comments available for this review","","",""
"R","India","Standard Twin Room","1 night ·","August 2023","Group","Reviewed: 3 August 2023","Superb","There are no comments available for this review","","",""
"Mohammed","India","2 nights ·","Family","July 2023","Standard Room","Reviewed: 20 July 2023","Superb","There are no comments available for this review","","",""
"Thiyagu","India","Day use Room - Same day check in and check out - 9 am to 5 pm","1 night ·","June 2023","Couple","Reviewed: 5 July 2023","Superb","There are no comments available for this review","","",""
"","","","","","","","","","","",""
"","","","","","","","","","","",""
"Alfred","India","1 night ·","Solo traveller","April 2023","Standard Room","Reviewed: 3 April 2023","Bad","There are no comments available for this review","","",""
"Rekha","India","1 night ·","Group","January 2023","Standard Room","Reviewed: 19 February 2023","Superb","There are no comments available for this review","","",""
"Girish","Qatar","1 night ·","Solo traveller","September 2022","Standard Room","Reviewed: 25 November 2022","Very good","There are no comments available for this review","","",""
"Senthil","India","Day use Room - Same day check in and check out - 9 am to 5 pm","1 night ·","October 2022","Couple","Reviewed: 24 October 2022","Exceptional","There are no comments available for this review","","",""
"Rajhgor","India","2 nights ·","Solo traveller","September 2022","Standard Room","Reviewed: 26 September 2022","Superb","There are no comments available for this review","","",""
"Binaya","India","2 nights ·","Family","July 2022","Standard Room","Reviewed: 16 July 2022","Good","There are no comments available for this review","","",""
"Hari","India","2 nights ·","Group","December 2021","Standard Room","Reviewed: 10 February 2022","Good","There are no comments available for this review","","",""
"Mitesh","India","3 nights ·","Family","March 2024","Standard Room","Reviewed: 20 March 2024","Good","There are no comments available for this review","","",""
"Rashi","India","3 nights ·","Family","February 2024","Standard Room","Reviewed: 16 February 2024","Very good","There are no comments available for this review","","",""
"Harshada","India","Smart Saver Room","1 night ·","January 2024","Solo traveller","Reviewed: 31 January 2024","Superb","There are no comments available for this review","","",""
"","","","","","","","","","","",""
"","","","","","","","","","","",""
"Govindan","India","Smart Saver Room","1 night ·","December 2023","Solo traveller","Reviewed: 31 January 2024","Very poor","There are no comments available for this review","","",""
"Srikanth","India","Standard Twin Room","1 night ·","January 2024","Solo traveller","Reviewed: 16 January 2024","Good","There are no comments available for this review","","",""
"Abdullah","India","1 night ·","Solo traveller","December 2023","Standard Room","Reviewed: 9 December 2023","Good","There are no comments available for this review","","",""
"Parthiban","India","Day use Room - Same day check in and check out - 9 am to 5 pm","1 night ·","September 2023","Solo traveller","Reviewed: 30 September 2023","Good","There are no comments available for this review","","",""
"Edwin","India","1 night ·","Group","September 2023","Standard Room","Reviewed: 21 September 2023","Superb","There are no comments available for this review","","",""
"Pratik","India","1 night ·","Family","September 2023","Standard Room","Reviewed: 14 September 2023","Exceptional","There are no comments available for this review","","",""
"Arpmal","India","1 night ·","Couple","June 2023","Standard Room","Reviewed: 2 July 2023","Good","There are no comments available for this review","","",""
"Kannan","India","1 night ·","Family","May 2023","Standard Room","Reviewed: 10 June 2023","Good","There are no comments available for this review","","",""
"Bawra11","India","1 night ·","Group","May 2023","Standard Room","Reviewed: 28 May 2023","Very good","There are no comments available for this review","","",""
"Bhaskara","India","1 night ·","Solo traveller","April 2023","Standard Room","Reviewed: 23 May 2023","Good","There are no comments available for this review","","",""
"","","","","","","","","","","",""
"","","","","","","","","","","",""
"Riyaz","India","1 night ·","Couple","April 2023","Standard Room","Reviewed: 15 April 2023","Exceptional","There are no comments available for this review","","",""
"Vijay","India","1 night ·","Couple","February 2023","Standard Room","Reviewed: 21 February 2023","Exceptional","There are no comments available for this review","","",""
"Kesavan","India","2 nights ·","Family","January 2023","Standard Room","Reviewed: 11 January 2023","Exceptional","There are no comments available for this review","","",""
"Sundaravaradhan","India","2 nights ·","Family","December 2022","Standard Room","Reviewed: 28 December 2022","Superb","There are no comments available for this review","","",""
"Praveen","United Arab Emirates","1 night ·","Solo traveller","October 2022","Standard Room","Reviewed: 17 December 2022","Very good","There are no comments available for this review","","",""
"Amar","India","Day use Room - Same day check in and check out - 9 am to 5 pm","6 nights ·","November 2022","Solo traveller","Reviewed: 5 November 2022","Good","There are no comments available for this review","","",""
"Appandaraj","India","3 nights ·","Solo traveller","September 2022","Standard Room","Reviewed: 30 September 2022","Very good","There are no comments available for this review","","",""
"M","India","1 night ·","Family","September 2022","Standard Room","Reviewed: 12 September 2022","Superb","There are no comments available for this review","","",""
"Kumar","India","1 night ·","Family","September 2022","Standard Room","Reviewed: 10 September 2022","Very good","There are no comments available for this review","","",""
"Gantavy","India","1 night ·","Family","August 2022","Standard Room","Reviewed: 25 August 2022","Very good","There are no comments available for this review","","",""
"","","","","","","","","","","",""
"","","","","","","","","","","",""
"Gantavy","India","1 night ·","Family","August 2022","Standard Room","Reviewed: 21 August 2022","Very good","There are no comments available for this review","","",""
"Gantavy","India","1 night ·","Family","August 2022","Standard Room","Reviewed: 20 August 2022","Very good","There are no comments available for this review","","",""
"Srinivas","United Arab Emirates","1 night ·","Solo traveller","May 2022","Standard Room","Reviewed: 28 May 2022","A comfortable stay in a clean hotel at a convenient location....that is all I would expect !!","There are no comments available for this review","","",""
"Mohammed","India","1 night ·","Group","September 2021","Standard Room","Reviewed: 8 September 2021","Good","There are no comments available for this review","","",""
"Pradeep","India","1 night ·","Solo traveller","August 2021","Standard Room","Reviewed: 8 August 2021","Superb","There are no comments available for this review","","",""
"Poonam","India","1 night ·","Family","March 2024","Standard Room","Reviewed: 11 March 2024","Poor","There are no comments available for this review","","",""
"Mohamed","India","3 nights ·","Group","December 2023","Standard Room","Reviewed: 14 December 2023","Poor","There are no comments available for this review","","",""
"Ashutosh","India","1 night ·","Solo traveller","July 2023","Standard Room","Reviewed: 10 September 2023","Good","There are no comments available for this review","","",""
"Prakashkumar","India","1 night ·","Group","May 2023","Standard Room","Reviewed: 21 May 2023","Bad","There are no comments available for this review","","",""
"Natarajan","India","3 nights ·","Group","March 2023","Standard Room","Reviewed: 23 March 2023","Good","There are no comments available for this review","","",""
"","","","","","","","","","","",""
"","","","","","","","","","","",""
"Vinoj","India","2 nights ·","Couple","February 2023","Standard Room","Reviewed: 11 March 2023","Good","There are no comments available for this review","","",""
"Suresh","India","1 night ·","Group","March 2023","Standard Room","Reviewed: 9 March 2023","Very poor","There are no comments available for this review","","",""
"Prateek","India","2 nights ·","Couple","January 2023","Standard Room","Reviewed: 1 January 2023","Very good","There are no comments available for this review","","",""
"Lanje","India","3 nights ·","Couple","November 2022","Standard Room","Reviewed: 24 November 2022","Poor","There are no comments available for this review","","",""
"Raady07","India","1 night ·","Family","November 2022","Standard Room","Reviewed: 14 November 2022","Good","There are no comments available for this review","","",""
"Ravindra","India","Day use Room - Same day check in and check out - 9 am to 5 pm","1 night ·","September 2022","Solo traveller","Reviewed: 12 September 2022","Very good","There are no comments available for this review","","",""
"Manohar","India","Day use Room - Same day check in and check out - 9 am to 5 pm","1 night ·","August 2022","Couple","Reviewed: 17 August 2022","Poor","There are no comments available for this review","","",""
"Shabab","India","Standard Twin Room","1 night ·","February 2024","Family","Reviewed: 29 February 2024","Bad","There are no comments available for this review","","",""
"Arya","India","1 night ·","Family","November 2023","Standard Room","Reviewed: 8 December 2023","Bad","There are no comments available for this review","","",""
"Gopalakrishnan","India","Smart Saver Room","2 nights ·","November 2023","Group","Reviewed: 27 November 2023","Poor","There are no comments available for this review","","",""
"","","","","","","","","","","",""
"","","","","","","","","","","",""
"Sajita","United Arab Emirates","2 nights ·","Couple","September 2023","Standard Room","Reviewed: 20 September 2023","Nev3r gonna come back again","There are no comments available for this review","","Hotel response:","Dear Guest,

Thank you for sharing your review with us..."
"Rajendiran","India","1 night ·","Couple","July 2023","Standard Room","Reviewed: 31 July 2023","Very bad experience.  Spoiling the fame of Tata groups","There are no comments available for this review","","",""
"Nisa","India","4 nights ·","Family","July 2023","Standard Room","Reviewed: 14 July 2023","My stay was between 9 jul 23 to 13 jul 23. The room is so compact","There are no comments available for this review","","",""
"Ravi","India","Day use Room - Same day check in and check out - 9 am to 5 pm","1 night ·","February 2023","Solo traveller","Reviewed: 23 February 2023","Very poor","There are no comments available for this review","","",""
"Vishwanathan","India","1 night ·","Group","February 2023","Standard Room","Reviewed: 5 February 2023","Bad","There are no comments available for this review","","",""
"Lyla","India","1 night ·","Family","January 2023","Standard Room","Reviewed: 12 January 2023","Bad","There are no comments available for this review","","",""
"Srinivasan","Canada","4 nights ·","Solo traveller","December 2022","Standard Room","Reviewed: 8 December 2022","Bad","There are no comments available for this review","","",""
"Madhan","India","1 night ·","Solo traveller","November 2022","Standard Room","Reviewed: 1 November 2022","Bad","There are no comments available for this review","","",""
"Selva","India","1 night ·","Couple","October 2022","Standard Room","Reviewed: 18 October 2022","Bad","There are no comments available for this review","","",""
"Jawahar","India","1 night ·","Solo traveller","September 2022","Standard Room","Reviewed: 30 September 2022","Bad","There are no comments available for this review","","",""
"","","","","","","","","","","",""
"","","","","","","","","","","",""
"Jimmy","India","Standard Twin Room","2 nights ·","March 2024","Couple","Reviewed: 21 March 2024","Bad","There are no comments available for this review","","",""
"Hari","India","Standard Twin Room","1 night ·","February 2024","Family","Reviewed: 11 March 2024","Bad","There are no comments available for this review","","",""
"Senthil","India","Suite","2 nights ·","January 2024","Couple","Reviewed: 25 January 2024","I stayed from 19th Jan2024 to 22 Jan 24... One of the worst hotel...in Chennai.. TATA Name spoiling","There are no comments available for this review","","Hotel response:","Dear Guest,

Thank you for sharing your review with us..."
"Ravi","India","Standard Twin Room","1 night ·","October 2023","Couple","Reviewed: 21 October 2023","Good","There are no comments available for this review","","",""
"Kathiravan","India","Standard Twin Room","2 nights ·","August 2023","Family","Reviewed: 6 August 2023","Poor","There are no comments available for this review","","",""
"Dr","India","1 night ·","Solo traveller","June 2023","Standard Room","Reviewed: 1 July 2023","Bad","There are no comments available for this review","","",""
"Govindasamy","India","1 night ·","Couple","December 2022","Standard Room","Reviewed: 1 January 2023","Very good","There are no comments available for this review","","",""
"Anonymous","India","1 night ·","Couple","September 2022","Standard Room","Reviewed: 19 September 2022","Pleasant","There are no comments available for this review","","",""
"Anonymous","India","2 nights ·","Group","May 2023","Standard Room","Reviewed: 28 May 2023","Very good","There are no comments available for this review","","",""
"","","","","","","","","","","",""
"","","","","","","","","","","",""
"Anonymous","India","1 night ·","Couple","October 2022","Standard Room","Reviewed: 29 October 2022","Good","There are no comments available for this review","","",""
"Andrea","Italy","2 nights ·","Solo traveller","February 2023","Standard Room","Reviewed: 19 February 2023","Passable","There are no comments available for this review","","",""
"Andrea","Italy","1 night ·","Solo traveller","February 2023","Standard Room","Reviewed: 19 February 2023","Passable","There are no comments available for this review","","",""
"Yadd","India","2 nights ·","Family","November 2023","Standard Room","Reviewed: 23 November 2023","Exceptional","There are no comments available for this review","","",""
"","","","","","","","","","","",""
"","","","","","","","","","","",""