"a3332d346a","afac1f68d9","abf093bdfe","abf093bdfe 2","abf093bdfe 3","abf093bdfe 4","abf093bdfe 5","f6431b446c","a53cbfa6de","a53cbfa6de 2"
"Aniruddha","India","Deluxe Double or Twin Room","3 nights ·","August 2023","Couple","Reviewed: 18 August 2023","An excellent stay","Everything about the place was good. Well located, wonderful staff, great rooms!",""
"Akbar","Canada","Deluxe Double or Twin Room","5 nights ·","February 2024","Solo traveller","Reviewed: 17 February 2024","value for money","good prep:",""
"Pranab","India","Standard Double or Twin Room","4 nights ·","August 2023","Couple","Reviewed: 30 August 2023","It was my post surgery stay. Excellent and caring team Wheelchair accessible","Ambience and area","Nil"
"Kiyoko","Japan","Deluxe Double or Twin Room","2 nights ·","May 2023","Solo traveller","Reviewed: 22 May 2023","Stay like home and friendly people.","All the people are nice and friendly.","Almost fine. If they have room shoes and gown it will be better."
"Renate","Netherlands","Deluxe Double or Twin Room","1 night ·","March 2023","Couple","Reviewed: 6 March 2023","great","staff very friendly and extremely helpful
good location",""
"Rose","United Kingdom","Solo traveller","Studio","February 2023","8 nights ·","Reviewed: 1 March 2023","Superb","I loved this guesthouse a little peace of tranquility in the centre of Chennai equal distance to all amenities. I will definitely return. The food was amazing and the staff could not do enough for you. The room was spotless clean and tidy, and I felt safe and very comfortable. What I liked the most is that there is no rush with anything checking and checking out. Whatever you do listen to their advise as it could save you time and money❤️","Nothing to do with the guesthouse, only situations outside there control but they did warn me and I listened and learned a lot about how to get around and what to look out for."
"Kannudurai","Sri Lanka","Deluxe Double or Twin Room","3 nights ·","February 2023","Couple","Reviewed: 21 February 2023","We travel World-over & this was one of our best experiences","The ambiance, courtesy of the staff, location","Nothing"
"Kini","India","Standard Double or Twin Room","2 nights ·","November 2022","Couple","Reviewed: 13 November 2022","enjoyed it","Had stayed there before. excellent staff. homely.","plumbing facility showing its age"
"Johanna","Netherlands","Deluxe Double or Twin Room","1 night ·","October 2022","Couple","Reviewed: 19 October 2022","A very nice hotel in a quiet environment","The hotel is in a very nice neighbourhood, the room was very clean, the staff was friendly, the dinner and breakfast were very tasty.
We could use the room long before the time of checking in, which was very nice because we traveled a lot.","nothing"
"Pramod","Germany","Family","Suite","August 2022","3 nights ·","Reviewed: 25 August 2022","Stay in city without hotel feel","Location, Staff, Breakfast and Service","None"
"B","India","Family","Studio","July 2022","4 nights ·","Reviewed: 29 July 2022","Overall great place to try","Rooms, resort, food, staff","Mosquito"
"Mohamed","Singapore","Deluxe Double or Twin Room","4 nights ·","July 2022","Family","Reviewed: 28 July 2022","Very good","Courteous staff.","Mosquitoes in the dining area.
Rooms had none which gave us peaceful sleep 😴"
"Mr","India","Standard Double or Twin Room","3 nights ·","July 2022","Family","Reviewed: 4 July 2022","Mr.Praveen and all staffs are excellent,very kind and all requirements are fulfilled immediately.","Very good breakfast and even freshly made hot from the kitchen a la carte available according to your needs.","More air coolers in dining area required"
"Jyoti","India","Standard Double or Twin Room","2 nights ·","May 2022","Couple","Reviewed: 28 May 2022","Wonderful","Elegant bunglow , spacious and comfortable rooms with all facilities. Breakfast was delicious. Staff is very friendly","The only problem is getting an auto/cab at this location. Chennai drivers do not stick to Uber/ola bookings as they feel the money paid is less. And you have to walk considerable distance to catch an auto on your own."
"Ganesh","United States","Standard Double or Twin Room","1 night ·","March 2022","Couple","Reviewed: 21 March 2022","Very good","The quality of food was good. It was neither too spicy/oily nor bland. There was a sufficient amount of variety in the menu. 

As far as ambience is concerned, it is in a very peaceful and posh locality. Well connected to other parts of the city. 

The overall hygine standards was satisfactory. Room service was excellent.",""
"Balamurugan","India","Standard Double or Twin Room","4 nights ·","December 2021","Couple","Reviewed: 28 December 2021","Very good","Superior excellent",""
"Anne","India","Deluxe Double or Twin Room","2 nights ·","September 2021","Solo traveller","Reviewed: 29 September 2021","Superb","the staff are extremely welcoming and attentive.
It was perfectly clean.",""
"Anithra","India","Family","Suite","September 2021","1 night ·","Reviewed: 27 September 2021","Very good","Nice big rooms in a posh locality.  Very professional and courteous staff and room service.  Nothing to complain about.  Will definitely be visiting again.",""
"Suganthi","United Arab Emirates","Standard Double or Twin Room","1 night ·","March 2021","Couple","Reviewed: 25 April 2021","Superb","Everything was fabulous","The lighting scheme inside the hall"
"Michael","United Kingdom","Solo traveller","Studio","February 2024","3 nights ·","Reviewed: 2 February 2024","Good value for money","Good location, one of the few places in Chennai where it is possible to walk safely. Great staff. Safe location","No hot water"
"","","","","","","","","",""
"","","","","","","","","",""
"Manjula","India","Family","Suite","October 2023","1 night ·","Reviewed: 6 December 2023","Very good","Staff was professional","Location"
"Krishnakumar","India","Deluxe Double or Twin Room","3 nights ·","October 2023","Couple","Reviewed: 5 October 2023","Overall it was good and comfortable.","Centrally located in a posh quiet area. Food was good . Friendly staff .","Room was so- so , nothing great . Bath room is not at all senior citizens friendly - slippery floor , no hand bars. Linen and towels had seen better days ."
"Vimal","United Kingdom","Standard Double or Twin Room","3 nights ·","July 2023","Family","Reviewed: 14 August 2023","Good value for money","Location, Service, Food was perfect","Room was bit musty, property were bit aged and could do with TLC"
"Mukundan","Germany","Standard Double or Twin Room","1 night ·","July 2023","Solo traveller","Reviewed: 24 July 2023","Very good","Location, the quiet locality, the courteous staff and nearness to the business areas","They can do better with inroom decor. Do a little. More on the quality of the beds. So in all I'd just say that with a little more appointment inside the rooms the place would be as good as any other premier facilities in the area. Am obviously comparing with Savera which charges the same amount of money."
"Srikant","Singapore","Standard Double or Twin Room","3 nights ·","July 2023","Couple","Reviewed: 19 July 2023","Very nice homely place to stay.","Delicious each of the food items. Plus staff at hand offering more. Homely atmosphere, service.","One or two mosquito bothered me. Taken care of later.
I prefer early coffee to Jumpstart. Not available till 0730 am.
Shower cubicle manageable, but prefer more room."
"Damien","India","Standard Double or Twin Room","2 nights ·","June 2023","Solo traveller","Reviewed: 20 June 2023","Very good","My go to place when going to Chennai, excellent location.",""
"Haymanthkumar","Singapore","Family","Suite","March 2023","2 nights ·","Reviewed: 19 March 2023","Very good","Excellent location and staff service",""
"Sriram","India","Deluxe Double or Twin Room","1 night ·","February 2023","Solo traveller","Reviewed: 22 February 2023","over all I liked it. can’t get a better place than this. probably slightly pricy but location is good.","location is good. breakfast is very good for Indians. very few spread for Foreign travellers like Eggs, Breads, etc. I doubt if they will like it. 
coffee lovers will enjoy the filter coffee.","no ventilation inside the rooms (windows can’t be opened I was told). water heater wasn’t functional but that’s fine for Chennai summer."
"Ramya","India","Deluxe Double or Twin Room","2 nights ·","February 2023","Family","Reviewed: 11 February 2023","Superb","Food is so cold","Please ensure that food is not cold"
"Sukanya","India","Deluxe Double or Twin Room","4 nights ·","November 2022","Couple","Reviewed: 22 November 2022","Good","Friendly and courteous staff, excellent, homely food","1. Rooms had a strong stuffy odor. 2. The AC is placed in a wrong position - above the headrest. 3. The fan is placed at one-third distance of the room's length - there is no air. 4. The headrest of the bed is interfering with the switches. 5. The bathroom fittings are old and water outlets on the floor rusted heavily. 6. The washbasin is cracked. 7. The hot water tap in the washbasinis wrongly placed. The right side tap has hot water running instead of the let and it burned my hand."
"","","","","","","","","",""
"","","","","","","","","",""
"Muniswamy","India","Family","Suite","November 2022","2 nights ·","Reviewed: 5 November 2022","Suite life of CSen, Mahi, Kiara","With clean rooms and courteous staff and good breakfast we enjoyed our stay ...
Mr Praveen tries his level best to arrange a cake...","Running water in bathroom did not have the facility of cold water....whenever we switched on geyser there was no hot water....hence could not use SHOWER....😔🥺☹️"
"Akbar","Canada","Standard Double or Twin Room","7 nights ·","September 2022","Couple","Reviewed: 23 September 2022","overall good staff: very friendly","good location",""
"Pankaj","United Arab Emirates","Deluxe Double or Twin Room","3 nights ·","June 2022","Group","Reviewed: 1 July 2022","Good stay - will be back.","The property is in a very good location and its easy to get around the city. The real assets of the property are the people. The front office is manned by Pravin and Guru - both very helpful and polite and ever smiling. The breakfast service is manned by Ashok and Ajay - both of them are very helpful and make sure that your breakfast experience is a good one. The breakfast itself was good.","Some parts of the property need updating and a thorough cleaning."
"Sridhar","Singapore","Standard Double or Twin Room","2 nights ·","May 2022","Couple","Reviewed: 20 June 2022","Good","Breakfast facility were good. Service/ cleanliness was also good.","When we booked Taxi/ Auto online, they had difficulty in finding the place. More display boards of Residence may help them reach without any difficulty. Food can be little expensive when compared with online cost including delivery."
"Aqthar","India","Deluxe Double or Twin Room","6 nights ·","March 2022","Solo traveller","Reviewed: 21 April 2022","Very good location and ambience","Breakfast quality can be better .","If u r looking for peaceful and noise free stay  and a good sleep then it’s not possible. Because they have a banquet hall were wedding functions and other functions takes place so early morning and the previous night arrangments noises are very disturbing . Plus in case if renovations takes place with heavy noises, there is no prior information given to the guest . Management needs a lot of training interms of how to handle guest request with proper reverting  and on  guest care . But still the location and ambience and feel of the place is very good and positive. Hence it’s a very much preferable option to stay still , minus all above glitches ."
"Shweta","India","Deluxe Double or Twin Room","1 night ·","April 2022","Family","Reviewed: 20 April 2022","A pleasant and easy stay.","It was a centrally located, quiet property with an easy stay. I would recommend it.",""
"Karan","India","Deluxe Double or Twin Room","2 nights ·","March 2022","Couple","Reviewed: 2 April 2022","very welcoming property","Location","maintenance required"
"Divya","Germany","Standard Double or Twin Room","1 night ·","March 2022","Couple","Reviewed: 24 March 2022","Very good","Location and the environment",""
"Prabahara","India","Standard Double or Twin Room","1 night ·","April 2021","Family","Reviewed: 24 April 2021","Good one","Loved the breakfast. Greenery. Friendly staff.",""
"Richa","India","Standard Double or Twin Room","1 night ·","December 2023","Family","Reviewed: 24 December 2023","Decent stay overall, not outstanding. But good value for money, considering the location.","Breakfast was ok, location is great. Service is prompt and polite. Rooms are average but clean.","Uncomfortable pillows, gave me neck pain"
"","","","","","","","","",""
"","","","","","","","","",""
"Emily","New Zealand","Deluxe Double or Twin Room","3 nights ·","September 2022","Family","Reviewed: 27 September 2022","Good","The staff were so friendly and thoughtful. they made our stay in Chennai so enjoyable.",""
"Seetha","India","Standard Double or Twin Room","1 night ·","August 2021","Solo traveller","Reviewed: 22 August 2021","Good","Normal",""
"Yorck","Germany","Deluxe Double or Twin Room","2 nights ·","April 2023","Couple","Reviewed: 16 April 2023","Very good","Nice people, excellent service, decent room, great breakfast, great sitting area for breakfast and dinner","toilet seat wasn’t fixed"
"Kannan","India","Standard Double or Twin Room","1 night ·","November 2023","Solo traveller","Reviewed: 14 November 2023","Good","over all is good for the stayed rooms and amenties. locatioin was good.","To improve interiors for the rooms and common area"
"Ravi","United Kingdom","Deluxe Double or Twin Room","1 night ·","September 2023","Family","Reviewed: 1 October 2023","Chennai break","Very clean
Staff very helpful",""
"Akash","India","Standard Double or Twin Room","1 night ·","May 2022","Group","Reviewed: 31 May 2022","Exceptional","it was nice experience at Hanu residency. the customer service is highly appreciable. we were fortunate to stay here because of calm green environment. in overall it was great.",""
"Francina","India","Family","Studio","May 2022","2 nights ·","Reviewed: 13 May 2022","Exceptional","The toilet was small no sufficient space. i booked for studio apartment and for queen bed- but they gave single beds and the space for studio apartment was less. May be they gave a wrong room.",""
"Katharina","Austria","Standard Double or Twin Room","1 night ·","May 2022","Group","Reviewed: 4 May 2022","quiet place","the friendly staff",""
"Chandan","India","Family","Studio","December 2021","2 nights ·","Reviewed: 3 January 2022","Perfect Place for family.","Staff is really good and really helpful. Breakfast is good and rooms are big and clean.",""
"Jan-eric","Sweden","Standard Double or Twin Room","13 nights ·","March 2024","Couple","Reviewed: 16 March 2024","Exceptional","The rooms, as well as the property, are clean and well maintained. The staff is VERY friendly and helpful. The location, in the centre of Chennai, is perfect, close to the things we used to do while living in Chennai.",""
"","","","","","","","","",""
"","","","","","","","","",""
"Kamini","United States","Deluxe Double or Twin Room","1 night ·","January 2024","Couple","Reviewed: 25 January 2024","Pleasant","Room is not good",""
"Ratnasankar","Sri Lanka","Solo traveller","Studio","May 2023","1 night ·","Reviewed: 20 May 2023","Bad","Location and ambience.","No enough seating arrangement for people. Not a good variety of items. Reception staff is quite slow in terms of working. Didn't give room rent bill while leaving, said will send soft copy and didn't send till now. Needs follow up."
"Vignesh","India","Standard Double or Twin Room","1 night ·","May 2023","Couple","Reviewed: 3 May 2023","it was a good stay but good we got in room dining ruined the experience","location","food"
"Dineshan","India","Standard Double or Twin Room","2 nights ·","March 2023","Group","Reviewed: 7 March 2023","Bad","Property is due for renovation. Paint peeling in rooms and toilet.  Toilets are not clean. Overall not fit for stay.  Your ratings are exaggerated.",""
"Janani","United Arab Emirates","Family","Suite","July 2022","2 nights ·","Reviewed: 4 August 2022","unpleasant","water tap broken and some water taps only had boiling hot water. couches were not clean, had stains.","not upto the standard, felt like old house and under maintened"
"R","India","Deluxe Double or Twin Room","1 night ·","July 2022","Couple","Reviewed: 24 July 2022","Value for money","The location exceptional, breakfast simple but tasteful overall enjoyed my stay. Front office staff Praveen was very courteous and helpful.",""
"Ravi","India","Standard Double or Twin Room","1 night ·","March 2022","Group","Reviewed: 9 April 2022","Overall it's good stay","Break fast was complimentary and is v good 
Parking was good 
Very good location","Property has an antique value but need a little renovation  ( like wall mixer in bath )
Remove faded quotes and add energy with nice paints"
"Barkha","India","Family","Studio","December 2021","3 nights ·","Reviewed: 29 December 2021","Disappointing","- My money was stolen",""
"Kamini","United States","Deluxe Double or Twin Room","2 nights ·","January 2024","Couple","Reviewed: 18 January 2024","I did see a big rat in the dining hall","Location is good","I got the room in the old building.very hard to open the bathroom door"
"Jami","India","Standard Double or Twin Room","2 nights ·","November 2023","Solo traveller","Reviewed: 11 November 2023","Poor","No room service
Less staff
Location on GPS is wrong
No value for money. For similar price you get better facilities in better location",""
"","","","","","","","","",""
"","","","","","","","","",""
"Mami","Japan","Standard Double or Twin Room","2 nights ·","March 2023","Solo traveller","Reviewed: 6 March 2023","Pleasant","Nice and quiet location, nicely desined building.
Food was reasonable and delicious.
Kind staffs, although some don't speak English, they are there to help","Definately not recommended for buisness travellers. The table was too high and chair was not comfortable for work purpose. The room was spacious but JUST spacious. The key to the room and for the electricity was inconvenient since it's an old key and whenever you insert the key the electricity is on but once you take the key out, all electricity goes off and you need to close the door in the dark room ... The room rate is much higher for the facilities we receive as international standards. Room walls and shower rooms seem to have been deteriorated."
"Esther","Netherlands","Solo traveller","Suite","July 2022","2 nights ·","Reviewed: 20 July 2022","Not worth the money","The room was big and the location was good. Good water pressure, AC worked fine.","All the windows in the room are covered so you can’t look outside. This makes me feel like I’m trapped in a box. The WiFi wasn’t functioning in the space where the desk was at so I had to work off of my mobile data. I ordered lunch and it took about 1,5 hours to bring it. There were about 15 air fresheners in the room and on the second day I noticed why: a slight urine smell was noticeable. Also, I made use of the laundry service but half of my clothes have shrunken. Honestly, I think it’s too expensive for what you’re getting. I stayed in another hotel before this, which was cheaper but way better."
"Sivaraman","India","Standard Double or Twin Room","1 night ·","April 2022","Family","Reviewed: 29 April 2022","Pleasant","Place","Maintenance  of air conditioning"
"Allen","India","Standard Double or Twin Room","2 nights ·","April 2022","Family","Reviewed: 18 April 2022","Not bad; just about ok and nothing to really appreciate.","The location is always a good thing as it is the heart of the city. That's all that is to it. Avenue 11 boutique is way better; That's where we stayed last time. Hanu Reddy Residences is absolutely of no comparison.","AC was bad. Customer Services takes a lifetime to help us along though reception was always prompt and very courteous.

We had asked for a large bed for the couple stay. They joined two single beds and say that's that they do all the time it seems. I found this response lame and ridiculous. In fact, they confirmed saying that such a request is sustained and then later come up with such explanations.

Water must be free (drinking water after all). It is sick when places of stay charge for drinking water. It sounds miserable to know that one wants to make money out of the basic needs of living and existence. And you expect others to consider drinking water as a paid service. Sick capitalist mentality. Water; it is water of all things.

Breakfast is simple and no complaints on the taste. But one can make it different from day to day. Idli, dosa, sambar, chutney and bread with jam & butter everyday. Seriously? Kindly understand that you are having your set up in a city (called Chennai) which is a hub for food. We don't need a serpentine list of choices. All we need and look forward is different dishes on a day to day basis - more or less like a roster to follow."
"Anantharaman","United States","Deluxe Double or Twin Room","7 nights ·","January 2022","Solo traveller","Reviewed: 4 February 2022","Satisfactory","Sumptuous breakfastbut no salads
Portions quite sizeable","Too much carbs"
"Rafi","United Kingdom","Standard Double or Twin Room","1 night ·","May 2023","Solo traveller","Reviewed: 31 May 2023","avoid for the cost.","location 
Decent food
receptionist were pleasant 


however the problems mentioned below were too big for Receptionist to fix it. 
management & chairman needs to look into repairing property & to provide clean rooms to customers as it is described on internet. management should not give Room 18 to other clients till it is fixed.","stayed in room 18. 
room walls were dirty & run-out. it needs redecorating. 
floor was not cleaned - dusty. 
kettle had ingrained dirt all over. 
AC wires & cords had layers of dark dust. 
Phone not working because broken connections. 
I handed over keys to receptionist Ms K at Checkout - they telephoned asking for the keys after I left. this should have been resolved before I left reception. Reception was busy when I left. so I was hurried out because too many people & luggages in reception room."
"Thomas","France","Standard Double or Twin Room","2 nights ·","January 2023","Couple","Reviewed: 29 January 2023","staff lovely.   rooms substandard","rooms old and not very clean","rooms"
"Sabine","Germany","Standard Double or Twin Room","1 night ·","March 2022","Solo traveller","Reviewed: 31 March 2022","couldn’t sleep the whole night","the location is great! breakfast was good!","the room was very dark, you couldn’t open a window, directly behind the kitchen and the whole night noise from the cooling Maschine. Room very used and things broken."
"Martin","Netherlands","Couple","Studio","February 2024","2 nights ·","Reviewed: 12 March 2024","een redelijk verblijf in een rustige buurt, wat ver van het centrum","ruime kamer","ontbijt had beter gekund (geen omelet, gebakken ei)"
"Cam","France","Standard Double or Twin Room","2 nights ·","February 2024","Couple","Reviewed: 22 February 2024","Excellent séjour à Chennai","Le service du personnel très gentil ; le calme de l'établissement ; le restaurant.",""
"","","","","","","","","",""
"","","","","","","","","",""
"Aurèle","France","Deluxe Double or Twin Room","5 nights ·","November 2023","Family","Reviewed: 5 November 2023","Good","Le calme, le quartier résidentiel très agréable loin de la foule et du bruit du centre ville","Il manquait des fruits et des laitages au petit déjeuner. Pas très diversifié. Pas de fenêtres ouvrantes dans la chambre. Manque d'aides et d'informations de la part du personnel pour touristes étrangers."
"Laura","Italy","Deluxe Double or Twin Room","1 night ·","March 2023","Couple","Reviewed: 24 March 2023","Good","portineria h24. wifi gratuito e funzionante. bollitore . zono molto bella",""
"Natalia","India","Deluxe Double or Twin Room","1 night ·","December 2022","Family","Reviewed: 7 December 2022","Good","Месторасположение","Неудобная кровать"
"Susanne","Germany","Standard Double or Twin Room","1 night ·","March 2022","Solo traveller","Reviewed: 2 April 2022","Ok für eine Nacht","Lage und Garten","das Zimmer hatte kein Fenster, oder vielmehr nur ein Fakefenster zum Hinterhof."
"Melanie","Switzerland","Standard Double or Twin Room","2 nights ·","October 2022","Group","Reviewed: 19 October 2022","Exceptional","Sehr gemütliches Ambiente und freundliches Personal.",""
"Amélie","France","Deluxe Double or Twin Room","1 night ·","October 2023","Couple","Reviewed: 1 October 2023","Exceptional","Le calme absolu, la verdure, le petit-déjeuner, les sourires du personnel.",""
"Catherine","Portugal","Deluxe Double or Twin Room","2 nights ·","February 2023","Couple","Reviewed: 27 February 2023","Pleasant","Le quartier","Nous étions dans l'annexe à côté de la réception. La première nuit a été difficile car nos voisins étaient très bruyants. Il y avait beaucoup de résonance."
"Bruno","France","Standard Double or Twin Room","5 nights ·","February 2024","Solo traveller","Reviewed: 15 February 2024","Superb","There are no comments available for this review",""
"Shenny14","South Africa","Deluxe Double or Twin Room","2 nights ·","December 2023","Group","Reviewed: 12 December 2023","Superb","There are no comments available for this review",""
"Vagabond","India","Standard Double or Twin Room","3 nights ·","August 2023","Family","Reviewed: 17 August 2023","Superb","There are no comments available for this review",""
"","","","","","","","","",""
"","","","","","","","","",""
"Dana","India","Deluxe Double or Twin Room","4 nights ·","July 2023","Group","Reviewed: 24 July 2023","Very good","There are no comments available for this review",""
"Tejas","India","Family","Studio","May 2023","3 nights ·","Reviewed: 18 May 2023","Superb","There are no comments available for this review",""
"Jagaveer","India","Deluxe Double or Twin Room","3 nights ·","March 2023","Solo traveller","Reviewed: 27 March 2023","Very good","There are no comments available for this review",""
"Anup","India","Deluxe Double or Twin Room","1 night ·","July 2022","Family","Reviewed: 4 August 2022","Superb","There are no comments available for this review",""
"""sri""","India","Standard Double or Twin Room","2 nights ·","July 2022","Family","Reviewed: 31 July 2022","Superb","There are no comments available for this review",""
"Shivani","India","Standard Double or Twin Room","1 night ·","May 2022","Family","Reviewed: 9 May 2022","Very good","There are no comments available for this review",""
"Venkataraman","India","Deluxe Double or Twin Room","2 nights ·","November 2021","Couple","Reviewed: 11 December 2021","Superb","There are no comments available for this review",""
"Shweta","India","Family","Suite","September 2021","1 night ·","Reviewed: 21 September 2021","Superb","There are no comments available for this review",""
"Ashviny","Malaysia","Deluxe Double or Twin Room","4 nights ·","February 2024","Group","Reviewed: 23 February 2024","Very good","There are no comments available for this review",""
"Renchumi","India","Standard Double or Twin Room","2 nights ·","January 2024","Solo traveller","Reviewed: 31 January 2024","Good","There are no comments available for this review",""
"","","","","","","","","",""
"","","","","","","","","",""
"Preeti","United States","Standard Double or Twin Room","1 night ·","December 2023","Solo traveller","Reviewed: 22 December 2023","Good","There are no comments available for this review",""
"Rajaram","Canada","Standard Double or Twin Room","1 night ·","June 2023","Couple","Reviewed: 18 June 2023","Good","There are no comments available for this review",""
"Jagaveer","Australia","Standard Double or Twin Room","2 nights ·","March 2023","Solo traveller","Reviewed: 31 March 2023","Good","There are no comments available for this review",""
"Jeyavarthanaraj","India","Deluxe Double or Twin Room","1 night ·","December 2022","Family","Reviewed: 6 December 2022","Superb","There are no comments available for this review",""
"Shwathi","India","Family","Suite","December 2022","4 nights ·","Reviewed: 5 December 2022","Superb","There are no comments available for this review",""
"Wan","India","Standard Double or Twin Room","1 night ·","July 2022","Group","Reviewed: 3 September 2022","Superb","There are no comments available for this review",""
"Wan","India","Group","Suite","July 2022","1 night ·","Reviewed: 3 September 2022","Superb","There are no comments available for this review",""
"Vibin","India","Standard Double or Twin Room","1 night ·","August 2022","Family","Reviewed: 18 August 2022","Superb","There are no comments available for this review",""
"Honchae","South Korea","Standard Double or Twin Room","2 nights ·","July 2022","Solo traveller","Reviewed: 11 July 2022","Good","There are no comments available for this review",""
"Andrea","New Zealand","Standard Double or Twin Room","2 nights ·","June 2022","Family","Reviewed: 3 July 2022","Superb","There are no comments available for this review",""
"","","","","","","","","",""
"","","","","","","","","",""
"R","India","Deluxe Double or Twin Room","1 night ·","June 2022","Couple","Reviewed: 1 July 2022","Very good","There are no comments available for this review",""
"Rahul","India","Standard Double or Twin Room","1 night ·","May 2022","Couple","Reviewed: 29 June 2022","Superb","There are no comments available for this review",""
"Vignesh","India","Standard Double or Twin Room","1 night ·","June 2022","Solo traveller","Reviewed: 26 June 2022","Very good","There are no comments available for this review",""
"Shabin","United Arab Emirates","Standard Double or Twin Room","1 night ·","June 2022","Couple","Reviewed: 22 June 2022","Good","There are no comments available for this review",""
"Sv_travels","Hong Kong","Deluxe Double or Twin Room","4 nights ·","May 2022","Family","Reviewed: 15 May 2022","Good","There are no comments available for this review",""
"Ravi","India","Deluxe Double or Twin Room","1 night ·","May 2022","Solo traveller","Reviewed: 9 May 2022","Superb","There are no comments available for this review",""
"Sv_travels","Hong Kong","Deluxe Double or Twin Room","5 nights ·","May 2022","Family","Reviewed: 7 May 2022","Good","There are no comments available for this review",""
"Kausikka","India","Deluxe Double or Twin Room","2 nights ·","May 2022","Family","Reviewed: 3 May 2022","Superb","There are no comments available for this review",""
"Vignesh","India","Standard Double or Twin Room","1 night ·","May 2022","Couple","Reviewed: 2 May 2022","Very good","There are no comments available for this review",""
"","","","","","","","","",""
"","","","","","","","","",""