"a3332d346a","afac1f68d9","abf093bdfe","abf093bdfe 2","abf093bdfe 3","abf093bdfe 4","abf093bdfe 5","f6431b446c","a53cbfa6de","a53cbfa6de 2","a53cbfa6de 3"
"Abilash","United States","Deluxe Double Room","2 nights ·","March 2022","Family","Reviewed: 1 April 2022","Exceptional","Excellent value for money . 
I would recommend this place for anyone who wants luxury stay at affordable price .
Food was also good .","Poor Parking Arrangements. 

There is valet parking, but it is done on the streets in random slots.
When I got my car back, it was completely covered in dust and leaves.","1 person found this review helpful."
"Surajit","United States","Deluxe Double Room","3 nights ·","January 2024","Couple","Reviewed: 21 January 2024","Comfortable budget stay","Lived up to our expectations for 3-star hotel.","Hotel entrance was very inconvenient. Though helpful, the staff was not trained sufficiently to be warm to guests. All day restaurant had limited choices during certain times.",""
"Santhosh","India","Deluxe Double Room","2 nights ·","August 2023","Family","Reviewed: 5 August 2023","Very good","The bed was a bit smaller than expected","",""
"Girija","India","Deluxe Double Room","2 nights ·","June 2023","Family","Reviewed: 18 June 2023","Very good","Centrally located","Water clogging in the wash basin",""
"Sourav","India","Deluxe Double Room","1 night ·","January 2023","Family","Reviewed: 12 February 2023","Very good","location","sizes of rooms and pool access timing",""
"Meena","India","Deluxe Double Room","1 night ·","September 2022","Family","Reviewed: 12 November 2022","sweet and comfortable","nice pleasant atmosphere","noisy","1 person found this review helpful."
"Theodar","India","Deluxe Double Room","1 night ·","August 2022","Group","Reviewed: 24 October 2022","Ok for couples and Solo travellers","Good location","Small room",""
"Allwyn","India","Deluxe Double Room","1 night ·","October 2022","Couple","Reviewed: 19 October 2022","Worth the money","The staff is extremely polite. The hotel's restaurants have good food and are quite reasonable.","The room could have been bigger. The WiFi connection was slow and I faced frequent disconnections.",""
"Zubbu","Singapore","Deluxe Double Room","1 night ·","June 2022","Couple","Reviewed: 8 September 2022","It could have been better","Check In time was not flexible enough as per our request because we had a bus at an odd time to land in chennai","","1 person found this review helpful."
"Abdul","India","Deluxe Double Room","2 nights ·","May 2022","Family","Reviewed: 28 May 2022","Good","The property is very clean and tidy. Most of the Staff is very polite and friendly. The hotel is very quiet. They have a great swimming pool. The property is ideally located.","The interaction with the person that checked us in was not very professional it seemed like he didn't care about your concerns or issues. He would not communicate clearly and have discussion to clear out the doubts we had and didn't speak to even justify the room he gave us instead of the one we booked.",""
"Mugdha","India","Deluxe Double Room","2 nights ·","April 2022","Family","Reviewed: 23 April 2022","Very good","The food and ambiance was really good. Hotel Facilities are good.","Housekeeping is very slow, it took the staff the whole day just to bring coffee sachets which were requested in the morning. Even after pressing the make my room button the staff came after 2 hours and left without giving a toilet roll and hand towels.

The reception staff or bell boys didn't help even with the luggage. They only help selected people. Which is biased. 
Check in is delayed and chaotic regardless of them knowing the arrival time. Staff just ignores you at the time of check in, and don't focus just on one guest at a time.",""
"Moksha","India","Deluxe Double Room","1 night ·","February 2022","Solo traveller","Reviewed: 10 March 2022","Bit costly","Excellent Food. We have tried North Indian Food","",""
"Keshav","India","Deluxe Double Room","1 night ·","November 2021","Solo traveller","Reviewed: 1 December 2021","Good but they need to resolve the sound issue as it be a problem for light sleepers!!","Location, staff and response was good during my very short stay","The room is not soundproof and the music from the pub and sounds/noises from the neighbouring rooms can be an issue. The bathroom has a stink despite a 24*7 noisy exhaust","2 person found this review helpful."
"Ashwin","India","Deluxe Double Room","1 night ·","October 2021","Solo traveller","Reviewed: 8 October 2021","Very good","Overall ambience was great","Compact room and squeezed bathroom design",""
"Jayson","United Kingdom","Deluxe Double Room","3 nights ·","February 2024","Couple","Reviewed: 28 February 2024","Overall good.  Staff were very helpful and polite.","room was a bit small.  Breakfast was good, big choice of foods.  dinner also was ok, reasonable preice","Room a bit small.  Did not like the location of the hotel, too central.",""
"Hardeep","India","Deluxe Double Room","4 nights ·","February 2024","Couple","Reviewed: 16 February 2024","Not a value for money place to stay.","Location. Clean room. Terrace ( roof top ) restaurant","Not very well trained staff. Did not have any authority for even small redresssls. Of mistakes.",""
"Mohammed","Saudi Arabia","Deluxe Double Room","1 night ·","January 2024","Family","Reviewed: 15 January 2024","Ok","Location and good staff","Expensive breakfast and combined bar",""
"Akshay","India","Deluxe Double Room","1 night ·","November 2023","Family","Reviewed: 20 November 2023","Good","Property location ,cleanliness, supportive staff","Size of room and bathroom",""
"Awinash","India","Deluxe Double Room","2 nights ·","November 2023","Couple","Reviewed: 9 November 2023","Hotel is good but location is not good","It’s overall good","Location is not ok",""
"Nadia","Malaysia","Deluxe Double Room","3 nights ·","October 2023","Solo traveller","Reviewed: 9 October 2023","Good","The breakfast just nice only.","The bed and could be more larger",""
"","","","","","","","","","",""
"","","","","","","","","","",""
"Sajan","India","Deluxe Double Room","1 night ·","September 2023","Family","Reviewed: 12 September 2023","all god except for the prices of food","didnt have b fast as it was very expensive","Charges for food",""
"Priyadarshini","Singapore","Deluxe Double Room","2 nights ·","September 2023","Family","Reviewed: 6 September 2023","Good attitude by the front desk and prompt service done when requested.","Location and cleaniness","Have to keep on reconnecting to wifi.",""
"Nazeer","United Arab Emirates","Deluxe Double Room","1 night ·","July 2023","Family","Reviewed: 21 July 2023","Worth to stay , value for money","The hotel was clean and the lobby and restaurant had a good ambiance, The staff had excellent  customer service . The room was very comfortable.","All was good",""
"Selvipriya","India","Deluxe Double Room","1 night ·","June 2023","Couple","Reviewed: 19 June 2023","Good","Ambience n food was very good","Toilets were not clean",""
"Gorakhpur","India","Deluxe Double Room","1 night ·","May 2023","Group","Reviewed: 16 May 2023","It's good","Room Services and house keeping should be improved.","Rooms on 1st floor have very poor toilet/washroom setup.",""
"Chris","Australia","Deluxe Double Room","3 nights ·","April 2023","Family","Reviewed: 21 April 2023","not bad.  pleasant but I think there are better options","it was clean , had a pool and good location","no complimentary breakfast with such a high price tag . valet parking was very slow , took a lot of time to get the car back to us everytime",""
"Bhanni","Bangladesh","Deluxe Double Room","5 nights ·","March 2023","Family","Reviewed: 2 April 2023","Very good","Rooftop entertainment","Advance payment",""
"Karthik","India","Deluxe Double Room","1 night ·","March 2023","Couple","Reviewed: 11 March 2023","Good","Breakfast is very good","Room can be much more better. There are few patches that need to be fixed like shower room door, sink is not prper, shower water not draining properly etc",""
"Kaise","United Arab Emirates","Deluxe Double Room","2 nights ·","January 2023","Family","Reviewed: 8 January 2023","Pleasant","clean","very small room space
very small bathroom",""
"Stuart","Australia","Deluxe Double Room","3 nights ·","December 2022","Solo traveller","Reviewed: 4 January 2023","A stay made comfortable by some lovely staff.","This was a very comfortable hotel and the staff were very helpful and friendly, all of them. The food was good, service excellent.","The internal bedroom phones used to communicate with reception and room service are bad. It was the only real problem. I could often not communicate my needs by phone and so they'd need to send someone to my room to speak in person. Given I was really just waiting at this hotel for two and a half days I found the phones a bit frustrating. Alcohol by western standards was very expensive although I dont think this is the hotel's fault. I think this is just because of Government taxes in Tamil Nadu. I tried to buy an average bottle of whiskey at a liquor store and it cost AUS$100 so I didnt buy it.",""
"","","","","","","","","","",""
"","","","","","","","","","",""
"Nair","India","Deluxe Double Room","1 night ·","December 2022","Family","Reviewed: 6 December 2022","Very good","-","-",""
"Nicholas","Thailand","Deluxe Double Room","1 night ·","November 2022","Couple","Reviewed: 29 November 2022","Satisfied Customer","Karthin at reception was very courteous, efficient and kind enough to extend my stay beyond check out time at a reasonable rate.

Breakfast was buffet and had z vzriety of foods.","Reception on arrival was not upto standard. Had to request.

Lighting in the corridor was poor

Rooms are not sound proof and other customers were clising doors loudly.",""
"Vienash","Malaysia","Deluxe Double Room","3 nights ·","October 2022","Group","Reviewed: 31 October 2022","it was a good stay.","well-mannered staff and cleanliness","bathroom-small space,narrow",""
"Srinivasan","India","Deluxe Double Room","3 nights ·","October 2022","Couple","Reviewed: 25 October 2022","Very good","Location","Staff can be more polite, sometimes I did not feel like a customer at all",""
"Shashank","India","Deluxe Double Room","1 night ·","September 2022","Family","Reviewed: 30 September 2022","Good","Good location","Staff behaviour","1 person found this review helpful."
"Thomas","United Kingdom","Deluxe Double Room","10 nights ·","September 2022","Couple","Reviewed: 21 September 2022","Good hotel. A few minor changes would make it excellent.","Good location. Breakfast was tasty and there was an impressive selection every day. Staff were friendly (special mention to the boy who cleaned our room and the doorman who were particularly nice and smiley). Really comfy bed.","Could definitely do with some shaded area by the pool, like parasols and sun loungers, because it was too hot to sit for any length of time. Also the pool shuts at 5pm which is a bit annoying if you want to go for an evening swim as it's cooling down outside.",""
"Rajashekar","","Deluxe Double Room","2 nights ·","September 2022","Family","Reviewed: 7 September 2022","Very good","You should have reduced the price","",""
"Vishnumohan","India","Deluxe Double Room","1 night ·","September 2022","Couple","Reviewed: 7 September 2022","Good Place","Staff behavior. Overall experience was good.","The bathroom was very small. Service at Lower Deck can be improved.",""
"Paramasivan","Malaysia","Deluxe Double Room","1 night ·","August 2022","Couple","Reviewed: 6 September 2022","Good","overall was good.","Front desk staff should lower their tone and body languange when speaking.Other than that overall was good",""
"Elamana","United Arab Emirates","Deluxe Double Room","4 nights ·","August 2022","Group","Reviewed: 14 August 2022","Satisfiled but not worth for the money.","Breakfast was excellent with lot of options.
Rates are on the higher side for the facility provided.","Not flexible in checking out process, may be due to full occupancy.",""
"","","","","","","","","","",""
"","","","","","","","","","",""
"Ajay","India","Deluxe Double Room","3 nights ·","July 2022","Couple","Reviewed: 27 July 2022","In Booking . com there is always a catch for booking with breakfast. Generally people end up booking without Breakfast w","locations Ambience","very Small room
very very small bathroom",""
"Ashwin","India","Deluxe Double Room","1 night ·","July 2022","Group","Reviewed: 22 July 2022","Could have been better","Breakfast was good","Check-out process was painful, with the staff unable to understand even basic instructions",""
"Hunnee","Mauritius","Deluxe Double Room","1 night ·","June 2022","Family","Reviewed: 8 June 2022","Like the place","Good hotel","Noisy","1 person found this review helpful."
"Rakesh","India","Deluxe Double Room","2 nights ·","May 2022","Family","Reviewed: 1 June 2022","Very good","Hotel elegance, dining hall","Ok",""
"Rathnavelu","India","Deluxe Double Room","3 nights ·","May 2022","Couple","Reviewed: 14 May 2022","Very good","the ambiance is good","yes",""
"Ashwini","India","Deluxe Double Room","2 nights ·","March 2022","Solo traveller","Reviewed: 16 April 2022","Judgy staffs , amazing place though","The stay and food were good. Neatly maintained","The reception staff were judgemental and a bit rude sometimes. They showed unnecessary arrogance for  which I had to argue to make them treat us properly.","1 person found this review helpful."
"Hitesh","India","Deluxe Double Room","1 night ·","April 2022","Solo traveller","Reviewed: 4 April 2022","Good hotel for the short stay","I didn't use much facilities in the hotel. Staffed was helpful, location was convenient.","Room had a sticky ( may be juice ) drops at many places.",""
"Arvind","India","Deluxe Double Room","1 night ·","February 2022","Solo traveller","Reviewed: 25 February 2022","it was ok","for lunch quite a few items on the menu of the restaurant were not available","",""
"Kaushal","India","Deluxe Double Room","1 night ·","February 2022","Group","Reviewed: 17 February 2022","It was OK experience.","The breakfast was good. Taste can be improved for sambhar and south Indian dishes. When someone travels to south India they expect nothing but the best in south Indian cuisine.","The room was very congested. The bathroom is so small that one has to do a circus to go inside and access all parts of the bathroom.",""
"Vishnumohan","India","Deluxe Double Room","3 nights ·","November 2021","Family","Reviewed: 7 January 2022","Good place","The location and the ambience","Nothing",""
"","","","","","","","","","",""
"","","","","","","","","","",""
"Shashank","India","Deluxe Double Room","1 night ·","January 2022","Solo traveller","Reviewed: 6 January 2022","Very good","walking distance to US visa Dropbox office","",""
"S","Bangladesh","Deluxe Double Room","2 nights ·","November 2021","Family","Reviewed: 4 December 2021","Good stay - visited twice","Friendly staff, tasty food.","Power socket should fit with international standards. WiFi should be direct not via web-login.",""
"Sajeev","India","Deluxe Double Room","3 nights ·","October 2021","Family","Reviewed: 26 October 2021","Pleasant","I made the confirmation with breakfast, unfortunately they said the booking was without breakfast, I'm sure I did with breakfast and I was disappointed","",""
"Farooq28","India","Deluxe Double Room","1 night ·","August 2021","Group","Reviewed: 10 August 2021","Very good","Overall good","Design of bathroom is not good after entering in bathroom closings the is a difficult task you to push you all body toilet tub site and then door is able to close pls fix this problem",""
"Vikas","India","Deluxe Double Room","2 nights ·","March 2024","Family","Reviewed: 28 March 2024","Overall it was Decent stay","Had booked this property because of close proximity to US Biometrics centre. It was just 5 min walk to the centre from the hotel. Rooftop restaurant has a good vibe & food was also very nice. Staff was very friendly & courteous","I believe place needs some upkeep & maintenance as rooms interior looks very old. I also felt food price on the higher side. WIFI was not reliable & WiFi signal kept on dropping . Raised a complaint but no one followed it up for closure. Had to ultimately connect through my phone internet.",""
"Nizar","United Arab Emirates","Deluxe Double Room","2 nights ·","March 2024","Couple","Reviewed: 14 March 2024","Not worth for my pay.","Breakfast was good","Room is very small compared to other same star rated hotel. 
Mosquitos on curtain which is annoying.",""
"Mahendran","Malaysia","Deluxe Double Room","1 night ·","December 2023","Couple","Reviewed: 9 December 2023","Last stay","Regularly stayed here and though comfortable location.
Thanks for the paracetamol provided today.","Nothing can be compromised. Late check out even at 1pm not possible, room rate is high compared to other places. Roof top and lower deck closed so early. Staff at lower deck provide rude feedback. I feel like this is my stay with this hotel.",""
"Niti","India","Deluxe Double Room","3 nights ·","July 2023","Solo traveller","Reviewed: 19 August 2023","way too expensive .cost not justified","location, neatness, room size","sound proofing the rooms, less noise on weekends from the bar","1 person found this review helpful."
"Neeraj","India","Deluxe Double Room","3 nights ·","October 2022","Solo traveller","Reviewed: 15 October 2022","Just ok","Location only . but staff were not so great and breakfast avarage . high in tarrif but OK on food rates","Quite high on taffief . not so good room service breakfast not up to the standard",""
"Ravi","United States","Deluxe Double Room","1 night ·","August 2022","Couple","Reviewed: 1 August 2022","Pleasant","Great food and location","cleanliness and sheets",""
"","","","","","","","","","",""
"","","","","","","","","","",""
"Mahendran","Malaysia","Deluxe Double Room","3 nights ·","June 2022","Family","Reviewed: 23 June 2022","Time to look for new hotel. 2 times stay ia sufficient","Near to city","Too many restrictions. Declined the request to have key card also. It was troublesome for me and my wife who went out shopping separately",""
"Amish","India","Deluxe Double Room","3 nights ·","October 2021","Family","Reviewed: 29 October 2021","Pleasant","The hotel location is really good but the rooms are very small.","Also like to mention that the buffet was very ordinary and were not serving hygenic food.",""
"Sairamesh","India","Family","Superior Double Room","July 2021","2 nights ·","Reviewed: 27 July 2021","Park Elanza","Location.","The room though was 25 Sft, the bathroom was too small and makes it tight to enter and shut the door. Unfortunately the bathroom had issues relating to water leakage into corridor and hall way in plenty. The housekeeping call numbers weren’t responsive and one had to reach via reception. Bathroom shower water was too hard. Too much to expect in Chennai perhaps. Quality of housekeeping needs to improve leaps and bounds. There were small cockroaches in the room, perhaps the room could do with some pest control. The restaurant too had small cockroaches running all over the buffet counter. Staffing was too thin though they were courteous. Parking wallet available, too little space, it’s a squeeze. Staff love to be tipped and have a senses of expectation.",""
"Chirag","India","Deluxe Double Room","1 night ·","November 2022","Family","Reviewed: 17 January 2023","Pleasant","The Night Club in the hotel had loud music playing in till late at night and the rooms are not designed to be sound proof.","","1 person found this review helpful."
"Sreenivasa","India","Deluxe Double Room","3 nights ·","March 2023","Family","Reviewed: 1 April 2023","Good","Hospitality","Room",""
"Arka","India","Deluxe Double Room","1 night ·","March 2024","Solo traveller","Reviewed: 5 March 2024","Superb","Room and amenities in room were excellent","No ironing facility in room.",""
"Srijata","United States","Deluxe Double Room","4 nights ·","February 2024","Family","Reviewed: 8 February 2024","Superb","Everything was great - the staff, the location, the food, the cleanliness! We stayed here during our visa stamping, the visa application center is within 5 min walking distance which was stellar.","The rooms were quite small. It's fine for one person, but with two it starts getting very cramped.",""
"Devendra","India","Deluxe Double Room","2 nights ·","September 2023","Couple","Reviewed: 28 September 2023","Good","Location","",""
"Amit","India","Deluxe Double Room","4 nights ·","August 2023","Family","Reviewed: 29 August 2023","Superb","Room was good, well maintained, clean.
Breakfast items were nice, the menu covered food from north as well as south India.
We ordered dinner in room, taste was excellent. The roof top restaurant was also good.","",""
"Gautam","India","Deluxe Double Room","1 night ·","August 2023","Couple","Reviewed: 20 August 2023","ITS GOOD HOTEL AND GOOD VALUE FOR MONEY","OVERALL ALL GOOD","ROOM SIZE",""
"","","","","","","","","","",""
"","","","","","","","","","",""
"Kiran","India","Deluxe Double Room","4 nights ·","July 2023","Family","Reviewed: 29 July 2023","Exceptional","Very comfortable stay","",""
"B","Sri Lanka","Deluxe Double Room","2 nights ·","June 2023","Family","Reviewed: 11 June 2023","Wonderful hospitality , a home away from home","The service was amazing . The front office manager Mr. Nelson Paul was the show topper at the hotel. A humble gentleman who is always keeping an eye on the guests needs and requirements to make the stay pleasant . The staff is with all smiles always. From door man Phillip to front desk Ahamed. 
The food was delicious. The varieties were splendid with a truly aunthentic indian variations with international buffet. 
We enjoyed well and hope to be back again. 
Thankyou Mr.Nelson and team for the wonderful hospitality","",""
"Ranjit","Germany","Deluxe Double Room","3 nights ·","April 2023","Family","Reviewed: 17 April 2023","All in all it was a nice stay with standards known from european hotels with luxurious interior and good service.","The hotel has a modern and luxurious style. It has a variety of restaurants and bars in house. One of Chennai’s most famous night clubs is also located at this hotel. This can also be seen as a minor point for families that seek a quite place because Music can be heard until 1am midnight if you stay in rooms on the first floor. In my opinion this was still acceptable. Also the restaurant and the roof top restaurant are very nice. The service was always good, we were help with any request and the rooms are cleaned daily.","The only thing that was a bit annoying was the WI-FI because you always get kicked out from connection as soon as you go into standby mode. So you always have to make sure the reconnect to not wast your mobile data.",""
"Joydeb","India","Deluxe Double Room","5 nights ·","April 2023","Family","Reviewed: 6 April 2023","Exceptional","Everything. Especially, the cleanliness. The hotel staff are very friendly.","They provide only 1 litre of drinking water per room.",""
"Sandeep","India","Deluxe Double Room","1 night ·","March 2023","Family","Reviewed: 28 March 2023","Superb Stay, exceeded our expectation","Everything was excellent.","Not Applicable",""
"Althaf","India","Deluxe Double Room","1 night ·","March 2023","Family","Reviewed: 5 March 2023","Exceptional","Except food","If they reduce price on food we can purchase there, food prices are high remaining every thing is excellent",""
"Dibbyajeet","","Deluxe Double Room","3 nights ·","December 2022","Group","Reviewed: 18 January 2023","Exceptional","To travel sweetable sights","Gurbage,miss behaviour, break of turms n condition",""
"Nirat","United States","Deluxe Double Room","1 night ·","October 2022","Couple","Reviewed: 18 October 2022","Superb","Rooms were nice and clean, great breakfast buffet and staff were very nice helpful! Location was great and walkable to the visa office.","",""
"John","India","Deluxe Double Room","1 night ·","September 2022","Family","Reviewed: 18 September 2022","good keep up the good work","clean n neat","room size was bit small I guess",""
"Hiranmay","India","Deluxe Double Room","1 night ·","September 2022","Couple","Reviewed: 17 September 2022","An excellent place to stay if you are visiting US VAC or nearby locations","The hotel is located within a few minutes of walk from the US VAC, which we needed to visit. That way, it was an ideal location for us. The room was decent and adequately furnished. We enjoyed a hearty breakfast and an excellent lunch. The staff members and the manager had been extremely courteous and helpful.","We expected a bigger room for the price. It was a bit congested for two, but manageable for a night. Also, there was no ventilation in the lobby (3rd floor), the air smelled stale despite generous use of freshener.",""
"","","","","","","","","","",""
"","","","","","","","","","",""
"Menon","India","Deluxe Double Room","3 nights ·","September 2022","Family","Reviewed: 8 September 2022","Exceptional","Everything was good.  The ambience, the interior, the cleanliness.  All staffs in the reception, restaurent n Housekeeping n senior manager.  All were very helpful.

Except they have only 2 rooms with kingsize bed.  Other rooms are good, but small especially the entrance corridor. I changed my room to the kingsize bed next day.","...",""
"Bhagat","India","Deluxe Double Room","1 night ·","August 2022","Family","Reviewed: 14 August 2022","Poor","The staff service is very slow .","",""
"Gurvinder","India","Deluxe Double Room","4 nights ·","July 2022","Family","Reviewed: 6 August 2022","Exceptional","property was well maintained and staff was also polite really liked suit room","washrooms are really small in size like in normal rooms it feels suffocated",""
"Shilpa","India","Deluxe Double Room","2 nights ·","July 2022","Couple","Reviewed: 14 July 2022","Superb","cleanliness, food and pub","overpriced",""
"Uma","India","Deluxe Double Room","2 nights ·","June 2022","Couple","Reviewed: 13 June 2022","Exceptional","easy location - great service","",""
"Neethu","India","Deluxe Double Room","4 nights ·","April 2022","Family","Reviewed: 22 May 2022","","This review has been hidden because it doesn't meet our guidelines.","",""
"Ketaki","India","Deluxe Double Room","4 nights ·","May 2022","Solo traveller","Reviewed: 13 May 2022","Great","Great cleanliness. Very courteous staff, amiable and accommodating. Made my stay comfortable!","",""
"Amul","India","Deluxe Double Room","2 nights ·","April 2022","Family","Reviewed: 13 April 2022","Exceptional","Excellent food and Ambiance, Well mannered and Professional staffs, great place to be.","Bathrooms and toilet rooms were very small.",""
"Dinna","India","Deluxe Double Room","1 night ·","January 2022","Family","Reviewed: 11 January 2022","Superb","Ambiance is very good 
Rooftop restaurant is awesome","There is no kids pool
Not like non veg food preparations
Missing Tamilnadu food taste particularly non veg",""
"Qamber","India","Deluxe Double Room","1 night ·","December 2021","Family","Reviewed: 3 January 2022","Exceptional","Loved the staff and their friendly nature towards my daughter and she enjoyed communicating with all","Nothing",""
"","","","","","","","","","",""
"","","","","","","","","","",""
"Dinesh","India","Deluxe Double Room","1 night ·","October 2021","Solo traveller","Reviewed: 12 December 2021","best Price best location","Good Location to stay.. Good break fast menu for all kind of people","Room",""
"Mohammed","United Arab Emirates","Deluxe Double Room","1 night ·","September 2021","Group","Reviewed: 21 September 2021","Exceptional","clean and neat , worth it","",""
"Anoop","Malaysia","Deluxe Double Room","2 nights ·","August 2021","Family","Reviewed: 6 September 2021","Superb","Room service , Staff was helpful and services were excellent","Breakfast spread could be improved",""
"Bala","India","Deluxe Double Room","1 night ·","September 2021","Family","Reviewed: 3 September 2021","Pipeline connection tap water is poorly maintained each time we need to call the reception and ordering food s a challen","Rooms were maintained well","Water supply and tap connections were poor western toilet connection shower connection were poor",""
"Shankar","India","Deluxe Double Room","1 night ·","August 2021","Family","Reviewed: 10 August 2021","good","room is ok","nothing",""
"Koushik398","India","Deluxe Double Room","1 night ·","August 2021","Group","Reviewed: 8 August 2021","Superb","Ambience","N/A",""
"Ranjeev","India","Deluxe Double Room","1 night ·","March 2024","Couple","Reviewed: 28 March 2024","below average","Location & Dinner
Rest all was below average","Room - Smaller, AC not working even at 16degree temp setting, Bathroom got flooded with water. There were cockroaches in wash room. 
Breakfast - OK, not very many varieties, Items prepared in bulk and kept. No live counters. 
Dinner - OK",""
"Mageswaran","Singapore","Deluxe Double Room","4 nights ·","March 2024","Family","Reviewed: 5 March 2024","","This review has been hidden because it doesn't meet our guidelines.","",""
"Punnakkal","United Arab Emirates","Deluxe Double Room","1 night ·","November 2023","Couple","Reviewed: 30 November 2023","Passable","It was not that great experience. Next time will not recommendable.","I requested for early checking and charges were extremely high which I paid for it. And it’s not even worth it.",""
"Dr","India","Deluxe Double Room","2 nights ·","August 2023","Solo traveller","Reviewed: 2 September 2023","Good experience all together","Breakfast was great","Actually all good",""
"","","","","","","","","","",""
"","","","","","","","","","",""
"Randhir","India","Deluxe Double Room","1 night ·","June 2023","Family","Reviewed: 2 June 2023","Passable","Lo action and pricing","Room was smelly.
Restaurant service was very bad
Restaurant staff was discourteus",""
"Dhruv","India","Deluxe Double Room","1 night ·","March 2023","Group","Reviewed: 30 March 2023","Really low on Service though the property is good","Nothing","They did not serve us water for the whole night even after 4 reminders. 

They also on check out tried to dubiously bill some mini bar snacks though we did not use them.",""
"Raman","Malaysia","Deluxe Double Room","2 nights ·","March 2023","Solo traveller","Reviewed: 29 March 2023","Superb","receptionists guys. excellent","room absorbs outside noise",""
"Indrani","India","Deluxe Double Room","2 nights ·","March 2023","Couple","Reviewed: 25 March 2023","Passable","There was no bucket  in the washroom. How can the shower jel be used.","",""
"Dr","Malaysia","Deluxe Double Room","2 nights ·","March 2023","Solo traveller","Reviewed: 9 March 2023","VALUE FOR MONEY FOR BUSINESS TRAVELLERS","FRONT OFFICE COURTESY","",""
"Ravindran","United States","Deluxe Double Room","3 nights ·","November 2022","Family","Reviewed: 3 November 2022","Will eat your wallet","The location is near to the location where i had work.  I couldn't go out side due to 3 days heavy rain.","From the hotel room to all other  services are high price. hotel offered sound proof room. Still, i was able to hear conversation from reception and person who walks around corridor.  Wifi disconnects after 11.00 and it never works until next morning...","1 person found this review helpful."
"Vizitiu","Romania","Deluxe Double Room","8 nights ·","September 2022","Group","Reviewed: 21 September 2022","Disappointing","Breakfast location good, alot of dishes to choose from
Pool was clean","When I booked the hotel it was a price, when I arrived it was 67 euros extra for ""taxes"", whatever they are, so pls pay with card before you arrive
If you stay there, you get 15% discount for food and beverages, but the staff from floor 5 (pool) sometimes ""forgets"" to put the 15% discount on the bill, so you have to check every time
After I got my final receipt, I saw one extra entrance fee to Lower Deck(disco) which I didn't go, so check the check-out receipt carefully aswell
Wifi disconnects every 10 minutes",""
"Richmond","United States","Deluxe Double Room","3 nights ·","September 2022","Group","Reviewed: 17 September 2022","Poor","location
breakfast","we booked a King bed since it was a party of 3.
The property DID NOT HAVE KING BEDS AT ALL.

Either bookings.com is at fault or property is at fault. when approached about this to the property’s concierge, the narrative seemed as if it was our fault for booking with bookings.com

Poor customer service",""
"Hari","United States","Deluxe Double Room","1 night ·","July 2022","Couple","Reviewed: 26 July 2022","Decent room but staff needs to be more professional","decent location for US Visa purposes","Food and restaurant staff not friendly and question every hospitality request",""
"Thilak","India","Deluxe Double Room","2 nights ·","June 2022","Family","Reviewed: 5 June 2022","Disappointing","Bar restaurant music we’re coming up to 4th floor not able to sleep peacefully.","",""
"","","","","","","","","","",""
"","","","","","","","","","",""
"Muralidharan","India","Deluxe Double Room","3 nights ·","March 2022","Family","Reviewed: 28 March 2022","Not a Value for money stay","Loction","Wash room  pretty congested",""
"Sarvesh","India","Deluxe Double Room","4 nights ·","March 2022","Family","Reviewed: 26 March 2022","Exceptional","I like the staff whoare in the reception  mainly  mr.mosses and mr.babu and the lady staff they were so friendly and treated as good .we enjoyed a lot and the food was remarkable and there are variety of dish in the breakfast","While staying I just had a worst experience with the banquet functions lots of noises and the guest were holding the lift for moving up and down .rest overall was good",""
"Ankit","India","Deluxe Double Room","1 night ·","December 2021","Solo traveller","Reviewed: 26 December 2021","Good Property, Great Staff","Property was good. Staff was really nice I left at 3 AM in the morning yet they woke for my check out. Sent by courier the stuff I left behind","There was some smell",""
"Shaikh","India","Deluxe Double Room","1 night ·","September 2021","Solo traveller","Reviewed: 19 September 2021","Exceptional","Location and cleanliness","",""
"Thirumal","India","Solo traveller","Superior Double Room","April 2021","1 night ·","Reviewed: 5 May 2021","Bad","The morning staffs were rude","",""
"Mukesh","India","Deluxe Double Room","2 nights ·","December 2023","Solo traveller","Reviewed: 29 December 2023","will not go back.","breakfast and dining facilities are good","parking very poor. rooms very poor - unclean, very small cramped. bathroom old smelly and unclean.   wifi bad. not worth the price. there are much better options with similar pricing.",""
"Rajan","India","Deluxe Double Room","1 night ·","December 2023","Couple","Reviewed: 13 December 2023","Generally the stay was","Breakfast and the restaurant was very good and the staff are very good","Mainly the washroom was very unclean - also there was a bad smell inside the building. It could be because of the recent flood. Room was
Okay",""
"Pranesh","India","Deluxe Double Room","4 nights ·","August 2023","Family","Reviewed: 20 August 2023","Passable","The only thing I like was room service staff and reception staff are kind and more concerned","Not sound proof, you can hear other rooms phone and noises from the corridor. 
VERY SMALL room 
Restaurant staff's doesn't know to smile or smile back",""
"Kajal","India","Deluxe Double Room","4 nights ·","August 2023","Family","Reviewed: 11 August 2023","Superb","Very clean ,staff very good behaviour,location wise very good,breakfast yummy.","Room space and bed size too small for family,mattress not comfortable spring hurt backache.",""
"Pankaj","India","Deluxe Double Room","1 night ·","July 2023","Family","Reviewed: 10 July 2023","Not worth the cost paid","Very expensive. 
Arrogant staff 
Dirty rooms 
Pathetic bathroom 
Smelling lobby","","1 person found this review helpful."
"","","","","","","","","","",""
"","","","","","","","","","",""
"Islomkhon","Uzbekistan","Deluxe Double Room","1 night ·","July 2023","Solo traveller","Reviewed: 1 July 2023","Disrespectful, rude, bad value!","The person in the reception was very rude and awful. I guess it was the manager of the hotel.","Very unprofessional staff, rude! No respect to the guests. I’ll Never come this hotel again .",""
"Raju","India","Deluxe Double Room","3 nights ·","June 2023","Family","Reviewed: 12 June 2023","I will never ever stay in this hotel again","Room are too small, Room service horrible, front office staff not at all pleasing too rude.","",""
"Sasikumar","Malaysia","Deluxe Double Room","3 nights ·","May 2023","Couple","Reviewed: 24 May 2023","Customer services need to improve","Nothing","I dont like anything",""
"Vijay","Sri Lanka","Deluxe Double Room","1 night ·","May 2023","Solo traveller","Reviewed: 13 May 2023","Very poor","Linen was dirty. Room was stuffy","",""
"Smgan","Singapore","Deluxe Double Room","4 nights ·","April 2023","Family","Reviewed: 30 April 2023","Disappointing","Cleanest, toilet,  hotel services","",""
"Johann","United Arab Emirates","Deluxe Double Room","3 nights ·","March 2023","Solo traveller","Reviewed: 23 April 2023","not a typical vacation hotel but it was comfortable","the staff are nice and respectful","the bed linen was dirty and washroom floor have foot step and toilet seat have stain.",""
"Shashank","India","Deluxe Double Room","1 night ·","April 2023","Solo traveller","Reviewed: 19 April 2023","Disappointing","Nothing","Service against the cost",""
"Manasa","India","Deluxe Double Room","1 night ·","April 2023","Family","Reviewed: 5 April 2023","I don't suggest this hotel it's not worth of the amount.","I liked the location food and the lounge on top floor","Rooms could've been a little more clean, washroom could've been spacious it's too small and congested, room services were poor.",""
"Abu","Bangladesh","Deluxe Double Room","2 nights ·","March 2023","Couple","Reviewed: 15 March 2023","over rated hotel","location was good.well maintained,sufficient amenities,good wi fi","queen bed is small for two person, pillows are not comfortable. food is not good. breakfast is poor.gym is not function-able. felt like a store room just to dump few couple trade mills and one cross machine. so space to do any",""
"Rajesh","India","Deluxe Double Room","2 nights ·","February 2023","Solo traveller","Reviewed: 12 February 2023","Bad","nothing basically","arrogant staff... box room and very box bathroom... not at all happy",""
"","","","","","","","","","",""
"","","","","","","","","","",""
"Rajasekhar","United States","Deluxe Double Room","2 nights ·","October 2022","Family","Reviewed: 17 October 2022","Passable","Location was perfect","Cleanliness was a big problem. Bed sheets and blankets had foul smell, bathroom are very small and dirty. Pub music bothered my rest way past 12am, absolutely no noise insulation. Reception was not so flexible at all, I had couple of issues with internet connectivity and they literally ordered me to come downstairs to fix it, not a polite experience. Don't recommend unless you are looking for a 2* grade experience.",""
"Runa","Japan","Deluxe Double Room","2 nights ·","October 2022","Family","Reviewed: 8 October 2022","Bad","The reservation for 3 adults,1 room was made via booking.com. However, on reaching the hotel, an extra amount was charged. It is disappointing that inspite of making the reservation via the booking.com website, they didn't agree to refund back the extra amount charged. No additional services/items were requested by us at any point of time. Also, the room was small compared to what is displayed in the website. Hence, due to loss of trust, we decided not to extend the stay at this hotel.","",""
"Shrimati","United Arab Emirates","Deluxe Double Room","2 nights ·","September 2022","Family","Reviewed: 14 September 2022","mismanaged property, very much avoidable","nothing","mismanaged property on all counts 
1)no parking on site (they claim they have parking on the booking website), even minimal facilities for drivers are not there - our own car keys were taken away and the driver couldn’t even use our car to rest. 

2) kitchen highly mismanaged : chicken served as vegetarian Thai curry (despite mentioning 3 times that we are vegetarians-this was the most upsetting incident for our group), pesto sauce in pasta claimed as pink sauce, room service coffee served lukewarm after 30 min delay each time 

3) housekeeping mismanaged: they only put 1 coffee and tea sachet for double occupancy room, tiny bottles of water— extremely cheap gestures for room that cost over 5000/day

4) checkout/Billing mismanaged: we were overcharged (tax was added twice) and it was adjusted only after we pointed out. the checkout took us 30 minutes",""
"Jai","India","Deluxe Double Room","1 night ·","June 2022","Family","Reviewed: 11 June 2022","Good","Swimming poll,Breakfast","",""
"C","India","Deluxe Double Room","1 night ·","June 2022","Family","Reviewed: 3 June 2022","Not as endorsed.","The location of the property is good.","Pretty much everything else. From when we checked in to check out.. things weren't very smooth. The seamless experience was nil.",""
"Ilias","Kazakhstan","Deluxe Double Room","8 nights ·","May 2022","Family","Reviewed: 21 May 2022","Bad","The services, maintenance, delays in everything, poor communication.","",""
"Vijay","India","Deluxe Double Room","1 night ·","April 2022","Group","Reviewed: 13 April 2022","over priced for the service given","The hotel is centrally located and decorated well","the service is pathetic, too many rules in the hotel, more like a jail rather than a cozy hospitality business. During checkin the staff just spelt out rule after rule.  We asked for empty glasses in the room, they said its not their policy to give glasses. We asked for empty plates for food, they said we will be charged 30/- per plate as its not their policy.. The room tarriff was quite premium but the service was like a local lodge. not recommended",""
"Sudherson","India","Deluxe Double Room","1 night ·","January 2022","Group","Reviewed: 23 January 2022","Passable","Location was perfect, rooms were neat and clean.","Staff at the reception were unfriendly right from the check-in - had to call multiple times and multiple numbers for cutlery to be delivered at room",""
"Shrinivas","India","Deluxe Double Room","5 nights ·","July 2021","Solo traveller","Reviewed: 30 July 2021","Passable","The location is very good. The overall ambience is nice..","The breakfast was very repeatative, didn't have many options. It was also not so healthy. Staff was not well trained.",""
"Dhruv","United Kingdom","Deluxe Double Room","2 nights ·","February 2024","Solo traveller","Reviewed: 10 February 2024","A solid option if absolutely needed but not the best value for money at all. If I came back to Chennai I wouldn’t pick t","The restaurant and seating area on the roof was a great place to chill and eat.","Generally could have been cleaner and the staff were not particularly engaging - as they usually are in most hotels across India.",""
"","","","","","","","","","",""
"","","","","","","","","","",""
"P","India","Deluxe Double Room","1 night ·","May 2023","Couple","Reviewed: 23 July 2023","The pool was not available","The bed was not comfortabe.","",""
"Dev_t","India","Deluxe Double Room","1 night ·","June 2023","Family","Reviewed: 10 July 2023","Pathetic Hotel and Service","Nothing","Rodents in the room checked out as soon as we checked in and looked for alternative accommodation..asked for a bucket of ice and we were bought two cubes of ice in a plastic box.",""
"Adilkhan","United Arab Emirates","Deluxe Double Room","1 night ·","May 2023","Family","Reviewed: 9 May 2023","Not satisfractory","Breakfast","Cosy rooms, no space in washroom, front office were to follow strict rule to  collect  in advance  full payts before handing room keys. Were not supportive. Will not prefer or recomend for a stay. Over all its overpriced and  not a value for money deal.",""
"Seyed","Saudi Arabia","Deluxe Double Room","4 nights ·","May 2023","Group","Reviewed: 8 May 2023","not worth of money. instead customer can in below 3 star","nothing","everything. example: no proper room service",""
"Sandeep","India","Deluxe Double Room","1 night ·","March 2023","Solo traveller","Reviewed: 10 April 2023","Passable","room was smelling smoky","",""
"Arpita","India","Deluxe Double Room","1 night ·","December 2022","Family","Reviewed: 28 February 2023","Poor","Nothing","Everything , just lower the price as you dont meet the expectations of a 3 star hotel , they dont have enough housekeping people. 1 person for plumber , tv , ac fix all.

Food is not upto the mark, rooms are so small . AC is not working . Food is not fresh and good.",""
"Chandrabalaji","India","Deluxe Double Room","1 night ·","February 2023","Solo traveller","Reviewed: 14 February 2023","Definitely NOT a good hotel to stay","Nothing..except for its location which is in closer proximity to US Visa Processing centre (it's walkable)..Otherwise, there is DEFINITELY NO VALUE FOR MONEY !!","- The Toilet inside the room is NOT so clean and definitely needs some minimal upgrade...Everything looks worn out..including the towels..NOT WELL MAINTAINED
- Seems some construction work is going on next room...and it was quite noisy
- No HOTEL Taxi facility available
- NO Complimentary EARLY CHECK-IN ....they charged INR 3000 Extra for just 2 hrs early checkin (along with INR 5000 daily charges), though i mentioned that I would do same day check-out....so I paid INR 8000 for just 7 to 8 hrs stay at this junk hotel.",""
"Mudiyala","India","Deluxe Double Room","2 nights ·","October 2022","Couple","Reviewed: 17 December 2022","Bad","Nothing","Everything",""
"Sangara","Malaysia","Deluxe Double Room","1 night ·","December 2022","Family","Reviewed: 12 December 2022","Poor","Aircond problem, no action taken
Phone problem, no action taken

Waste of money staying in this hotel.","",""
"Dharunendhar","Germany","Deluxe Double Room","1 night ·","October 2022","Couple","Reviewed: 19 October 2022","Bad","poor service,air conditioner not working,lazy staffs","",""
"","","","","","","","","","",""
"","","","","","","","","","",""
"Anjaneya","India","Deluxe Double Room","1 night ·","June 2022","Solo traveller","Reviewed: 21 June 2022","Poor","location","everything except location",""
"Janvi","India","Deluxe Double Room","1 night ·","June 2022","Family","Reviewed: 6 June 2022","Will never visit this hotel again very different from the images","Breakfast was good and nice","Rooms and staff were horrible , room was stinking , ac not working . Horrible staff",""
"Mohammed","India","Deluxe Double Room","1 night ·","May 2022","Solo traveller","Reviewed: 6 June 2022","Not comfortable","Too strictly timing for check in and check out","No flexibility",""
"Abdullah","United Arab Emirates","Couple","Suite Room","May 2022","1 night ·","Reviewed: 4 May 2022","disgusting hotel, there are no international plug points in the room, local indecent crowd always roaming around the lob","to be honest, I booked a suit room for the jacuzzi and turns out it doesn’t work itself.","staff says un married couple not allowed, but the same hotel had responded to a message saying un married couple aged 18plus with valid IDs are allowed, I was asked not to book with the hotel by the staff. I can’t explain how horrible this experience was",""
"Sirisha","India","Deluxe Double Room","1 night ·","February 2022","Solo traveller","Reviewed: 17 February 2022","Not satisfactory","Location","Poor hospitality 
Not worth the money
Dirty towels
Smaller room
Poor infrastructure",""
"Rajarshi","India","Deluxe Double Room","1 night ·","October 2021","Family","Reviewed: 28 October 2021","Poor","Hotel facility","Reception manager was not well behaved when they saw the booking from booking. Com",""
"Nasser","Oman","Deluxe Double Room","1 night ·","June 2021","Family","Reviewed: 2 June 2021","Very poor","no thing","too much noise from the other rooms, we could not sleep during the night, tv and music from Neighbors too loud..",""
"Anonymous","India","Deluxe Double Room","1 night ·","October 2021","Family","Reviewed: 6 October 2021","Good","Comfortable beds all basic amenities.","Ac didn't work properly. Odd smell in the room",""
"Anonymous","India","Deluxe Double Room","1 night ·","May 2023","Family","Reviewed: 12 May 2023","it was very good hotel as location wise and cleaning wise but food was not good and it’s not good for value wise","location","food",""
"Anonymous","India","Deluxe Double Room","2 nights ·","November 2022","Couple","Reviewed: 28 November 2022","Superb","all over it was fine","Check out time is too early. I had requested for some extension, cut Denis",""
"","","","","","","","","","",""
"","","","","","","","","","",""
"Anonymous","India","Deluxe Double Room","2 nights ·","August 2021","Solo traveller","Reviewed: 24 September 2021","Exceptional","Everything","Excellent stay",""
"Anonymous","India","Deluxe Double Room","2 nights ·","October 2021","Family","Reviewed: 6 October 2021","Not worth for the money, totally disappointed hospitality by parkelanza Chennai.","Ambience, valent Parker driver responds good than receptionist, even security guards are good than room service and receptionist.","Restroom area too small, 
Air-conditioning of room poor,
Bad attitude of receptionist,",""
"Ernestine","Austria","Deluxe Double Room","1 night ·","February 2024","Group","Reviewed: 6 March 2024","Very good","Sehr schönes Rooftop Restaurant, ausgezeichnetes Frühstück","Personal im Restaurant etwas arrogant",""
"Robensan","Germany","Deluxe Double Room","2 nights ·","October 2022","Couple","Reviewed: 22 October 2022","toller Aufenthalt, nur etwas zu teuer","Lage ist perfekt, tolle Ambiente","erstes Zimmer hatte schlechte Klimaanlage",""
"Marouane","France","Deluxe Double Room","1 night ·","September 2022","Solo traveller","Reviewed: 19 October 2022","Good","bien situé, propre","",""
"Florence","Switzerland","Deluxe Double Room","3 nights ·","February 2023","Family","Reviewed: 18 February 2023","Superb","Très bon emplacement. Lits très confortables et personnel a l écoute. Mention spéciale à la piscine sur le toit, magnifique !","Ras",""
"Masoud","Oman","Deluxe Double Room","1 night ·","June 2022","Couple","Reviewed: 5 June 2022","Disappointing","مطعم الفندق جميل جدا وطاقم العمل ودودين","أصوات مزعجه من طاقم التنظيف في اوقات الراحة",""
"Suraj","India","Deluxe Double Room","3 nights ·","January 2024","Solo traveller","Reviewed: 2 March 2024","Very good","There are no comments available for this review","",""
"Dharav","United States","Deluxe Double Room","1 night ·","November 2023","Family","Reviewed: 10 December 2023","Very good","There are no comments available for this review","",""
"Marium","India","Deluxe Double Room","1 night ·","September 2023","Solo traveller","Reviewed: 3 December 2023","Good","There are no comments available for this review","",""
"","","","","","","","","","",""
"","","","","","","","","","",""
"Jose","India","Deluxe Double Room","1 night ·","September 2023","Family","Reviewed: 3 October 2023","Very good","There are no comments available for this review","",""
"Joshua","India","Deluxe Double Room","2 nights ·","September 2023","Group","Reviewed: 16 September 2023","Very good","There are no comments available for this review","",""
"Arunachalam","India","Deluxe Double Room","1 night ·","June 2023","Couple","Reviewed: 3 September 2023","Very good","There are no comments available for this review","",""
"Pankaj","India","Deluxe Double Room","1 night ·","July 2023","Solo traveller","Reviewed: 11 July 2023","Very good","There are no comments available for this review","",""
"Sakthiswarup","India","Deluxe Double Room","3 nights ·","May 2023","Group","Reviewed: 18 June 2023","Pleasant","There are no comments available for this review","",""
"Quazi","Bangladesh","Deluxe Double Room","3 nights ·","February 2023","Family","Reviewed: 3 March 2023","Very good","There are no comments available for this review","",""
"Srinivas","United States","Deluxe Double Room","1 night ·","September 2022","Family","Reviewed: 19 December 2022","Very good","There are no comments available for this review","",""
"Thapliyal","India","Deluxe Double Room","2 nights ·","November 2022","Solo traveller","Reviewed: 11 November 2022","Very good","There are no comments available for this review","",""
"Visakh","India","Deluxe Double Room","1 night ·","May 2022","Group","Reviewed: 5 May 2022","Very good","There are no comments available for this review","",""
"Akshay","India","Deluxe Double Room","1 night ·","December 2021","Couple","Reviewed: 30 December 2021","Good","There are no comments available for this review","",""
"","","","","","","","","","",""
"","","","","","","","","","",""
"Rajan","India","Deluxe Double Room","2 nights ·","November 2021","Family","Reviewed: 6 December 2021","Very good","There are no comments available for this review","",""
"Vijay","India","Deluxe Double Room","1 night ·","September 2021","Family","Reviewed: 28 September 2021","Very good","There are no comments available for this review","",""
"Arutselvan","India","Deluxe Double Room","2 nights ·","September 2021","Family","Reviewed: 12 September 2021","Pleasant","There are no comments available for this review","",""
"Prabhu","India","Deluxe Double Room","1 night ·","February 2021","Group","Reviewed: 22 April 2021","Very good","There are no comments available for this review","",""
"Akash","India","Deluxe Double Room","2 nights ·","March 2024","Group","Reviewed: 29 March 2024","Very good","There are no comments available for this review","",""
"Sobha","India","Deluxe Double Room","1 night ·","February 2024","Solo traveller","Reviewed: 22 March 2024","Good","There are no comments available for this review","",""
"Mahfuz","Japan","Deluxe Double Room","3 nights ·","March 2024","Family","Reviewed: 19 March 2024","Good","There are no comments available for this review","",""
"Kirthiga","Singapore","Deluxe Double Room","2 nights ·","March 2024","Couple","Reviewed: 13 March 2024","Good","There are no comments available for this review","",""
"Gunjute","India","Deluxe Double Room","2 nights ·","January 2024","Family","Reviewed: 21 February 2024","Very good","There are no comments available for this review","",""
"Joseph","United Kingdom","Deluxe Double Room","3 nights ·","February 2024","Couple","Reviewed: 21 February 2024","Good","There are no comments available for this review","",""
"","","","","","","","","","",""
"","","","","","","","","","",""
"Damodar","United States","Deluxe Double Room","1 night ·","January 2024","Solo traveller","Reviewed: 30 January 2024","Good","There are no comments available for this review","",""
"Goutham","India","Deluxe Double Room","1 night ·","December 2023","Solo traveller","Reviewed: 25 December 2023","Pleasant","There are no comments available for this review","",""
"Maheshwaran","United States","Deluxe Double Room","2 nights ·","November 2023","Couple","Reviewed: 30 November 2023","Very good","There are no comments available for this review","",""
"Pratik","India","Deluxe Double Room","2 nights ·","November 2023","Family","Reviewed: 26 November 2023","Very good","There are no comments available for this review","",""
"Siva","India","Deluxe Double Room","2 nights ·","November 2023","Group","Reviewed: 20 November 2023","Good","There are no comments available for this review","",""
"Jaikumar","India","Deluxe Double Room","2 nights ·","August 2023","Family","Reviewed: 4 August 2023","Good","There are no comments available for this review","",""
"Prakash","India","Deluxe Double Room","2 nights ·","July 2023","Group","Reviewed: 1 August 2023","Good","There are no comments available for this review","",""
"Bharadwaja","United States","Deluxe Double Room","1 night ·","July 2023","Family","Reviewed: 25 July 2023","Good","There are no comments available for this review","",""
"Abhishek","India","Deluxe Double Room","1 night ·","July 2023","Couple","Reviewed: 2 July 2023","Good","There are no comments available for this review","",""
"Gauthaman","India","Deluxe Double Room","3 nights ·","May 2023","Solo traveller","Reviewed: 11 June 2023","Very good","There are no comments available for this review","",""
"","","","","","","","","","",""
"","","","","","","","","","",""