"a3332d346a","afac1f68d9","abf093bdfe","abf093bdfe 2","abf093bdfe 3","abf093bdfe 4","abf093bdfe 5","f6431b446c","a53cbfa6de","a53cbfa6de 2","a3332d346a 2","a53cbfa6de 3"
"Swami","United Kingdom","Twin Room","7 nights ·","December 2023","Solo traveller","Reviewed: 17 December 2023","Comfortable stay at a clean, centrally located hotel","Good facilities and location, clean beds and bathrooms. Friendly and professional staff always ready to help.","Nothing specific to mention","Hotel response:","Dear Mr. Swami,

Namaste

Thank you for your positive..."
"Nadine","United Kingdom","Twin Room","3 nights ·","March 2024","Group","Reviewed: 25 March 2024","Overall very good experience","Room was very large and comfortable. It was spotless and great value for money. I often struggle to sleep in hotel rooms but had a great nights sleep here. Staff were quite helpful with ordering ubers for us.","As an international tourist it would have been better to be warned in advance that we'd need our visas to check in as many places only ask for passport. The food was extremely expensive for what it was, so better to eat elsewhere. Had to ask for things to be replaced in the room like towels and toilet paper.","Hotel response:","Dear Guest,

Namaste!

Thank you for choosing to stay..."
"Aluria","India","Twin Room","1 night ·","March 2024","Couple","Reviewed: 10 March 2024","Superb","Room size and cleanliness.","","Hotel response:","Dear Guest,

Namaste!

We are delighted to see your..."
"Sathishkumar","United States","Twin Room","1 night ·","November 2023","Solo traveller","Reviewed: 3 December 2023","Very good","Yes","Breakfast has very limited option","Hotel response:","Dear Mr. Satish,

Namaste

Dear Mr...."
"Jaymz","United States","Twin Room","5 nights ·","December 2023","Family","Reviewed: 22 December 2023","Great hotel @ budget price","The property after renovations looks fabulous for a budget hotel. Very comfortable and a caring, attentive staff. From Check in, to Housekeepers, to breakfast staff were all outstanding. They were just too good, caring, kind and attentive","N/A","Hotel response:","Dear Guest,

Namaste

Thank you for your positive review!..."
"Meena","India","Twin Room","2 nights ·","April 2024","Couple","Reviewed: 2 April 2024","Exceptional","Everything was perfect","Nothing to say","Hotel response:","Dear Miss. Meena,


Namaste!!


We thank you for taking..."
"Magendran","Malaysia","Twin Room","1 night ·","November 2023","Solo traveller","Reviewed: 30 November 2023","Exceptional","Very nice rooms. Clean and all new","","Hotel response:","Dear Magendran,

Namaste

We are delighted to see your..."
"Gomathy","India","Twin Room","2 nights ·","December 2023","Couple","Reviewed: 15 December 2023","Passable","Location  is good","Staff were very un friendly","Hotel response:","Dear Mr. Gomathy,

Namaste!

We express deep regret in..."
"Sukhvindar","India","Apartment","2 nights ·","December 2023","Solo traveller","Reviewed: 14 December 2023","Bad","Not good very bad hotel","Very bad service","Hotel response:","Dear Mr. Sukhvindar,

Namaste!

We express deep regret in..."
"Jadhav","India","Studio","1 night ·","March 2024","Solo traveller","Reviewed: 26 March 2024","Very good","There are no comments available for this review","","",""
"Subramony","India","Twin Room","1 night ·","December 2023","Couple","Reviewed: 3 January 2024","Superb","There are no comments available for this review","","",""
"Chaitanya","India","Twin Room","1 night ·","December 2023","Solo traveller","Reviewed: 20 December 2023","Very good","There are no comments available for this review","","",""
"Mohamed","India","Twin Room","2 nights ·","December 2023","Couple","Reviewed: 6 December 2023","Superb","There are no comments available for this review","","",""
"Karuppiah","India","Twin Room","1 night ·","March 2024","Couple","Reviewed: 27 March 2024","Very good","There are no comments available for this review","","",""
"Tivyasri","Singapore","Twin Room","2 nights ·","December 2023","Couple","Reviewed: 23 December 2023","Good","There are no comments available for this review","","",""
"Sumit","India","King Studio","2 nights ·","December 2023","Couple","Reviewed: 17 December 2023","Good","There are no comments available for this review","","",""
"Charith","Sri Lanka","Twin Room","1 night ·","November 2023","Group","Reviewed: 17 December 2023","Very good","There are no comments available for this review","","",""
"Manjunath","India","King Studio","1 night ·","December 2023","Couple","Reviewed: 12 December 2023","Exceptional","There are no comments available for this review","","",""
"","","","","","","","","","","",""
"","","","","","","","","","","",""
"Meena","India","Twin Room","2 nights ·","April 2024","Couple","Reviewed: 2 April 2024","Exceptional","Everything was perfect","Nothing to say","Hotel response:","Dear Miss. Meena,


Namaste!!


We thank you for taking..."
"","","","","","","","","","","",""
"","","","","","","","","","","",""