"a3332d346a","afac1f68d9","abf093bdfe","abf093bdfe 2","abf093bdfe 3","abf093bdfe 4","abf093bdfe 5","f6431b446c","a53cbfa6de","a53cbfa6de 2","a3332d346a 2","a53cbfa6de 3"
"Shasheendran","India","Deluxe Twin Room","1 night ·","December 2023","Family","Reviewed: 5 December 2023","A home away from home","The rooms so clean and experience a five star ambience like Ive seen in Fairmont Jakarta. Excellent staff attitude. Breakfast too good and not to be missed. Will come back again during next visit","I am good  I suggest the hotel should consider some kind of loyalty program for regular customers. Win win for both.","",""
"Syed","India","Solo traveller","Deluxe King Room","October 2023","2 nights ·","Reviewed: 16 October 2023","Very good","The staff were super friendly and cordial and the room was excellent","","",""
"Vignes","Malaysia","Couple","Deluxe King Room","September 2023","3 nights ·","Reviewed: 22 September 2023","3 star hotel with 5 star service","*Clean 
*courteous and helpful staff 
*delicious food
*strategic location with mall, metro,   temple and other attraction which is just a walking distance .","Only minus point is .... ""Mosquito""  Even Thou the room is  comfortable but the mosquito disturbance make it sleepless night  for us.","",""
"Selvi","Sri Lanka","Solo traveller","Deluxe King Room","July 2023","2 nights ·","Reviewed: 11 July 2023","Good and COMFORTABLE","restaurant and the service in the reception and staff","metro work going on which hindered accessibility.","",""
"Narayanan","India","Couple","Deluxe King Room","March 2023","1 night ·","Reviewed: 29 March 2023","very nice","staff members are very helpful. Nice breakfast.","","Hotel response:","Dear Narayanan,  Namaskaram from Hotel Aadithya. We thank..."
"Vinoth","Singapore","Couple","Deluxe King Room","March 2023","1 night ·","Reviewed: 29 March 2023","Very good","Breakfast really so taste and variety food well done","","Hotel response:","Dear Vinoth,  Namaskaram from Hotel Aadithya. We thank..."
"Ranjan","India","Solo traveller","Deluxe King Room","August 2022","1 night ·","Reviewed: 8 September 2022","Comfort zone","Good service","Good service","Hotel response:","Dear Mr.Ranjan, Namaskaram from Hotel Aadithya we thank..."
"Devanayagam","Malaysia","Solo traveller","Deluxe King Room","July 2022","6 nights ·","Reviewed: 5 August 2022","My stay at the hotel is very pleasant and will come again","very good and nice place to stay in safe","nothing to say anything","Hotel response:","Dear Mr. Devanayagam, Namaskaram from Hotel Aadithya we..."
"Ari","Bangladesh","Deluxe Twin Room","2 nights ·","March 2022","Family","Reviewed: 9 March 2022","Very comfortable place to stay in chennai","The bed was very bid ,comfy. It was more than king size bed. Also Extreamly ...Massive ...sized Room. Receptionists were very helpful and professional. I found this hotel is much much better than other branded hotel.
I really enjoyed my stay. The breakfast was fantastic though limited choice. Gobi paratha and potato vedu I guess was very delicious.","Only the shower was bit slow and there were yellowish water stain on the edge of the shower cubic.","Hotel response:","Dear Guest,

Thank you so much for taking the time out..."
"Vijaya","India","Solo traveller","Deluxe King Room","November 2021","3 nights ·","Reviewed: 26 November 2021","Stay was good and comfortable","Hotel ambience and locality is good for my work destination","Room service is not good. Shower gel and shampoo was exhausted while entering room which is also observed by hotel supervisor. assured the replacement but same was not arranged by hotel till checkout in spite of reminding several times.","Hotel response:","Dear Guest,

Thank you so much for taking the time out..."
"Shreeganesh","India","Family","Deluxe King Room","November 2023","1 night ·","Reviewed: 6 February 2024","Good","Reasonable rates and good location.","","",""
"Pascale","South Africa","Deluxe Twin Room","2 nights ·","December 2023","Family","Reviewed: 7 January 2024","We spent most of the time away from the hotel, so it was fine.","Close to the mall","Unfriendly staff at the reception, wifi is difficult to access.","",""
"Foos","India","Deluxe Twin Room","1 night ·","December 2023","Couple","Reviewed: 11 December 2023","Great hotel for a quick stay over. Fantastic staff.","Hotel Aadithya deserves a special mention. We were in Chennai for a friend's wedding. However the Cyclone that had battered all of Chennai had affected Hotel Aadithya as well. Their entire power unit had gone under water. Inspite of that they welcomed us with a smile, made sure that the rooms we had booked were available and went beyond their duty to make us comfortable. Me and my wife are very touched by their grace under pressure.","NA","",""
"Shankar","India","Group","Deluxe King Room","November 2023","2 nights ·","Reviewed: 28 November 2023","Stay comfortable","Breakfast  ok;","No power back up, long duration of power cuts","",""
"Senthil","India","Deluxe Twin Room","1 night ·","October 2023","Family","Reviewed: 11 November 2023","Good place to stay","Space of the room and interior","Food and room cleanness","",""
"Sharana","Sri Lanka","Group","Deluxe King Room","October 2023","3 nights ·","Reviewed: 10 October 2023","Good","worth for money. staff was very nice and supportive","wifi was average","",""
"Srinivasan","United Arab Emirates","Solo traveller","Deluxe King Room","August 2023","15 nights ·","Reviewed: 12 August 2023","Good time","The staff's were extremely helpful. The food at Chettinad stories was tasty though it was priced high.","They need to take care of parking. Every day my car was in mess.","",""
"Mahalingam","Singapore","Couple","Deluxe King Room","June 2023","1 night ·","Reviewed: 28 June 2023","Pleasant","Location","","",""
"Buvana","United Kingdom","Deluxe Twin Room","1 night ·","February 2023","Couple","Reviewed: 29 March 2023","happy","super","lift","Hotel response:","Dear Buvana,  Namaskaram from Hotel Aadithya. We thank..."
"Bernd","Germany","Family","Deluxe King Room","November 2022","1 night ·","Reviewed: 5 December 2022","Good","All ok. Just used as late night arrival hotel.","","Hotel response:","Dear Sir, Namaskaram from Hotel Aadithya we thank you for..."
"","","","","","","","","","","",""
"","","","","","","","","","","",""
"Srinivasulu","India","Family","Deluxe King Room","October 2022","1 night ·","Reviewed: 9 October 2022","Pleasant","Room size and TV size","Lifts
Breakfast","",""
"Selvaraj","India","Couple","Deluxe King Room","June 2022","2 nights ·","Reviewed: 20 June 2022","s","super","good","Hotel response:","Dear Mr.Selvaraj, Namaskaram from Hotel Aadithya we thank..."
"Chandran","India","Family","Deluxe King Room","May 2022","1 night ·","Reviewed: 4 June 2022","A cheap weekend getaway","Located in a good spot, good value for money.
Not flexible with check out time. I checked in at 10pm and was asked to checkout before 1pm the next time including grace time.
Comfy room, dirty linen. Toilets where food.

Food was ok in the restaurant which I ordered through room service.","","",""
"Firdaus","India","Deluxe Twin Room","1 night ·","May 2022","Group","Reviewed: 25 May 2022","Very good","Room is clean and spacious
Front desk staff behaviour not good since we requested to fresh up after checking out but they didn't allow us . We are regular traveler inside and out side india we used to get this facility always.we ask this option normally because our flight time will be after checking out..so before going to airport we want to fresh up and go . wherever this facility provide us we are the regular customer for them ..
""Small things makes lot of results""","","",""
"Sujatha","India","Deluxe Twin Room","1 night ·","March 2022","Family","Reviewed: 12 March 2022","Pleasant","It was neat and clean. Toiletries were provided. Food was good (breakfast). Service was extremely slow. Room allocation was very slow. Our request for twin beds weren't taken care. Heart of the city its located so extremely convenient.","","Hotel response:","Dear Guest,

Thank you so much for taking the time out..."
"Balakrishnan","India","Family","Deluxe King Room","March 2022","1 night ·","Reviewed: 6 March 2022","Great experience.","Polite Staff. Excellent breakfast. Spacious rooms. Reasonably clean. Good location.","There was a misscommunication between Booking.com and the hotel management. Because of this when I landed, I was told that booking was not available. Later, the hotel manager provided us with accommodation against a cancellation. That way he was very kind and helpful. However, this initial hiccup should have been avoided.","Hotel response:","Dear Guest,

Thank you so much for taking the time out..."
"Deviyani","India","Couple","Deluxe King Room","March 2022","2 nights ·","Reviewed: 2 March 2022","Good","cleanings","cost of food","Hotel response:","Dear Guest,

Thank you so much for taking the time out..."
"Dr","South Africa","Deluxe Twin Room","3 nights ·","February 2022","Family","Reviewed: 25 February 2022","Very pleasant, helpful staff, don't offer currency changing","Breakfast was good but I would more english items added to the variety. Not used to too much spicy food. Location was good, opposite mall where we could pick up fastfoods","They didn't offer airport transfers, so I had to find my own way to the hotel","Hotel response:","Dear Guest,

Thank you so much for taking the time out..."
"Balakrishnan","India","Deluxe Twin Room","2 nights ·","December 2021","Family","Reviewed: 20 December 2021","great","room comfort and breakfast","the traffic in the surrounding localitites","Hotel response:","Dear Guest,

Thank you so much for taking the time out..."
"Krishnan","India","Couple","Deluxe King Room","November 2021","2 nights ·","Reviewed: 30 November 2021","Good","average and location was excellent","better breakfast","Hotel response:","Dear Mr. Ajmal, 
Greetings from Hotel Aadithya Chennai!..."
"","","","","","","","","","","",""
"","","","","","","","","","","",""
"Khathija","United Arab Emirates","Deluxe Twin Room","1 night ·","September 2021","Family","Reviewed: 16 October 2021","happy stay","the interior","","Hotel response:","Dear Guest,

Thank you so much for taking the time out..."
"Km","India","Family","Deluxe King Room","August 2021","1 night ·","Reviewed: 24 August 2021","Pleasant","I like it","","Hotel response:","Dear Guest,

Thank you so much for taking the time out..."
"Ambika","Australia","Couple","Deluxe King Room","January 2024","2 nights ·","Reviewed: 24 January 2024","Convenient location in Chennai for short stay","Convenient  location and good staff.","The property needs to improve on its hygiene and pest control measures.","",""
"S","Bangladesh","Couple","Deluxe King Room","October 2023","7 nights ·","Reviewed: 22 October 2023","Not the perfect stay, but overall a good experience","The hotel was very clean and the staff were well behaved and helpful.","There were too many mosquitoes in the room, and the pricing could be more competitive considering the fare charged in other nearby hotels.","",""
"An","New Zealand","Solo traveller","Deluxe King Room","February 2024","1 night ·","Reviewed: 3 March 2024","Had a great stay and would stay again if I was in Chennai","Great location (next to mall and close to metro), comfortable room, affordable stay","","",""
"Rajesh","India","Family","Deluxe King Room","January 2024","4 nights ·","Reviewed: 26 January 2024","Exceptional","Service  good","","",""
"Mathyalahan","United Kingdom","Couple","Deluxe King Room","January 2024","4 nights ·","Reviewed: 9 January 2024","Good","Good","Good","",""
"Vijay","India","Couple","Deluxe King Room","December 2023","1 night ·","Reviewed: 3 December 2023","Superb","Very courteous staff. Dinign experience at both the restaurants were above par. The choice of menu and the courteous guidance of the staff in choosing the menu were truly commendable. Well located hotel in walking distance of the metro.","","",""
"Gaurav","Canada","Family","Deluxe King Room","September 2023","1 night ·","Reviewed: 1 October 2023","Excellent Value for the price. Comfortable stay","Rooms are big spacious and well maintained, washrooms are clean with modern faucets and toilets seats.

Breakfast was amazing 

All staff was so nice to us, my kids liked the hotel. 


The restaurant inside the hotel The Chettinad stories was very good, they served good food we liked the Masala fish fry","There were no exhaust fan in washrooms","",""
"Prasanna","India","Group","Deluxe King Room","August 2023","2 nights ·","Reviewed: 15 August 2023","Value for Money.","Best Value for Money hotel.
1. Great Breakfast
2. Great service.
3. Clean rooms.

We don't have any complaints. Actually I booked room for my friend from USA. He is very happy. So am I.","Nothing like that. At times food service was slow, but thats ok.","",""
"","","","","","","","","","","",""
"","","","","","","","","","","",""
"Rafał","Poland","Solo traveller","Deluxe King Room","July 2023","1 night ·","Reviewed: 12 July 2023","Exceptional","Close to the Metro","","",""
"Thiru","United Kingdom","Couple","Deluxe King Room","January 2023","3 nights ·","Reviewed: 30 January 2023","Superb","Location and cleaness","","Hotel response:","Dear Mr.Thiru GB,  Namaskaram from Hotel Aadithya we..."
"Kumar","India","Couple","Deluxe King Room","December 2022","1 night ·","Reviewed: 25 December 2022","Superb","Good hospitality","","",""
"Leizel","Canada","Deluxe Twin Room","1 night ·","October 2022","Family","Reviewed: 14 December 2022","The staffs were real courteous and nice people from security to reception to buz boys and dinning personnel.","it’s proximity to the mall and metro. The room we stayed was very appropriate for us, the receiving room allows friends and relatives to visit us with privacy.","","Hotel response:","Dear Sir, Namaskaram from Hotel Aadithya we thank you for..."
"Prabhakarrao","India","Family","Deluxe King Room","September 2022","2 nights ·","Reviewed: 25 September 2022","Superb","Location marvelous.excellent room service.we enjoyed tasty food in restaurant.staff have shown good curtesy","","Hotel response:","Dear Mr.Prabhkarrao Maruboyina,Namaskaram from Hotel..."
"Shanthi","Sri Lanka","Solo traveller","Deluxe King Room","September 2022","3 nights ·","Reviewed: 20 September 2022","Great Hotel","Overall everything, specially there meals on breakfast and on room service as well","","Hotel response:","Dear Ms. Shanthi, Namaskaram from Hotel Aadithya we thank..."
"Thevananthamoorthy","United Kingdom","Couple","Deluxe King Room","June 2022","2 nights ·","Reviewed: 14 June 2022","very nice","location","very close shopping center","Hotel response:","Dear Mr.Thevananthamoorthy. Namaskaram from Hotel..."
"Monisha","India","Couple","Deluxe King Room","June 2022","1 night ·","Reviewed: 13 June 2022","Exceptional","Bright and cleanliness","","Hotel response:","Dear Ms.Monisha, Namaskaram from Hotel Aadithya we thank..."
"Jovan","Singapore","Group","Deluxe King Room","May 2022","5 nights ·","Reviewed: 6 May 2022","Exceptional","Everything about Hotel Aadithya is good. Location excellent, Forum shopping mall across the street, Kamala theatre, is the neighbor. Nearby Vijaya Hospital. Eateries everywhere. Centralized location ,of short travel time to T Nagar, Airport and other famous locations.
Rooms were big, spacious and clean.
Staff were friendly and helpful.
Breakfast was very good, value for the money. Lunch Thali set meals were excellent 👌🏽 Credit goes to Chef GG. Stephen,Suthishkumar, Guna are some friendly staff to mention.
There is a bar at the basement.
Reception were all friendly and welcoming, naming a few Sharma, Shrini. We stayed 5 nights,we never need to ask for anything,all was well taken care of. All in all, we will like to stay here only, whenever we visit Chennai.","All was good.","Hotel response:","Dear Mr.Jovan,

Thank you for choosing Aadithya  for your..."
"Dr","India","Deluxe Twin Room","5 nights ·","March 2022","Family","Reviewed: 16 March 2022","Aadithya, real good","Clean, neat hotel with very pleasant and friendly staff. For a 3* hotel, it outshines some of the hotels rated as 4* on booking.com.   This establishment is highly recommended. From reception to restaurant down to housekeeping everyone was helpful and pleasant. Real value for money. I was disappointed that the last day of my stay in Chennai could not be extended because of no room available.","I got bitten by mosquitoes on a few occassions","Hotel response:","Dear Guest,

Thank you so much for taking the time out..."
"","","","","","","","","","","",""
"","","","","","","","","","","",""
"Dr","India","Deluxe Twin Room","1 night ·","March 2022","Family","Reviewed: 14 March 2022","Value for money, clean, pleasant staff, good food and everyone is helpful","Good food, pleasant management and support staff. Clean and neat facilities","I waited for an upgrade to a double room but it never occurred","Hotel response:","Dear Guest,

Thank you so much for taking the time out..."
"Yarram","India","Family","Deluxe King Room","December 2021","3 nights ·","Reviewed: 11 March 2022","Exceptional","nice rooms very good hospitality the food is aweosme","","Hotel response:","Dear Mr. Yarram, Greetings from Hotel Aaadithya Chennai!..."
"Sharma","India","Deluxe Twin Room","1 night ·","January 2022","Group","Reviewed: 5 January 2022","Exceptional","Breakfast, Bathrooms, rooms, staff everything was excellent.","We like the whole feel of the place. It was a very good experience and the prices are also moderate.","Hotel response:","Dear Guest,

Thank you so much for taking the time out..."
"Justin","United Arab Emirates","Couple","Deluxe King Room","December 2021","1 night ·","Reviewed: 18 December 2021","Value for money. Room have enough space and shower room and toilets are clean and big","Good location. Good staff. Easy access to the shopping centers.","People are crowded in the streets and not wearing masks.","Hotel response:","Dear Guest,

Thank you so much for taking the time out..."
"Swatz","India","Couple","Deluxe King Room","December 2021","2 nights ·","Reviewed: 14 December 2021","Stay at hotel Aditya were so good except the delaying of what we ask because of the lack of staffs there","prime location Good pricing good food good and spacious room neat and tidy good bathrooms standard hotel","Service should be much better everything is getting delayed because of no of servicing people is less in this hotel so everything was getting delayed","Hotel response:","Dear Guest,

Thank you so much for taking the time out..."
"Bsn1","India","Deluxe Twin Room","3 nights ·","December 2021","Family","Reviewed: 12 December 2021","Pleasant and comfortable stay","Cleanliness, spacious rooms, location","","Hotel response:","Dear Guest,

Thank you so much for taking the time out..."
"Bsn1","India","Family","Deluxe King Room","December 2021","3 nights ·","Reviewed: 12 December 2021","Pleasant stay","Location, modern amenities, comfortable stay and value for money, wheel chair friendly access.","Out of the two rooms booked, the first day check in for one room took longer. We arrived at 12:00  pm, the scheduled check in time, but due to full occupancy and many guests checking out at 12:00 pm it took a while.","Hotel response:","Dear Guest,

Thank you so much for taking the time out..."
"Prof","India","Family","Deluxe King Room","November 2021","3 nights ·","Reviewed: 10 November 2021","","This review has been hidden because it doesn't meet our guidelines.","","",""
"Sandeep","India","Solo traveller","Deluxe King Room","October 2021","5 nights ·","Reviewed: 23 October 2021","Excellent","Cost should be lower keeping in mind the road under construction.You need to wait for at least 30 minutes for Taxi to reach.","","Hotel response:","Dear Mr. Sandeep, Greetings from Hotel Aadithya  Chennai!..."
"Nisar","India","Family","Deluxe King Room","October 2021","1 night ·","Reviewed: 23 October 2021","I miss this room
Bcz ..I lv this room","Nothing to say","Awesome","Hotel response:","Dear Guest,

Thank you so much for taking the time out..."
"","","","","","","","","","","",""
"","","","","","","","","","","",""
"Praveen","India","Group","Deluxe King Room","September 2021","1 night ·","Reviewed: 24 September 2021","Excellent hotel at prime location in Chennai","Spacious and comfortable rooms, furniture, etc is no less than a 5star hotel..Very clean bathrooms.
Located in a prime location .Very courteous and humble staff. They respond very quickly to your requests. Overall, a very good hotel.","Breakfast can be better","Hotel response:","Dear Guest,

Thank you so much for taking the time out..."
"Karthi","India","Couple","Deluxe King Room","August 2021","2 nights ·","Reviewed: 2 August 2021","Good one","Ambience","Food is not good for the value","Hotel response:","Dear Guest,

Thank you so much for taking the time out..."
"Suresh","India","Solo traveller","Deluxe King Room","March 2024","5 nights ·","Reviewed: 10 March 2024","Superb","Great place to stay. Mr Xavier from room service/cleaning team is doing a fantastic job.","","",""
"Hasan","Bahrain","Deluxe Twin Room","2 nights ·","September 2023","Family","Reviewed: 29 September 2023","Superb","Location.
Clean
Good price.","The air conditioning sometimes is cold and sometimes is normal.

Internet was not very fast.

The power will shut down one minute or less in some days.","",""
"עקיבא","Israel","Solo traveller","Deluxe King Room","August 2023","1 night ·","Reviewed: 7 August 2023","Exceptional","The place is great for the simple purpose of staying in a nice, safe, clean hotel near the metro station so i can wake for a flight in the morning from the airport. 
The place was excellent in that sense. It is a 3 minute walk from the metro station, close to many reaturants, and has a room servisce if you don't want to get out of the room. The food isn't amazing, but its good enough.","Choclate bar in mini bar- gave me cramps. Maybe i am allergic to milk. 
The water wasn't so hot in the shower as you would exoect in a hotel.","",""
"Sham","Singapore","Family","Deluxe King Room","June 2023","2 nights ·","Reviewed: 13 June 2023","Superb","Friendly staffs deepa was helpful","Lift slow","",""
"Govindasamy","Australia","Couple","Deluxe King Room","March 2023","2 nights ·","Reviewed: 15 March 2023","Been there in the past and it seems to have improved perceptibly","Good selection of food items and varieties to choose.  Courteous staff and good ambience","Our stay was short and our time was spent mostly outside the hotel facilities.
The atrocious disruption to the road traffic opposite the hotel made very difficult to organize transports","Hotel response:","Dear Govindasamy,  Namaskaram from Hotel Aadithya. We..."
"Tahmid","Bangladesh","Family","Deluxe King Room","December 2022","2 nights ·","Reviewed: 11 January 2023","Expensive hotel considering the facilities and location","Room size, lights, staff","Location since huge metro rail construction is going on just in front","",""
"Jayesh","India","Solo traveller","Deluxe King Room","July 2022","2 nights ·","Reviewed: 15 August 2022","Disappointing","The rooms are clean with good supply of toiletries.
Shower pressure is one thing i liked most . 
Good room service.","Flexibility for cancellation not there ,
Front desk staff needs more training in dealing professionally. The interactions are very blunt and gives a feeling that guest are not welcome . 
1 device connectivity for wiifi was surprising in the age when anyone travels with minimum 3 gadgets.","",""
"Anilkumar","France","Solo traveller","Deluxe King Room","March 2022","3 nights ·","Reviewed: 13 March 2022","Bad","Room","Rude staffs at reception","Hotel response:","Dear Guest,

Thank you so much for taking the time out..."
"","","","","","","","","","","",""
"","","","","","","","","","","",""
"Balasubramaniam","India","Deluxe Twin Room","3 nights ·","March 2022","Group","Reviewed: 7 March 2022","Very average","Counter staff","","Hotel response:","Dear Guest,

Thank you so much for taking the time out..."
"Syed","India","Family","Deluxe King Room","October 2021","1 night ·","Reviewed: 9 October 2021","Passable","Spacious","Smoking smell and no water even after request","Hotel response:","Dear Guest,

Thank you so much for taking the time out..."
"Hari","India","Deluxe Twin Room","2 nights ·","July 2021","Couple","Reviewed: 19 July 2021","Could have got a much better hotel for the price paid..","Food is tasty... reception staff when ee checked in was very rude... we had to lug our own luggage to the room... housekeeping staff was cordial though...","As above. Each day wifi password would expire.. pain to call and get fresh numbers over the phone","Hotel response:","Dear Mr. Hari,
 Greetings from Aadithya Hotel Chennai!..."
"Anil","India","Solo traveller","Deluxe King Room","November 2023","2 nights ·","Reviewed: 2 November 2023","Will avoid repeat stay at the property.","Reception staff was polite.","Food was pathetic with very late service. Electricity backup is a major problem.","",""
"Moncy","India","Family","Deluxe King Room","June 2023","1 night ·","Reviewed: 17 June 2023","Bad","I’m not like this property 2nd time I’m staying there next time never going there staff attitude is not good","","",""
"Adwitiya","India","Solo traveller","Deluxe King Room","June 2023","2 nights ·","Reviewed: 12 June 2023","Was ok, but will not come back","Staff is courteous.","Not value for money. There was no lock on my bathroom door, the AC was not cooling properly, breakfast was not good at all, and hardly had any option for continental food. Coffee (Americano) was not good.","",""
"Arunkumar","India","Solo traveller","Deluxe King Room","November 2022","1 night ·","Reviewed: 26 November 2022","Disappointing","Location and Food","Worst front desk team","",""
"Duvasq","India","Family","Deluxe King Room","May 2022","1 night ·","Reviewed: 27 May 2022","Bad","Location","People calling at 6AM to ask what time we were checking out.","",""
"Sundar","India","Family","Deluxe King Room","April 2022","2 nights ·","Reviewed: 26 April 2022","Could be better","All the rooms and the hotel corridors smell of cigarette smoke. We changed 1 room becoz of unbearable smoke smell. They gave us a new room but even that room had the same problem.. 
Bfast buffet was very average.. restaurant prices were too high for the quantity and quality served.","","Hotel response:","Dear Mr. Ajmal, Greetings from Hotel Aadithya Chennai !..."
"Aashay","United Kingdom","Couple","Deluxe King Room","April 2022","1 night ·","Reviewed: 20 April 2022","Bad","the hotel staff was very rude and arrogant, false blames, wont recommend it to anyone. especially staff name jyant yadav. They should learn hospitality before blaming and threatening . Rate 0 out of 10","","Hotel response:","Dear Mr. Ajmal, 
Greetings from Hotel Aadithya Chennai!..."
"","","","","","","","","","","",""
"","","","","","","","","","","",""
"Kokilam","India","Deluxe Twin Room","1 night ·","March 2022","Couple","Reviewed: 16 March 2022","Best location to stay and rooms are of International standards… but service has to be improved a lot","Room service could be better…","Everything thing is okay… but staff starts pushing us about the check out from the time we checked in. 

They can still be more friendly","Hotel response:","Dear Guest,

Dear Guest,

Thank you so much for taking..."
"Aashay","United Kingdom","Deluxe Twin Room","5 nights ·","March 2022","Couple","Reviewed: 12 March 2022","not preffer or recommend any1 for stay","property is good","reception staff & manager is very bad …. request for extension of booking they dont do & says no room Available & given room to other people by charg extra money …. worst behaviour","Hotel response:","Dear Guest,

Thank you so much for taking the time out..."
"Madhav","India","Solo traveller","Deluxe King Room","December 2021","1 night ·","Reviewed: 18 December 2021","bad experience. would never come back","Hotel is big. quite neat.","took insulin after speaking to staff, dinner was simple jeera rice and daal, should have come in 20 minutes but after 1 hour also they didn’t serve food. manager was quite uncourteous. service and staff are hopeless.","",""
"Siva","New Zealand","Solo traveller","Deluxe King Room","October 2022","3 nights ·","Reviewed: 15 October 2022","not a good to stay","bad service","manager is big problem","",""
"Kannan","India","Family","Deluxe King Room","July 2022","1 night ·","Reviewed: 9 August 2022","","This review has been hidden because it doesn't meet our guidelines.","","",""
"Dixa","India","Group","Deluxe King Room","March 2022","1 night ·","Reviewed: 12 March 2022","will never recommend this property .","very bad staff","not at all welcoming , made us sit for 2 hours","Hotel response:","Dear Guest,

Thank you so much for taking the time out..."
"Heidi","India","Deluxe Twin Room","1 night ·","January 2022","Family","Reviewed: 29 January 2022","RUDE STAFF AT FRONT DESK.","One and only thing -- location. But there are other hotels in the same location. I would even stay in a hotel that is 10 km far away rather than staying here again!","1. RUDE STAFFS AT FRONT DESK. 
2. WORST CHECKING- CHECKOUT process. 
3. UNCLEAN BATHROOM
4. SLOW SERVICE
5. WORST HOTEL POLICY- People are not allowed to take outside food in. Remember you have to go out every time you want to eat some GOOD food, because good food is not available here and not allowed inside!


Check-in date, time: 28th Feb 22, 9:30 pm
The staff during check in was totally impolite. The hotel should train their staffs better on how to speak with respect to their customers if you want them to come back again or recommend to a friend. You are NOT providing the service you provide for FREE, REMEMBER THAT. 

Check-out date, time: 29th Feb, 8:50 am
During check-out, the person in reception said he couldn't see my bill payment, I was patiently waiting before I got late for my doctor's appointment. I said the exact amount on bill and assured him that I paid. He came running in front of my car blocking and saying in a rude voice that I did not pay the bill just because he couldn't find it. He is blocking my damn way I had to search and find my receipt and he didn't even apologize for his behavior! And he took my customer's receipt copy with him!!!

1) Can people check into the room without paying bill ? Do you allow that ? I don't think so, considering the fact that you don't even allow 'unauthorized' food (!) 
2) If you couldn't spot the bill payment whose mistake is it ? Do you think customers will always carry their receipt in their hand ? What if I didn't have the receipt, then would you come to a conclusion that I dint pay and ask me to PAY AGAIN ???? WHY SHOULD I PROVE THAT I PAID MY BILL BEFORE I LEAVE?  Isn't something your job to verify that ? 

I missed my appointment because of the scene your """"dedicated"""" staff created and I had to wait till evening to get another appointment. This costed me one day!","",""
"Arunkumar","India","Family","Deluxe King Room","April 2021","1 night ·","Reviewed: 24 April 2021","Bad","The staff was very rude","R","Hotel response:","Dear Mr.Arun Kumar

Our Sincere apologies for the..."
"Anonymous","India","Couple","Deluxe King Room","January 2022","1 night ·","Reviewed: 15 January 2022","the check in guy was not well behaved before entering to hotel i called in hotel that couple is allowed pn not they said","the rooms was good","bar and rooms were good but the guy in reception need to be professional","Hotel response:","Dear Guest,

Thank you so much for taking the time out..."
"Anonymous","Maldives","Couple","Deluxe King Room","January 2022","4 nights ·","Reviewed: 29 January 2022","Great","Friendly staffs 😊","Breakfast, but could be more better","Hotel response:","Dear Guest,

Thank you so much for taking the time out..."
"","","","","","","","","","","",""
"","","","","","","","","","","",""
"Anonymous","India","Family","Deluxe King Room","December 2022","1 night ·","Reviewed: 30 December 2022","will visit another time also.. :)","clean place and good hospitality is plus point.","everything upto expectations.","Hotel response:","Dear Sir,  Namaskaram from Hotel Aadithya we thank you..."
"Anonymous","India","Deluxe Twin Room","2 nights ·","January 2022","Solo traveller","Reviewed: 8 January 2022","Exceptional","room is very clean and hygienic
food quality is good","nothing","Hotel response:","Dear Guest,

Thank you so much for taking the time out..."
"Jamal","United Arab Emirates","Solo traveller","Deluxe King Room","July 2023","2 nights ·","Reviewed: 18 July 2023","Very good","جميل ومريح وبسيط","......","",""
"V","Singapore","Group","Deluxe King Room","December 2023","1 night ·","Reviewed: 14 January 2024","Very good","There are no comments available for this review","","",""
"Shujan","Sri Lanka","Couple","Deluxe King Room","June 2023","1 night ·","Reviewed: 27 June 2023","Very good","There are no comments available for this review","","",""
"Makoto","India","Solo traveller","Deluxe King Room","March 2023","2 nights ·","Reviewed: 2 March 2023","Very good","There are no comments available for this review","","",""
"Sankaran","United Kingdom","Deluxe Twin Room","4 nights ·","January 2023","Solo traveller","Reviewed: 15 February 2023","Very good","There are no comments available for this review","","",""
"Praveen","United Arab Emirates","Couple","Deluxe King Room","December 2022","1 night ·","Reviewed: 31 December 2022","Good","There are no comments available for this review","","",""
"Singh","India","Solo traveller","Deluxe King Room","November 2022","1 night ·","Reviewed: 1 December 2022","Good","There are no comments available for this review","","",""
"Tatshini","India","Group","Deluxe King Room","November 2022","5 nights ·","Reviewed: 3 November 2022","Very good","There are no comments available for this review","","",""
"","","","","","","","","","","",""
"","","","","","","","","","","",""
"Sathiyadasan","Germany","Group","Deluxe King Room","August 2022","2 nights ·","Reviewed: 10 September 2022","Very good","There are no comments available for this review","","",""
"Jeremiah","India","Deluxe Twin Room","1 night ·","May 2022","Couple","Reviewed: 18 May 2022","Very good","There are no comments available for this review","","",""
"Abdul","India","Group","Deluxe King Room","March 2022","1 night ·","Reviewed: 13 April 2022","Very good","There are no comments available for this review","","",""
"Bsn1","India","Deluxe Twin Room","1 night ·","November 2021","Family","Reviewed: 25 November 2021","Good room, location and value for money","There are no comments available for this review","","Hotel response:","Dear Guest,

Thank you so much for taking the time out..."
"Jamshid","India","Solo traveller","Deluxe King Room","November 2021","1 night ·","Reviewed: 20 November 2021","Very good","There are no comments available for this review","","",""
"Akilesh","India","Solo traveller","Deluxe King Room","February 2024","1 night ·","Reviewed: 17 March 2024","Very good","There are no comments available for this review","","",""
"Magdalena","Netherlands","Group","Deluxe King Room","November 2023","2 nights ·","Reviewed: 7 December 2023","Good","There are no comments available for this review","","",""
"Aarthy","India","Family","Deluxe King Room","September 2023","2 nights ·","Reviewed: 17 November 2023","Good","There are no comments available for this review","","",""
"Aamla","India","Family","Deluxe King Room","October 2023","1 night ·","Reviewed: 15 October 2023","Very good","There are no comments available for this review","","",""
"Amna","United Arab Emirates","Deluxe Twin Room","2 nights ·","July 2023","Couple","Reviewed: 30 September 2023","Very good","There are no comments available for this review","","",""
"","","","","","","","","","","",""
"","","","","","","","","","","",""
"Thomas","India","Family","Deluxe King Room","September 2023","1 night ·","Reviewed: 15 September 2023","Pleasant","There are no comments available for this review","","",""
"Rishabh","India","Deluxe Twin Room","2 nights ·","June 2023","Group","Reviewed: 1 July 2023","Very good","There are no comments available for this review","","",""
"Biju","India","Couple","Deluxe King Room","June 2023","1 night ·","Reviewed: 28 June 2023","Good","There are no comments available for this review","","",""
"Jayabalan","India","Couple","Deluxe King Room","May 2023","1 night ·","Reviewed: 22 May 2023","Good","There are no comments available for this review","","",""
"Akilesh","India","Couple","Deluxe King Room","April 2023","1 night ·","Reviewed: 13 April 2023","Very good","There are no comments available for this review","","",""
"John","India","Family","Deluxe King Room","March 2023","1 night ·","Reviewed: 6 March 2023","Good","There are no comments available for this review","","",""
"Sriveilah","India","Solo traveller","Deluxe King Room","December 2022","1 night ·","Reviewed: 26 December 2022","Pleasant","There are no comments available for this review","","",""
"Kumar","India","Family","Deluxe King Room","December 2022","1 night ·","Reviewed: 6 December 2022","Very good","There are no comments available for this review","","",""
"Bala","United Kingdom","Solo traveller","Deluxe King Room","November 2022","1 night ·","Reviewed: 14 November 2022","Very good","There are no comments available for this review","","",""
"Senthil","Saudi Arabia","Solo traveller","Deluxe King Room","October 2022","1 night ·","Reviewed: 5 November 2022","Pleasant","There are no comments available for this review","","",""
"","","","","","","","","","","",""
"","","","","","","","","","","",""
"Pathiran","India","Couple","Deluxe King Room","July 2022","1 night ·","Reviewed: 3 October 2022","Good","There are no comments available for this review","","",""
"B","United Arab Emirates","Family","Deluxe King Room","September 2022","1 night ·","Reviewed: 27 September 2022","Very good","There are no comments available for this review","","",""
"Hassan","Singapore","Family","Deluxe King Room","September 2022","4 nights ·","Reviewed: 14 September 2022","Good","There are no comments available for this review","","",""
"Abarna","India","Couple","Deluxe King Room","September 2022","1 night ·","Reviewed: 11 September 2022","Good","There are no comments available for this review","","",""
"Senthil","Canada","Couple","Deluxe King Room","August 2022","1 night ·","Reviewed: 25 August 2022","Very good","There are no comments available for this review","","",""
"Vj","India","Deluxe Twin Room","1 night ·","June 2022","Couple","Reviewed: 22 July 2022","Pleasant","There are no comments available for this review","","",""
"Ab","India","Couple","Deluxe King Room","April 2022","1 night ·","Reviewed: 7 May 2022","Very good","There are no comments available for this review","","",""
"Khan","India","Deluxe Twin Room","1 night ·","March 2022","Group","Reviewed: 6 March 2022","Very good","There are no comments available for this review","","",""
"Ovin","United Arab Emirates","Solo traveller","Deluxe King Room","February 2022","1 night ·","Reviewed: 6 February 2022","Good","There are no comments available for this review","","",""
"Jaykumar","India","Deluxe Twin Room","1 night ·","January 2022","Family","Reviewed: 29 January 2022","Good","There are no comments available for this review","","",""
"","","","","","","","","","","",""
"","","","","","","","","","","",""
"1994","India","Deluxe Twin Room","1 night ·","January 2022","Family","Reviewed: 15 January 2022","Very good","There are no comments available for this review","","",""
"Venkatraman","India","Deluxe Twin Room","1 night ·","January 2022","Family","Reviewed: 10 January 2022","Good","There are no comments available for this review","","",""
"S","India","Family","Deluxe King Room","December 2021","3 nights ·","Reviewed: 4 January 2022","Good","There are no comments available for this review","","",""
"Saranya","India","Deluxe Twin Room","1 night ·","December 2021","Family","Reviewed: 29 December 2021","Very good","There are no comments available for this review","","",""
"Kumar","United Arab Emirates","Solo traveller","Deluxe King Room","December 2021","2 nights ·","Reviewed: 26 December 2021","Good","There are no comments available for this review","","",""
"Nagendra","India","Family","Deluxe King Room","December 2021","1 night ·","Reviewed: 21 December 2021","Very good","There are no comments available for this review","","",""
"Rama","India","Family","Deluxe King Room","December 2021","1 night ·","Reviewed: 20 December 2021","Good","There are no comments available for this review","","",""
"Selvakumaran","Singapore","Deluxe Twin Room","1 night ·","December 2021","Family","Reviewed: 19 December 2021","Very good","There are no comments available for this review","","",""
"Sai","India","Couple","Deluxe King Room","December 2021","1 night ·","Reviewed: 13 December 2021","Good","There are no comments available for this review","","",""
"Ashish","India","Family","Deluxe King Room","November 2021","2 nights ·","Reviewed: 7 December 2021","Very good","There are no comments available for this review","","",""
"","","","","","","","","","","",""
"","","","","","","","","","","",""
"Abhishek","India","Deluxe Twin Room","5 nights ·","April 2021","Solo traveller","Reviewed: 28 April 2021","Pleasant","There are no comments available for this review","","",""
"Sathiyaseelan","Switzerland","Solo traveller","Deluxe King Room","February 2024","3 nights ·","Reviewed: 15 February 2024","Good","There are no comments available for this review","","",""
"Narayanan","India","Couple","Deluxe King Room","September 2023","1 night ·","Reviewed: 17 November 2023","Pleasant","There are no comments available for this review","","",""
"Balasubramaniam","India","Group","Deluxe King Room","June 2023","2 nights ·","Reviewed: 3 June 2023","Good","There are no comments available for this review","","",""
"Sathiyadasan","Germany","Couple","Deluxe King Room","December 2022","2 nights ·","Reviewed: 20 March 2023","Very good","There are no comments available for this review","","",""
"Ron","India","Family","Deluxe King Room","August 2022","2 nights ·","Reviewed: 19 August 2022","Very good","There are no comments available for this review","","",""
"Vj","India","Deluxe Twin Room","1 night ·","June 2022","Family","Reviewed: 22 July 2022","Good","There are no comments available for this review","","",""
"Venkata","India","Family","Deluxe King Room","November 2021","1 night ·","Reviewed: 24 November 2021","Very good","There are no comments available for this review","","",""
"Ramya","Malaysia","Family","Deluxe King Room","January 2024","2 nights ·","Reviewed: 31 January 2024","Exceptional","There are no comments available for this review","","",""
"Karthik","India","Solo traveller","Deluxe King Room","October 2023","4 nights ·","Reviewed: 10 October 2023","Exceptional","There are no comments available for this review","","",""
"","","","","","","","","","","",""
"","","","","","","","","","","",""