"a3332d346a","afac1f68d9","abf093bdfe","abf093bdfe 2","abf093bdfe 3","abf093bdfe 4","abf093bdfe 5","f6431b446c","a53cbfa6de","a53cbfa6de 2"
"Tejah","India","Deluxe Room","1 night ·","December 2022","Couple","Reviewed: 30 December 2022","Exceptional","Clean rooms , mainly the restroom were very clean , owner was kind too , really recommend for couples and family",""
"Vincent","France","Deluxe Room","2 nights ·","February 2024","Couple","Reviewed: 20 February 2024","Very good","The food in their restaurant was very good
The staff",""
"Sarpal","India","Deluxe Room","1 night ·","December 2023","Solo traveller","Reviewed: 23 December 2023","good but can be quieter","clean, soft bed and courteous staff","noise from the road early into the morning"
"Rohit","India","Deluxe Room","1 night ·","November 2023","Solo traveller","Reviewed: 28 November 2023","Very good","Cleanliness
Staff 
Amenities","Location"
"Gomati","India","Deluxe Room","1 night ·","September 2023","Solo traveller","Reviewed: 11 October 2023","Had a very comfortable and pleasant stay","Clean rooms, helpful staff and well located in Little mount.","Nothing to mention."
"Torikatul","Bangladesh","Deluxe Room","4 nights ·","July 2022","Family","Reviewed: 26 July 2022","It was quite a good stay. Staffs were very freindly.  Neat & clean hotel with good location","Location is prominent.  Easy to guide or manage vehicle Support.","No dislikings."
"Jayaseelan","India","Deluxe Room","3 nights ·","December 2021","Couple","Reviewed: 27 December 2021","Very good","Overall stay was good. Staffs were polite. The rooms were neat and cleaning was done correctly","The management dint provide tea coffee maker.Initially they denied but gave them upon repeated requests"
"Bhagyashree","India","Deluxe Room","2 nights ·","March 2024","Solo traveller","Reviewed: 16 March 2024","Overall good","The staff is very nice and cooperative . As a female staying alone, I felt very safe. The food from their restaurant is also good","There should be 2 locking systems on the room door.  There is just the knob lock which can be opened from outside with a key. Nothing bad happened to me, the staff were really nice. but subconsciously you’ll be scared. There should be atleast another latch that can’t be opened from outside with a key. 

Also my bathroom lock was broken both from inside and outside. But since I was alone I didn’t mind it"
"Manohar","India","Deluxe Room","1 night ·","January 2024","Couple","Reviewed: 19 January 2024","Excellent location with minimal amenities","Location and ease of access . Food was tasty","Lift was in operational, Average utilities provided"
"Ramesh","India","Deluxe Room","3 nights ·","December 2023","Group","Reviewed: 15 December 2023","Very good","Breakfast was okay. Stay was comfortable and room are clean and amenities are okay.","Nothing specific to highlight."
"Ayyaril","Germany","Deluxe Room","1 night ·","October 2023","Couple","Reviewed: 31 October 2023","Great location.","Good Service. Great breakfast though simple short Menu.","Leakage in the wash basin Drainage pipe. Tissue Was missing. Rusted shower though we didn't use it."
"Karnum","India","Deluxe Room","1 night ·","October 2023","Couple","Reviewed: 26 October 2023","Centrally located between railway station and Airports ideal place to stay.","Centrally located between railway station and Airports ideal place to stay.","Nothing much.  It was a very short stay."
"Riby","India","Deluxe Room","2 nights ·","July 2023","Solo traveller","Reviewed: 30 July 2023","Good","Location was good.","Table was too narrow and could not use it while working"
"Srinivas","India","Deluxe Room","1 night ·","July 2023","Couple","Reviewed: 8 July 2023","Good","Facilities and location were good.","I had booked for my parents. They mentioned there were mosquitoes which caused disturbed sleep in the night"
"Prabhat","India","Deluxe Room","1 night ·","June 2023","Solo traveller","Reviewed: 18 June 2023","Overall good budget hotel","Friendly staff.Good breakfast at budget price.prompt service","Minimal facilities in the room. Bed small.Hotel front adjacent to highway."
"Subhabrata","India","Deluxe Room","6 nights ·","June 2023","Family","Reviewed: 16 June 2023","Good","Rate shown in the web portal of Booking Com not matching as in practice Hotel is charging per day much more Rental along with Commission Taxes etc. FOOD is good but price is much. As per Govt notification published in different Newspapers, Rate of Packeged drinking  water bottle must be sold at the printed  price, whereas hotel is selling by adding 33% extra, which I hv mentioned but not addressed. Calculation process of Food bill is also not at all correct. Food bill should be countersigned by the guest immediately after serving.",""
"Gaurav","India","Deluxe Room","1 night ·","January 2023","Solo traveller","Reviewed: 22 February 2023","Just Passable","Cleanliness","Location was not good as it was located adjacent to the main busy road 
No sound proofing in the rooms so sounds of people talking with each other in the corridor was not pleasing at all
They took a whole lot of time in giving the reserved room after checking in 
Staff was not prompt with service 
The intercom in the room was not working so they provided me a mobile number to connect with reception 
Restaurant was not operational on that day
Overall it was not a good stay"
"Vijay","India","Deluxe Room","1 night ·","February 2023","Solo traveller","Reviewed: 21 February 2023","Pleasant","The location was perfect for visiting nearby Chennai trade centre. Friendly staff and breakfast available till 10.30 am makes it advantageous for late risers.","Room maintenance was not upto the mark. Rooms not sound proof. Breakfast variety should be improved."
"Fabrice","United Kingdom","Deluxe Room","1 night ·","December 2022","Couple","Reviewed: 10 December 2022","Good place for short stay","Close to Little Mount metro station and 15 minutes from Airport.
Comfortable bed and clean room with private shower room.
Staff was helpful.","Check-in took a bit too long."
"Muhammad","Bangladesh","Deluxe Room","6 nights ·","November 2022","Couple","Reviewed: 15 November 2022","Hotel Staffs are cordial and friendly but needs to be more professional. Location is fantastic. overall it’s a good plac","Hotel Staffs are very cordial and mannered.","I have Asked to fix the washroom lights but they didn’t do that. Room is not sound proof, so much noice were coming from outside. Bad smell was always there coming from kitchen to lift area."
"","","","","","","","","",""
"","","","","","","","","",""
"Vasu","","Deluxe Room","1 night ·","October 2022","Family","Reviewed: 31 October 2022","Good","Location was reachable .","They gave us 2 small size beds instead of king size bed which we booked .when I asked the reply is like we are not confirming anything to customers but after 1 hour a room got vacant and they shifted. Room floor was disturbed .ac was not working and it got repaired after 2 hours."
"S","India","Deluxe Room","2 nights ·","July 2022","Couple","Reviewed: 14 August 2022","Pleasant","Staff","AC not working. Had to change room"
"Raghu","India","Deluxe Room","20 nights ·","June 2022","Solo traveller","Reviewed: 22 June 2022","Overall my stay at hotel Beebiz was good. I recommend this hotel for business travellers","Hotel Beebiz is located near Little Mount Metro station.Its just few minutes of walk. Hotel breakfast was good. Staff are good.Rooms are clean","Much more breakfast options would have been better"
"Anurag","India","Deluxe Room","1 night ·","June 2022","Couple","Reviewed: 16 June 2022","Comfy stay for a night or two","Location, Value for Money","Could have been cleaner"
"Mohamed","India","Deluxe Room","2 nights ·","June 2022","Couple","Reviewed: 15 June 2022","Very good","The room was decent and comfortable.","The bathroom was very small and the room has an electrical issue."
"Ram","India","Deluxe Room","1 night ·","May 2022","Couple","Reviewed: 30 May 2022","Value for money","They gave what they promised for the price.","The room could have been bigger."
"Rohin","India","Deluxe Room","2 nights ·","May 2022","Group","Reviewed: 15 May 2022","Pretty Good and Clean hotel at the prime location","The owner of the hotel was really helpful with all the things.","I didn't get the room which I booked (Queen Bedroom). Instead, I was given two different small-sized beds.
Hot water is something which is available only on request, you won't get it directly in the bathroom"
"Vishal","India","Deluxe Room","1 night ·","April 2022","Couple","Reviewed: 29 April 2022","Very good","The staff is very friendly and the room was clean and neat.",""
"Sithara","India","Deluxe Room","1 night ·","April 2022","Solo traveller","Reviewed: 29 April 2022","Good choice","Buffet breakfast was good. Dinner was also good and affordable. The hotel location is good because of the accessibility.","It would be nice if the hotel provided a complementary breakfast."
"Jayasankar","India","Deluxe Room","7 nights ·","February 2022","Couple","Reviewed: 23 February 2022","Good","Overall good",""
"","","","","","","","","",""
"","","","","","","","","",""
"Brahamanapalle","India","Deluxe Room","1 night ·","December 2021","Couple","Reviewed: 5 December 2021","Pleasant stay at Hotel BeebiZ","The staff were very courteous and helpful. The check-in and check out process was very smooth.","No negative points observed"
"Balaji","Germany","Deluxe Room","2 nights ·","February 2023","Couple","Reviewed: 8 May 2023","Pleasant","Centrally located, easy to reach. Rooms were changed on request. AC and the hot water was working.","Too much noise from the road and it is hard to sleep"
"Fabrice","United Kingdom","Deluxe Room","1 night ·","January 2023","Family","Reviewed: 28 January 2023","Ok to rest for a few hours","AC working (but couldn't regulate the temperature.)
Bathroom was clean and good.
Beds were comfortable.
Location is good as  very close to Little Mount station.
There is a working  lift.","We were tired from a long day travelling but  rery long time to check-in with several forms to fill in..
Plus we  had to wait 15 more minutes to have access to the room as they were cleaning it, (even though I notified the arrival time being 16:00-17:00). 
Kettle was not working..
 Fan worked  only at  the fast speed and other speed wouldn't work.
Bedsheets had some  stains.
.
Our room was close to the main road so we could hear  constant car honking throughout the night. 😔"
"Nagaraj","India","Deluxe Room","1 night ·","June 2022","Couple","Reviewed: 8 June 2022","Good","Ambience of the property","Wifi and aircondition issue"
"Pushkar","India","Deluxe Room","2 nights ·","May 2022","Couple","Reviewed: 29 May 2022","Good","The location and staff behaviour","The ac was not working well, the shower was not working properly,and the lights were very dim"
"Goldberg","United States","Deluxe Room","3 nights ·","January 2024","Solo traveller","Reviewed: 9 January 2024","great staff, great value for the money","breakfast very good
located near my conference venue",""
"Lekshmi","India","Deluxe Room","1 night ·","December 2023","Family","Reviewed: 20 December 2023","The male night staff in reception was rude. Manager was a fraud. Only female staff and service staffs were good. They ma","Location","Service, ammenities"
"Vignesh","India","Deluxe Room","2 nights ·","December 2023","Couple","Reviewed: 16 December 2023","Best value for money.","Location, hospitality, room quality and amenities","Nothing much"
"Shreesha","India","Deluxe Room","1 night ·","September 2023","Solo traveller","Reviewed: 20 September 2023","Good stay.","Staff was really helpful. Well mannered and polite.","Nothing."
"Stafford","India","Deluxe Room","3 nights ·","February 2023","Couple","Reviewed: 13 February 2023","Exceptional","EXCELLENT",""
"","","","","","","","","",""
"","","","","","","","","",""
"Martine","Netherlands","Deluxe Room","1 night ·","September 2022","Couple","Reviewed: 19 September 2022","A very comfortable place to stay!","Really comfortable bed, we could sleep for hours! The rainshower was also perfect, warm water and a lot of pressure. It is located 4 minutes from Little Mount metro station, so it’s a perfect location if you come from or need to go to the airport.","We could smell that people were smoking in this room."
"Aravind","India","Deluxe Room","1 night ·","August 2022","Family","Reviewed: 18 August 2022","Superb","Good",""
"Shyams","Qatar","Deluxe Room","1 night ·","June 2022","Family","Reviewed: 13 June 2022","Great and decent stay with excellent location on main road","The hotel is located right on the main road and is easy to reach. The room was clean and well maintained. like the simple decor of the room and the floor was clean so was the washroom. I like them having handwash on the washbasin which I personally appreciated much. The towels and the bed linen were clean and a decent comfort bed with ample pillows was provided. The location is very convenient to get a ride and parking was available which came in handy for us to park our car, though only two spots are available on-site, we were lucky to get one.","We requested a double bed, though the size was the same, but the matteress is of a twin bed put together, so the middle was uncomfortable. nothing major. otherwise had a good stay and value for money."
"Subin","India","Deluxe Room","1 night ·","May 2022","Solo traveller","Reviewed: 13 May 2022","Exceptional","This hotel is the best one","No food menu chart in room"
"Divya","India","Deluxe Room","2 nights ·","February 2022","Couple","Reviewed: 13 March 2022","Exceptional","Everything was good , we didn't face any discomforts.","They didn't have option for early check in and also it's extremely expensive if u want to extend for an hour."
"Rohan","India","Deluxe Room","1 night ·","December 2021","Couple","Reviewed: 4 January 2022","Superb","I guess breakfast, can be better",""
"Bruce","India","Deluxe Room","1 night ·","December 2021","Group","Reviewed: 28 December 2021","Superb","Location and room","Rate"
"Ankit","India","Deluxe Room","4 nights ·","November 2021","Family","Reviewed: 8 December 2021","Superb","Everything","Nothing"
"Vignesh","India","Deluxe Room","3 nights ·","October 2021","Family","Reviewed: 16 October 2021","Superb","Best location. Great value for money and well maintained property.","The staff on the reception (dated 16th Oct 12 noon) was rude when asked about the availability for late checkout. Even though the hotel was pretty vacant, he was rude and not ready to provide even a 30min late checkout. That's worst behaviour."
"Meena","India","Deluxe Room","2 nights ·","September 2021","Couple","Reviewed: 19 September 2021","Exceptional","The friendly staff, view from our room, room ambience",""
"","","","","","","","","",""
"","","","","","","","","",""
"Kaustav","India","Deluxe Room","3 nights ·","September 2021","Solo traveller","Reviewed: 11 September 2021","Exceptional","Excellent hospitality, great service",""
"Singh","India","Deluxe Room","2 nights ·","July 2021","Family","Reviewed: 30 July 2021","Exceptional","I loved this hotel for every bit. It was clean, affordable and comfortable. I am giving it 10/10 🙂🙂",""
"Rashid","United States","Deluxe Room","3 nights ·","April 2021","Family","Reviewed: 17 April 2021","Excellent for the amount we spent, courteous staff to make anyone feel at home","Menu is good especially for South Indians, Location is very good as Metro is very close, and other places also not far away","Nothing to mention"
"Saikat","India","Deluxe Room","3 nights ·","August 2023","Couple","Reviewed: 15 September 2023","Very Good","Good location. good hotel if one is going for a business trip","Breakfast menu"
"Karthikeyan","India","Deluxe Room","1 night ·","September 2023","Couple","Reviewed: 7 September 2023","Superb","Good","Nothing"
"Charuvil","India","Deluxe Room","1 night ·","August 2023","Family","Reviewed: 7 August 2023","It is a hotel among the shops on a busy street.  Food that is bought from somewhere.  It took a lot","I didn't have breakfast",""
"Mansi","India","Deluxe Room","5 nights ·","December 2022","Solo traveller","Reviewed: 4 December 2022","Passable","The condition of the rooms isn’t very nice. there’s wooden work damaged. No toilet paper or dustbin in the room. Cleanliness and location is great.",""
"Mohit","India","Deluxe Room","3 nights ·","October 2022","Solo traveller","Reviewed: 10 October 2022","Bad","If we need anything like towel it is given only 24 hourly not when asked for ….",""
"Dr","India","Deluxe Room","7 nights ·","August 2021","Family","Reviewed: 24 September 2021","Passable","staff were very friendly .....the bathrooms were clean ...l","Early morning in the morning the sounds of songs played by near by slum  were really disturbing .... other than that it was a comfortable stay..."
"Rafi","India","Deluxe Room","1 night ·","April 2021","Solo traveller","Reviewed: 14 April 2021","Nice stay but costly.","The way they maintain the rooms and bathrooms.","It was a good stay but still not worthy for 1400 rupees a night, they doesn't even provided the hangers in the room. Where to hang our clothes? doesn't even found any squared corners 🤔, all are rounded corners. Shower was not ok"
"","","","","","","","","",""
"","","","","","","","","",""
"Ashlie","United Kingdom","Deluxe Room","1 night ·","August 2023","Solo traveller","Reviewed: 27 August 2023","The reviews seemed ok, since I was only going to stay for around 8 hours because I was awaiting a flight","I am not sure how I booked a hotel this bad!","Everything! Location awful, on a very very busy roundabout! manager sloppy and unhelpful, checkin was at midday I arrived a 5pm no room ready for me! 
Basic room , slightly grubby!"
"Tanya","India","Deluxe Room","2 nights ·","August 2023","Couple","Reviewed: 18 August 2023","Disappointing","The staff were friendly and cooperative","Rooms were too small, AC was not working properly, overpriced for the facilities that are being provided"
"Justin","India","Deluxe Room","4 nights ·","June 2023","Solo traveller","Reviewed: 28 June 2023","Except for the staff everything else was terrible.","The staff is the only nice thing about this property. They are really cooperative and courteous.","The property looked decent in the pictures. But, it was different in real. The room I got had no sound proofing and very disturbed sleep due to traffic 24/7. Frequent power cuts and no back up. 

To top it all, only my room lost power and I was asked to sleep in their utility room because my room didn’t have power for hours in the night after 12 and there was no other rooms available. What if this happened to a family or a couple?"
"Anagha","India","Deluxe Room","2 nights ·","June 2023","Family","Reviewed: 6 June 2023","Poor","Asked for Extra charges, staff behavior was not at all good, we got a room with a damaged bathroom door",""
"Rai","India","Deluxe Room","1 night ·","May 2023","Couple","Reviewed: 15 May 2023","An","Location of hotel","Washroom"
"Arpita","India","Deluxe Room","1 night ·","March 2023","Group","Reviewed: 15 May 2023","Worst experience ever. Can not trust them for promising hospitality.","The location","The rooms were not available right on time even when they were prepaid the day before. Our friends and colleagues travelled long way and had to wait for so long to get the room. Receptionist was rude and illogical."
"Varun","India","Deluxe Room","2 nights ·","February 2023","Solo traveller","Reviewed: 1 March 2023","ac was not working first night of stay","location","service"
"Kaushik","India","Deluxe Room","2 nights ·","February 2023","Solo traveller","Reviewed: 20 February 2023","Passable","Maintenance was not at all good",""
"Rohit_patil","India","Deluxe Room","2 nights ·","May 2022","Solo traveller","Reviewed: 19 May 2022","Just for short stay","Location & staff","Bathroom"
"Pankhudi","India","Deluxe Room","1 night ·","February 2022","Couple","Reviewed: 2 March 2022","Disappointing","Water was not hot. Mattress and pillows were rock hard. Seemed overpriced for the facilities.

The hotel got us an overpriced auto rickshaw for the airport and said it will drop us to the airport. The rickshaw stopped one kilometers before.",""
"","","","","","","","","",""
"","","","","","","","","",""
"Keerthi","India","Deluxe Room","1 night ·","January 2024","Couple","Reviewed: 8 January 2024","Bad","It was damaged in the cyclone.and the ceiling was under pasted through a packing tape. Literally a packing tape. So we just left the place without staying",""
"Antony","India","Deluxe Room","1 night ·","September 2023","Solo traveller","Reviewed: 11 October 2023","Waste","Nothing to Like in the property","The way the staff treating the guest The staff at the reception was so rude, and he is not fit for the hospitality, simply is bully don't have any sense to deal with Guest, I was simply walk out with out Check in as he is so rude to me , irresponsible, I will never ever recommend to any one"
"Rai","India","Deluxe Room","1 night ·","August 2023","Family","Reviewed: 1 September 2023","Not mentain properly 304.","Location.and the person who was in reception was good.","Room was not so good as mh as i paid for a room.washroom door was not getting locked that was broken.Washbasin was leakage Little bad smell was there in room.used water bottel  was in room (1).Headboard was removed from room but pin was not removed which was not looking good ."
"Nikhlesh","India","Deluxe Room","1 night ·","February 2023","Solo traveller","Reviewed: 15 February 2023","","This review has been hidden because it doesn't meet our guidelines.",""
"Megha","India","Deluxe Room","1 night ·","November 2022","Family","Reviewed: 14 November 2022","Awful, I will never visit and feels that all my money went to waste","The location is in the city is the only positive point. Only the reception area is kept clean with air diffuser.","following are the points I did not like:
1. Room size 
2. cupboard is not there, its a rack covered with old bedsheet
3. the room is filled with cockroaches
4. the door is so loose that we hear our room door being opened when room doors in other rooms are opened and closed
5. bathroom door lock is broken
6. the bedsheet is dirty
7. the rug and the pillow covers have holes all over
8. the telephone is not working
9. weird smell is in the hotel 
10. receptionist is not very friendly
11. 1 mat in present and it is an old towel with holes
12. The generator is not proper, if the electricity goes we wont have power for 10 min
13. I had booked for 2 single bed which I didnt get
14. there is too much noise from outside very early in the morning
15. no proper lighting
16. the towels is grey in colour"
"Charlotte","France","Deluxe Room","1 night ·","October 2022","Solo traveller","Reviewed: 30 October 2022","Passable","staff was really helpful and reliable","They have to improve a lot about cleanness of the room, I guess that the ground wasn't only swip and not clean properly as my feet got black and dirty, bathroom was really not cleaned, there was a big smell of cigarette into the room which was really uncomfortable (even my night clothes were smelling cigarette after I slept in the bed it absorbed all the smell), AC wasnt maintained properly and really dusty, bedsheet were stained and not fresh... I hope they could improve that because there was no value for this price at all."
"Vijayavardhan","India","Deluxe Room","2 nights ·","July 2022","Solo traveller","Reviewed: 30 July 2022","Average rating","Situated at prime location","Doesn't match for the value you put"
"Amit","India","Deluxe Room","4 nights ·","June 2022","Group","Reviewed: 16 June 2022","Waste of Money","Nothing",""
"Amit","India","Deluxe Room","7 nights ·","June 2022","Group","Reviewed: 16 June 2022","Wort Experience","Nothing , worst hotel",""
"Lakshmi","India","Deluxe Room","3 nights ·","March 2022","Group","Reviewed: 18 May 2022","Bad","Room full of bedbugs","Entire building has bedbugs"
"","","","","","","","","",""
"","","","","","","","","",""
"Modi","India","Deluxe Room","3 nights ·","March 2022","Couple","Reviewed: 23 April 2022","Bad","Nothing","Everything they asked  us to wait 3hrs in a other room since our room wasnt prepared, the fan was so noisy and ac doesnt have cooling ,the staffs were rude .."
"Subramanian","India","Deluxe Room","1 night ·","March 2022","Group","Reviewed: 30 March 2022","Very poor","I don’t want to book in Booking.com anymore",""
"Nekkala","India","Deluxe Room","1 night ·","October 2021","Couple","Reviewed: 6 October 2021","Bad","They allow couples that is what we like","They have charged 500 rs extra for early check-in they are too worst"
"Rai","India","Deluxe Room","1 night ·","January 2023","Family","Reviewed: 12 February 2023","Exceptional","Location","No comments"
"Balapkm","India","Deluxe Room","1 night ·","April 2022","Solo traveller","Reviewed: 17 May 2022","Exceptional","Superb",""
"Babu","United Arab Emirates","Deluxe Room","1 night ·","September 2021","Group","Reviewed: 14 September 2021","Passable","Need to improve more facilities but some what ok for business travelrs","No parking"
"Anonymous","India","Deluxe Room","2 nights ·","May 2022","Couple","Reviewed: 1 June 2022","Very good","plz provide room sleeper",""
"Caroline","Netherlands","Deluxe Room","3 nights ·","January 2024","Couple","Reviewed: 2 February 2024","Pleasant","Kamer was ruim.","Airco en wifi deden het niet."
"Chitra","France","Deluxe Room","3 nights ·","January 2024","Solo traveller","Reviewed: 12 January 2024","Très bien","La propriété et l’emplacement","Le matelas trop mou."
"Sarah","Belgium","Deluxe Room","1 night ·","November 2023","Family","Reviewed: 29 November 2023","Slechte geur op kammer en op drukke weg","Het personeelslid van het ontbijt was behulpzaam en vriendelijk. 
De douche was afgesloten van de rest van de badkamer.","Er was een slechte geur door zowel het sanitair als wel meer door de uitlaatgassen van de auto's buiten. Het is gelegen op een enorm drukke weg. 
Mensen van het onthaal waren niet hartelijk."
"","","","","","","","","",""
"","","","","","","","","",""
"Ruben","Spain","Deluxe Room","1 night ·","February 2024","Group","Reviewed: 11 March 2024","Mucho ruido en la habitación, el servicio de bar y restaurante estaba cerrado. La habitación era un poco inhóspita aunqu","Estaba limpio y la cama era cómoda.","El ruido exterior y el calor que hacía en la habitación. Dormí mal. El restaurante estuvo cerrado. No me gustó que el recepcionista durmiera allí directamente en la recepción. Me pareció un abuso."
"Zhigden","India","Deluxe Room","1 night ·","April 2022","Group","Reviewed: 13 April 2022","Superb","Персонал","В комнате тесно"
"亀山","India","Deluxe Room","3 nights ·","October 2022","Couple","Reviewed: 31 October 2022","Passable","リーズナブル","エアコンの効きが悪く、就寝中何度も起きた。
テレビの調子も悪く、見られなかった。"
"Kenji","Japan","Deluxe Room","1 night ·","June 2022","Couple","Reviewed: 19 July 2022","Passable","空港からも町の中心からもあまり離れていなく1泊だけするにはいい場所。","深夜に空港着だったため事前にピックアップのタクシーを依頼し、その代金をカード支払いでお願いしてOKをもらっていたにもかかわらず、運転手さんには伝わっておらずそのやり取りでチェックインに1時間以上かかってしまった。

交通量の多い通り沿いのため深夜でもクラクションがうるさく、防音もしっかりしていないためよく眠れなかった。"
"Harsh","Russia","Deluxe Room","1 night ·","January 2024","Solo traveller","Reviewed: 20 January 2024","Good","There are no comments available for this review",""
"Ribhu","India","Deluxe Room","1 night ·","December 2023","Family","Reviewed: 4 January 2024","Very good","There are no comments available for this review",""
"Vinod","India","Deluxe Room","1 night ·","January 2024","Couple","Reviewed: 2 January 2024","Very good","There are no comments available for this review",""
"Manohar","India","Deluxe Room","1 night ·","November 2023","Family","Reviewed: 28 November 2023","Very good","There are no comments available for this review",""
"Rajalingam","India","Deluxe Room","1 night ·","April 2023","Group","Reviewed: 10 April 2023","Good","There are no comments available for this review",""
"Vignesh","India","Deluxe Room","2 nights ·","February 2023","Couple","Reviewed: 21 March 2023","Very good","There are no comments available for this review",""
"","","","","","","","","",""
"","","","","","","","","",""
"Nelum","Sri Lanka","Deluxe Room","1 night ·","October 2022","Group","Reviewed: 10 October 2022","Pleasant","There are no comments available for this review",""
"R","India","Deluxe Room","1 night ·","June 2022","Family","Reviewed: 26 July 2022","Good","There are no comments available for this review",""
"Shreya","India","Deluxe Room","1 night ·","June 2022","Family","Reviewed: 5 July 2022","Very good","There are no comments available for this review",""
"Jayaseelan","India","Deluxe Room","2 nights ·","June 2022","Couple","Reviewed: 6 June 2022","Very good","There are no comments available for this review",""
"Nitin","India","Deluxe Room","2 nights ·","May 2022","Couple","Reviewed: 19 May 2022","Good","There are no comments available for this review",""
"Sai","India","Deluxe Room","1 night ·","March 2022","Couple","Reviewed: 29 April 2022","Good","There are no comments available for this review",""
"Jithin","India","Deluxe Room","2 nights ·","April 2022","Solo traveller","Reviewed: 26 April 2022","Good","There are no comments available for this review",""
"Shreya","India","Deluxe Room","1 night ·","November 2021","Family","Reviewed: 7 November 2021","Very good","There are no comments available for this review",""
"Syed","India","Deluxe Room","2 nights ·","March 2024","Solo traveller","Reviewed: 8 March 2024","Very good","There are no comments available for this review",""
"Kishan","India","Deluxe Room","2 nights ·","January 2024","Solo traveller","Reviewed: 22 February 2024","Very good","There are no comments available for this review",""
"","","","","","","","","",""
"","","","","","","","","",""
"Isaac","India","Deluxe Room","3 nights ·","February 2024","Couple","Reviewed: 19 February 2024","Very good","There are no comments available for this review",""
"M","India","Deluxe Room","2 nights ·","February 2024","Solo traveller","Reviewed: 4 February 2024","Pleasant","There are no comments available for this review",""
"Mohan","India","Deluxe Room","1 night ·","January 2024","Couple","Reviewed: 30 January 2024","Pleasant","There are no comments available for this review",""
"Rajan","India","Deluxe Room","1 night ·","November 2023","Solo traveller","Reviewed: 8 November 2023","Very good","There are no comments available for this review",""
"Srinivasan","India","Deluxe Room","4 nights ·","October 2023","Couple","Reviewed: 26 October 2023","Very good","There are no comments available for this review",""
"Kishan","India","Deluxe Room","2 nights ·","July 2023","Solo traveller","Reviewed: 1 August 2023","Good","There are no comments available for this review",""
"Sanjay","India","Deluxe Room","1 night ·","June 2023","Solo traveller","Reviewed: 17 June 2023","Good","There are no comments available for this review",""
"Hawkins","India","Deluxe Room","1 night ·","May 2023","Family","Reviewed: 30 May 2023","Good","There are no comments available for this review",""
"S","India","Deluxe Room","1 night ·","May 2023","Family","Reviewed: 23 May 2023","Pleasant","There are no comments available for this review",""
"Venkata","India","Deluxe Room","4 nights ·","April 2023","Couple","Reviewed: 2 May 2023","Pleasant","There are no comments available for this review",""
"","","","","","","","","",""
"","","","","","","","","",""
"Divya","India","Deluxe Room","1 night ·","April 2023","Family","Reviewed: 16 April 2023","Very good","There are no comments available for this review",""
"Khattry","India","Deluxe Room","1 night ·","February 2023","Solo traveller","Reviewed: 3 April 2023","Good","There are no comments available for this review",""
"Paramjeet","India","Deluxe Room","2 nights ·","March 2023","Solo traveller","Reviewed: 14 March 2023","Very good","There are no comments available for this review",""
"Chee","Malaysia","Deluxe Room","1 night ·","February 2023","Solo traveller","Reviewed: 3 March 2023","Pleasant","There are no comments available for this review",""
"Mohankumar","India","Deluxe Room","1 night ·","February 2023","Couple","Reviewed: 23 February 2023","Very good","There are no comments available for this review",""
"Spencer","United Kingdom","Deluxe Room","4 nights ·","January 2023","Group","Reviewed: 6 February 2023","Pleasant","There are no comments available for this review",""
"Gnanasundaram","India","Deluxe Room","1 night ·","December 2022","Group","Reviewed: 8 January 2023","Very good","There are no comments available for this review",""
"Nithya","Sri Lanka","Deluxe Room","2 nights ·","November 2022","Solo traveller","Reviewed: 14 December 2022","Good","There are no comments available for this review",""
"Jebaraj","India","Deluxe Room","4 nights ·","December 2022","Couple","Reviewed: 8 December 2022","Good","There are no comments available for this review",""
"Anbazhagan","India","Deluxe Room","1 night ·","December 2022","Group","Reviewed: 7 December 2022","Very good","There are no comments available for this review",""
"","","","","","","","","",""
"","","","","","","","","",""
"Saptaswa","India","Deluxe Room","2 nights ·","November 2022","Solo traveller","Reviewed: 15 November 2022","Very good","There are no comments available for this review",""
"Kishore","India","Deluxe Room","1 night ·","October 2022","Couple","Reviewed: 19 October 2022","Very good","There are no comments available for this review",""
"Santhosh","Malawi","Deluxe Room","1 night ·","October 2022","Couple","Reviewed: 15 October 2022","Good","There are no comments available for this review",""
"Javith","India","Deluxe Room","1 night ·","October 2022","Couple","Reviewed: 3 October 2022","Good","There are no comments available for this review",""
"A","India","Deluxe Room","3 nights ·","September 2022","Couple","Reviewed: 26 September 2022","Very good","There are no comments available for this review",""
"R","India","Deluxe Room","1 night ·","July 2022","Solo traveller","Reviewed: 16 August 2022","Very good","There are no comments available for this review",""
"Shaji","India","Deluxe Room","1 night ·","July 2022","Couple","Reviewed: 14 August 2022","Good","There are no comments available for this review",""
"Kishore","India","Deluxe Room","1 night ·","July 2022","Couple","Reviewed: 12 August 2022","Pleasant","There are no comments available for this review",""
"Yuvaraj","India","Deluxe Room","1 night ·","June 2022","Couple","Reviewed: 26 June 2022","Very good","There are no comments available for this review",""
"Krishnaprasad","India","Deluxe Room","1 night ·","June 2022","Couple","Reviewed: 19 June 2022","Very good","There are no comments available for this review",""
"","","","","","","","","",""
"","","","","","","","","",""
"芝薇","India","Deluxe Room","1 night ·","June 2022","Couple","Reviewed: 6 June 2022","Very good","There are no comments available for this review",""
"Praveen","India","Deluxe Room","1 night ·","May 2022","Couple","Reviewed: 31 May 2022","Good","There are no comments available for this review",""
"Hariharan","India","Deluxe Room","1 night ·","April 2022","Couple","Reviewed: 30 May 2022","Very good","There are no comments available for this review",""
"Akhil","India","Deluxe Room","2 nights ·","May 2022","Family","Reviewed: 27 May 2022","Pleasant","There are no comments available for this review",""
"Gautamakrishnan","India","Deluxe Room","1 night ·","May 2022","Solo traveller","Reviewed: 14 May 2022","Good","There are no comments available for this review",""
"Sharun","India","Deluxe Room","1 night ·","May 2022","Couple","Reviewed: 5 May 2022","Very good","There are no comments available for this review",""
"Pugazhendhi","India","Deluxe Room","2 nights ·","February 2022","Couple","Reviewed: 21 April 2022","Very good","There are no comments available for this review",""
"Preethi","India","Deluxe Room","1 night ·","February 2022","Couple","Reviewed: 12 March 2022","Good","There are no comments available for this review",""
"Sristirupa","India","Deluxe Room","1 night ·","December 2021","Couple","Reviewed: 27 December 2021","Pleasant","There are no comments available for this review",""
"Deepak","India","Deluxe Room","2 nights ·","December 2021","Couple","Reviewed: 8 December 2021","Very good","There are no comments available for this review",""
"","","","","","","","","",""
"","","","","","","","","",""
"Manoj","India","Deluxe Room","2 nights ·","November 2021","Group","Reviewed: 26 November 2021","Very good","There are no comments available for this review",""
"Srinivas","India","Deluxe Room","1 night ·","October 2021","Couple","Reviewed: 25 November 2021","Very good","There are no comments available for this review",""
"Vivek","India","Deluxe Room","2 nights ·","October 2021","Couple","Reviewed: 25 October 2021","Pleasant","There are no comments available for this review",""
"Sushil","India","Deluxe Room","1 night ·","July 2021","Family","Reviewed: 26 July 2021","Pleasant","There are no comments available for this review",""
"Samuel","India","Deluxe Room","1 night ·","December 2023","Solo traveller","Reviewed: 25 December 2023","Pleasant","There are no comments available for this review",""
"Kumar","Qatar","Deluxe Room","1 night ·","May 2023","Couple","Reviewed: 12 June 2023","Pleasant","There are no comments available for this review",""
"Vijay","India","Deluxe Room","1 night ·","January 2023","Couple","Reviewed: 9 January 2023","Pleasant","There are no comments available for this review",""
"Beatty","Seychelles","Deluxe Room","3 nights ·","December 2022","Couple","Reviewed: 21 December 2022","Pleasant","There are no comments available for this review",""
"Jayabalamurugan","India","Deluxe Room","1 night ·","October 2021","Family","Reviewed: 30 October 2021","Good","There are no comments available for this review",""
"Deepak","India","Deluxe Room","2 nights ·","January 2024","Group","Reviewed: 17 January 2024","Very good","There are no comments available for this review",""
"","","","","","","","","",""
"","","","","","","","","",""
"Thangarasu","India","Deluxe Room","1 night ·","September 2022","Family","Reviewed: 6 September 2022","Very good","There are no comments available for this review",""
"Hil","India","Deluxe Room","1 night ·","March 2024","Couple","Reviewed: 30 March 2024","Exceptional","There are no comments available for this review",""
"Arun","India","Deluxe Room","2 nights ·","February 2024","Solo traveller","Reviewed: 16 March 2024","Superb","There are no comments available for this review",""
"Praneet","India","Deluxe Room","1 night ·","March 2024","Group","Reviewed: 9 March 2024","Exceptional","There are no comments available for this review",""
"Mukesh","India","Deluxe Room","2 nights ·","February 2024","Couple","Reviewed: 2 March 2024","Superb","There are no comments available for this review",""
"Singha","","Deluxe Room","3 nights ·","November 2023","Solo traveller","Reviewed: 6 December 2023","Exceptional","There are no comments available for this review",""
"Abhijoy","United States","Deluxe Room","1 night ·","November 2023","Couple","Reviewed: 21 November 2023","Exceptional","There are no comments available for this review",""
"Gollapalli","India","Deluxe Room","1 night ·","November 2023","Couple","Reviewed: 15 November 2023","Superb","There are no comments available for this review",""
"Deepu","India","Deluxe Room","1 night ·","September 2023","Solo traveller","Reviewed: 6 October 2023","Superb","There are no comments available for this review",""
"Mei","India","Deluxe Room","1 night ·","September 2023","Couple","Reviewed: 22 September 2023","Superb","There are no comments available for this review",""
"","","","","","","","","",""
"","","","","","","","","",""
"Vignesh","India","Deluxe Room","1 night ·","September 2023","Couple","Reviewed: 5 September 2023","Exceptional","There are no comments available for this review",""
"Vignesh","India","Deluxe Room","2 nights ·","September 2023","Couple","Reviewed: 5 September 2023","Exceptional","There are no comments available for this review",""
"Vasu","United Kingdom","Deluxe Room","3 nights ·","August 2023","Couple","Reviewed: 13 August 2023","Exceptional","There are no comments available for this review",""
"Ravi","India","Deluxe Room","1 night ·","May 2023","Family","Reviewed: 10 May 2023","Exceptional","There are no comments available for this review",""
"Rubert","India","Deluxe Room","1 night ·","February 2023","Couple","Reviewed: 29 April 2023","Exceptional","There are no comments available for this review",""
"K","India","Deluxe Room","1 night ·","April 2023","Couple","Reviewed: 24 April 2023","Superb","There are no comments available for this review",""
"Birthshyam","Sri Lanka","Deluxe Room","1 night ·","April 2023","Solo traveller","Reviewed: 14 April 2023","Exceptional","There are no comments available for this review",""
"Velvizhi","India","Deluxe Room","1 night ·","April 2023","Couple","Reviewed: 2 April 2023","Passable","There are no comments available for this review",""
"Rai","India","Deluxe Room","1 night ·","February 2023","Couple","Reviewed: 1 April 2023","Superb","There are no comments available for this review",""
"Nithesh","India","Deluxe Room","3 nights ·","February 2023","Couple","Reviewed: 28 February 2023","Superb","There are no comments available for this review",""
"","","","","","","","","",""
"","","","","","","","","",""
"Niveditha","United Kingdom","Deluxe Room","2 nights ·","February 2023","Solo traveller","Reviewed: 28 February 2023","Superb","There are no comments available for this review",""
"Ravishankar","India","Deluxe Room","2 nights ·","January 2023","Solo traveller","Reviewed: 26 February 2023","Superb","There are no comments available for this review",""
"Mohamed","India","Deluxe Room","1 night ·","January 2023","Couple","Reviewed: 8 January 2023","Superb","There are no comments available for this review",""
"Phanendra","India","Deluxe Room","1 night ·","January 2023","Couple","Reviewed: 4 January 2023","Exceptional","There are no comments available for this review",""
"Kishore","India","Deluxe Room","1 night ·","December 2022","Couple","Reviewed: 2 January 2023","Exceptional","There are no comments available for this review",""
"Swapna","India","Deluxe Room","1 night ·","December 2022","Couple","Reviewed: 4 December 2022","Exceptional","There are no comments available for this review",""
"Sneha","India","Deluxe Room","1 night ·","October 2022","Couple","Reviewed: 30 October 2022","Perfect stay and convenient location","There are no comments available for this review",""
"Prem","India","Deluxe Room","1 night ·","October 2022","Couple","Reviewed: 23 October 2022","Exceptional","There are no comments available for this review",""
"Monisha","India","Deluxe Room","2 nights ·","September 2022","Solo traveller","Reviewed: 13 September 2022","Superb","There are no comments available for this review",""
"Kumar","India","Deluxe Room","2 nights ·","June 2022","Group","Reviewed: 9 August 2022","Exceptional","There are no comments available for this review",""
"","","","","","","","","",""
"","","","","","","","","",""
"Shaji","India","Deluxe Room","2 nights ·","May 2022","Couple","Reviewed: 22 June 2022","Exceptional","There are no comments available for this review",""
"Aravindh","Armenia","Deluxe Room","1 night ·","June 2022","Solo traveller","Reviewed: 8 June 2022","Passable","There are no comments available for this review",""
"Drgargi","India","Deluxe Room","1 night ·","June 2022","Couple","Reviewed: 2 June 2022","Exceptional","There are no comments available for this review",""
"Kishore","India","Deluxe Room","1 night ·","May 2022","Couple","Reviewed: 30 May 2022","Bad","There are no comments available for this review",""
"Ravi","India","Deluxe Room","2 nights ·","May 2022","Couple","Reviewed: 30 May 2022","Exceptional","There are no comments available for this review",""
"Vinoth","India","Deluxe Room","1 night ·","May 2022","Solo traveller","Reviewed: 27 May 2022","Exceptional","There are no comments available for this review",""
"Vignesh","India","Deluxe Room","3 nights ·","March 2022","Couple","Reviewed: 14 May 2022","Exceptional","There are no comments available for this review",""
"Aditya","India","Deluxe Room","4 nights ·","April 2022","Solo traveller","Reviewed: 25 April 2022","Exceptional","There are no comments available for this review",""
"Robin","India","Deluxe Room","1 night ·","April 2022","Couple","Reviewed: 13 April 2022","Superb","There are no comments available for this review",""
"Raguldravid","India","Deluxe Room","1 night ·","February 2022","Couple","Reviewed: 21 March 2022","Exceptional","There are no comments available for this review",""
"","","","","","","","","",""
"","","","","","","","","",""