"a3332d346a","afac1f68d9","abf093bdfe","abf093bdfe 2","abf093bdfe 3","abf093bdfe 4","abf093bdfe 5","f6431b446c","a53cbfa6de","a53cbfa6de 2","a3332d346a 2","a53cbfa6de 3"
"Vinai","India","Executive Double or Twin Room","2 nights ·","September 2023","Solo traveller","Reviewed: 19 October 2023","Excellent","Food quality and very caring staff","Interest WiFi connectivity","",""
"Rahul","India","Club Double Room","3 nights ·","July 2022","Group","Reviewed: 9 July 2022","Very good","Hotel is good
and at a. good location
room was really good.
Washrooms was ok. ok
Staff super polite and helpful

Breakfast was ok ok not that great.

There is pool also but unluckily it was closed due to renovation","pool was closed
washroom","Hotel response:","Dear Mr.Rahul  , Thank you for your wonderful comments..."
"Arjaria","India","Executive Double or Twin Room","2 nights ·","May 2022","Solo traveller","Reviewed: 2 June 2022","Good but needs some improvement.","I liked the behaviour of the staff, the bed , the breakfast and the dinner.","I was very surprised when they have not supplied bathroom slippers, mouth freshener kit (tooth paste, brush),  shaving kit. There was some smell ( bad) in the room.","Hotel response:","Dear Mr.Arjaria  , Thank you for your wonderful comments..."
"Pritom","Norway","Club Double Room","1 night ·","February 2022","Family","Reviewed: 14 February 2022","Very good","Quality of room vis-a-vis price
Location
Staff behaviour","","Hotel response:","Dear Mr.Pritom , Thank you for your wonderful comments..."
"Lakshmi","India","Club Double Room","1 night ·","February 2022","Solo traveller","Reviewed: 6 February 2022","Very comfortable. Good value for money. Very good breakfast spread.","Very good breakfast. Convenient location . Clean rooms and good service.","","Hotel response:","Dear Ms.Lakshmi , Thank you for your wonderful comments..."
"Kishore","United States","Club Double Room","3 nights ·","February 2024","Couple","Reviewed: 19 March 2024","Decent hotel with good food in Anna Nagar which doesnt have many hotels.","The room was decent, checkin smooth and the food for surprisingly good.","The hotel needs better maintenance. Small broken fixtures in the bath, and not enough towels in the bathroom.","",""
"Ishita","India","Executive Double or Twin Room","3 nights ·","December 2023","Solo traveller","Reviewed: 23 December 2023","It was a good stay.","Responsive staff, good service","Breakfast time starts only by 7am. It should a bit earlier as most of the time need to leave either early for office or to catch a flight back.","",""
"Pradeep","Qatar","Executive Double or Twin Room","6 nights ·","December 2023","Family","Reviewed: 22 December 2023","Nice and comfortable stay except Wifi facility","Comfortable stay and Good breakfast","Wifi strength is very poor","",""
"Madhav","India","Executive Double or Twin Room","1 night ·","September 2023","Solo traveller","Reviewed: 2 October 2023","Stay was excellent","Location excellent. Breakfast excellent. Staff not up to standards.","Staff behavior","",""
"Christopher","United Kingdom","Executive Double or Twin Room","1 night ·","September 2023","Solo traveller","Reviewed: 17 September 2023","My 'go-to"" Hotel In Chennai","First visit to the JP in over four years and still good, great staff and a good location, the rooms are big, and the room service food was tasty and good value.","","",""
"Suresh","Singapore","Executive Double or Twin Room","1 night ·","July 2023","Family","Reviewed: 23 July 2023","Good","Location, Breakfast, Amenities","Toilet tiles looked old","",""
"Sainimere","Germany","Executive Double or Twin Room","5 nights ·","June 2023","Family","Reviewed: 2 July 2023","Very good","The housekeeping service was top notch..very attentive and helpful","The recption staff..never answer the phone promptly, and can be rude at times. Food choices for room service is limited after certain hours despite being on the menu!","",""
"7788096","Maldives","Executive Double or Twin Room","5 nights ·","June 2023","Family","Reviewed: 20 June 2023","Pleasant","Good is okay, staff is helpful","Toilet is in poor condition as when shower is used, the whole floor of the toilet becomes wet and maintenance was unable to correct the issue. 

Breakfast is not appropriate for non vegetarians. Mostly they keep omelette n egg for non vegetarians.","",""
"Nair","United Arab Emirates","Executive Double or Twin Room","3 nights ·","April 2023","Family","Reviewed: 2 May 2023","Good","was near to our home and mid of city.","i was told to the hotel that my family is coming first and i will be coming in couple of hours and the payment will be done by me. despite as per the clues written that one day payment has to be done upon arrival they took full amount from my family.. which was not at all appreciable.","",""
"Jegan","India","Executive Double or Twin Room","2 nights ·","January 2023","Family","Reviewed: 26 February 2023","Pleasant","Location","Need to renovate the wash room","",""
"Joanna","Poland","Club Double Room","1 night ·","January 2023","Family","Reviewed: 30 January 2023","Exceptionally polite staff but hotel room didn't meet my expectations.","Exceptionally polite and helpful staff, great lobby and restaurants. Very good breakfast","Room did not meet our expectations. It was not worth price we paid. There was no slippers and bathrobes included. Bathroom needs urgent refurbishment, not very good quality. Windows dirty from outside.","Hotel response:","Dear Mr.Joanna, Thank you for your Feed back about the..."
"Selvamani","India","Club Double Room","1 night ·","December 2022","Solo traveller","Reviewed: 22 January 2023","Good","Normal Hotel","Rooms Quality Less","Hotel response:","Dear Mr.Selvamani Ramakrishnan ,  Thank you for your Feed..."
"Anish","India","Executive Double or Twin Room","1 night ·","January 2023","Family","Reviewed: 8 January 2023","good for over night stay","Spacious","Old property","Hotel response:","Dear Mr.Anish Thank you for your Feed back about the..."
"Rajesh","India","Club Double Room","1 night ·","November 2022","Solo traveller","Reviewed: 18 November 2022","Stay could be better if, slightly focusing more on the customer","location and Breakfast spread","room and facilities are mediocre","Hotel response:","Dear Mr.Rajesh  Thank you for your wonderful comments..."
"Babuji","India","Executive Double or Twin Room","2 nights ·","November 2022","Solo traveller","Reviewed: 1 November 2022","Good experience in a good hotel at good location","Good location and good property","Reception staff attitude and speed of processing checkin need to increase.","Hotel response:","Dear Mr.Babuji  , Thank you for your wonderful comments..."
"","","","","","","","","","","",""
"","","","","","","","","","","",""
"S","Bangladesh","Club Double Room","3 nights ·","October 2022","Family","Reviewed: 31 October 2022","Very good","Location & Food was good.","Mangement. The Room we stayed had no functioning exhaust fan in the washroom,  we stayed for three nights,  even after several complaints the problem wasn’t solved.","Hotel response:","Dear Mr.Mahmud, Thank you for your Feed back and I wish..."
"Mahesh","Mozambique","Executive Double or Twin Room","1 night ·","June 2022","Solo traveller","Reviewed: 10 July 2022","Very good","Every is good. Including food and service.","Breakfast time should increase till 11.30 am","Hotel response:","Dear Mr.Mahesh Kumar, Thank you for your wonderful..."
"Guruswamy","United States","Club Double Room","1 night ·","June 2022","Solo traveller","Reviewed: 6 July 2022","","This review has been hidden because it doesn't meet our guidelines.","","",""
"S","India","Executive Double or Twin Room","2 nights ·","June 2022","Couple","Reviewed: 5 June 2022","reasonable hotel  - slightly higher priced rooms","overall good room","breakfast could have been better","Hotel response:","Dear Mr.Raja  , Thank you for your wonderful comments..."
"Vishnumohan","India","Club Double Room","3 nights ·","January 2022","Family","Reviewed: 7 January 2022","A pricy ordinary hotel","The location","The restaurant menu was very limited and ordinary. Breakfast wasn't great either. Maintenance in general can be improved a lot, both in the rooms and common areas.","Hotel response:","Dear Mr.Vishnumohan,We are delighted to note your..."
"Sajee","India","Executive Double or Twin Room","1 night ·","November 2021","Group","Reviewed: 24 November 2021","Good","Location is good. Staff was very courteous. Rooms were adequate and was good value for money.","Breakfast service is a real deal breaker. This is not the first time I have pointed out to them. And when I requested rooms next to each other I meant interconnecting rooms.","",""
"Feltran","India","Club Double Room","2 nights ·","December 2023","Family","Reviewed: 14 December 2023","Good","location and breakfast","needs refurbishing drapes. were dirty and old. bathrooms looks very old, not a star hotel","",""
"Vijayalakshmi","India","Club Double Room","2 nights ·","December 2021","Family","Reviewed: 27 January 2022","Pleasant","The location, staff and the inroom cleanliness, and the food taste at the breakfast","The cleanliness in the common area, foul smell in the corridors etc","Hotel response:","Dear Ms.Vijayalakshmi , Thank you for your  feed back ..."
"Krishnakumar","Ghana","Club Double Room","1 night ·","January 2022","Family","Reviewed: 12 January 2022","Good facilty.","Good location, good staff, good food. Noise proofing is bad. Could not sleep well","Better noise insulation","Hotel response:","Dear Mr.Krishnakumar ,We are delighted to note your..."
"Mahesh","India","Executive Double or Twin Room","3 nights ·","March 2024","Family","Reviewed: 24 March 2024","Best Choice and budget friendly","Roof top restaurant and service","Water from Bathroom runs out till washbasin making the bathroom wet always","",""
"","","","","","","","","","","",""
"","","","","","","","","","","",""
"Samikkannu","","Executive Double or Twin Room","1 night ·","December 2023","Group","Reviewed: 21 December 2023","Passable","I like breakfast and served","Frond d3sk and room services","",""
"Ishita","India","Executive Double or Twin Room","4 nights ·","October 2023","Solo traveller","Reviewed: 11 November 2023","Superb","Clean, safe, responsive staff","","",""
"Linda","United Arab Emirates","Executive Double or Twin Room","2 nights ·","September 2023","Group","Reviewed: 15 September 2023","Very good & comfortable stay","Breakfast was very good!","","",""
"Anirban","India","Executive Double or Twin Room","1 night ·","July 2023","Solo traveller","Reviewed: 21 July 2023","Exceptional","everything i liked","","",""
"Sergei","Kazakhstan","Executive Double or Twin Room","8 nights ·","March 2023","Solo traveller","Reviewed: 27 April 2023","Superb","Lots of things including the room, the bed, the staff, the breakfast","n/a","",""
"Niyas","India","Executive Double or Twin Room","1 night ·","January 2023","Couple","Reviewed: 1 February 2023","over all were good felt a bit as pricy","clean","staff","",""
"Sergei","Kazakhstan","Executive Double or Twin Room","3 nights ·","December 2022","Solo traveller","Reviewed: 2 January 2023","JP Chennai Hotel is home away from home","The people are amazing. It was my second visit & I felt like I came back home, so was the reception. My old friend Mr.Ganesh and his team are the nicest people in the world and truly professional staff who know how to make your stay smooth.","n/a","Hotel response:","Dear Mr.Sergei, Thank you for your wonderful comments..."
"Varadharajan","India","Executive Double or Twin Room","2 nights ·","September 2022","Family","Reviewed: 5 September 2022","Excellent and peaceful.","Safe and Comfortable.","Little bit noisy by the verandah talks of guests at late night.","Hotel response:","Dear Mr.Varadharajan , Thank you for your wonderful..."
"Ganesan","India","Executive Double or Twin Room","1 night ·","July 2022","Solo traveller","Reviewed: 7 July 2022","Superb","Responsive & Well trained staff.","","Hotel response:","Dear Mr.Ganesan , Thank you for your wonderful comments..."
"Haripriya","India","Executive Double or Twin Room","1 night ·","June 2022","Family","Reviewed: 19 June 2022","Exceptional","The room was excellent. Breakfast good.staff behaviour good.","","Hotel response:","Dear Ms.Haripriya  , Thank you for your wonderful..."
"","","","","","","","","","","",""
"","","","","","","","","","","",""
"Milind","India","Executive Double or Twin Room","2 nights ·","June 2022","Family","Reviewed: 4 June 2022","Excellent location, clean rooms, good service.","Good location, clean and comfortable rooms, very good breakfast.","Room service can be faster.","Hotel response:","Dear Mr.Milind , Thank you for your wonderful comments..."
"Malar","United Kingdom","Club Double Room","2 nights ·","April 2022","Group","Reviewed: 28 April 2022","Superb","Happy","","Hotel response:","Dear Ms. Malar , Thank you for your wonderful comments..."
"Tapash","Bangladesh","Executive Double or Twin Room","3 nights ·","March 2022","Couple","Reviewed: 12 March 2022","Good Hotel","Location, breakfast and staff","","Hotel response:","Dear Mr.Tapash  , Thank you for your wonderful comments..."
"Tapash","Bangladesh","Club Double Room","2 nights ·","March 2022","Couple","Reviewed: 12 March 2022","Nice hotel…value for money.","Great Location for our purposes, good breakfast and overall cleanliness of the hotel was excellent. Highly responsive staff who take great care.","","Hotel response:","Dear Mr.Tapash, Thank you for your wonderful comments..."
"Siddardha","India","Executive Double or Twin Room","3 nights ·","December 2021","Couple","Reviewed: 13 December 2021","Exceptional","ambiance & neatnesses","I loved it all together.. no negatives to give back","Hotel response:","Dear Mr.Siddardha, Thank you for your wonderful comments..."
"Paul","India","Executive Double or Twin Room","1 night ·","September 2021","Family","Reviewed: 26 September 2021","near to work place. nice Hotel in centre","nice and clean","Gym not opened Corona effect","Hotel response:","Dear Mr.Paul, Thank you for your feedback and we are..."
"Bidyut","India","Club Double Room","2 nights ·","January 2024","Family","Reviewed: 3 January 2024","Good stay value for money.","good location with good connectivity, support staff very accommodative, good food. Neat and clean rooms.","Nothing as such.","",""
"Jayakrishnan","India","Club Double Room","2 nights ·","July 2023","Family","Reviewed: 3 September 2023","Superb","Facilities and clean and neatness","All good","",""
"Sanjayk","India","Club Double Room","1 night ·","December 2022","Family","Reviewed: 30 December 2022","Superb","staff being well trained","bathroom","Hotel response:","Dear Mr.Sanjay , Thank you for your wonderful comments..."
"Sa","India","Club Double Room","1 night ·","December 2022","Family","Reviewed: 10 December 2022","Good value! Good parking.! Need to improve hygiene and lighting for outside toilet for drivers","Location. And good restaurants nearby. Sangeetha","Noise on high traffic","Hotel response:","Dear Guest , Thank you for your wonderful comments about..."
"","","","","","","","","","","",""
"","","","","","","","","","","",""
"Gyan","Mexico","Executive Double or Twin Room","2 nights ·","June 2022","Couple","Reviewed: 25 June 2022","Had a pleasant stay at the hotel.","Nice ambience, helpful staff, great food, good value for money.","Lack of your tour/transportation desk at the hotel.","Hotel response:","Dear Mr.Gyan , Thank you for your wonderful comments..."
"Vinodkg","India","Club Double Room","1 night ·","May 2022","Family","Reviewed: 31 May 2022","Basically ok","The breakfast was good","There was no water spout in the toilet, there was no bucket  or mug either.","Hotel response:","Dear Mr.Vinod  , Thank you for your  feed back  about the..."
"Manish","Sri Lanka","Club Double Room","1 night ·","October 2021","Group","Reviewed: 22 October 2021","Disappointing","Nothing","The air conditioner never works","Hotel response:","Dear Mr.Manish , Thank you for your feedback and we are..."
"Narayan","India","Executive Double or Twin Room","2 nights ·","October 2023","Solo traveller","Reviewed: 16 October 2023","Not worth","Location","AC was not working.  When asked for a fan,they didn’t have.Bathroom water leaks outside the shower cubicle","",""
"Thulasiraman","Sweden","Executive Double or Twin Room","1 night ·","February 2023","Couple","Reviewed: 24 April 2023","Poor","location","AC, cleanness,","",""
"Rohit","India","Club Double Room","3 nights ·","April 2023","Solo traveller","Reviewed: 10 April 2023","Okay .......to stay","breakfast was decent & restaurant folks were nice.. reception folks were nice","i think my reaching at late night was the issue when house keeping guy was rude enough to refuse to give me knife to cut airline tierep...and 1st impression was like why the hell i selected this hotel however reception guy came to help & finally i cud open my bag. other than that, rooms r small as compared to what is shown in Picture, shower area door was not been able to stop water coming to basin area thus making wet...newspaper served on day 1 but not on 2nd & 3rd day","",""
"Raghunandan","India","Club Double Room","1 night ·","February 2023","Couple","Reviewed: 13 February 2023","Passable","Breakfast was good, Room was decent","Bathrooms need a upgrade","",""
"Yuichi","India","Club Double Room","3 nights ·","December 2022","Solo traveller","Reviewed: 24 December 2022","Passable","shower was cold
need more towel
need hair dryer","","Hotel response:","Dear Mr.Yuichi , Thank you for your Feed back and I wish..."
"Ks","India","Executive Double or Twin Room","1 night ·","November 2022","Solo traveller","Reviewed: 26 November 2022","poor. no proper WiFi , services are super late and average food.","Horrible reception people who don’t have any manners and assume tat you’re in the hotel with an unmarried male when u have booked rooms for 2 female members. dissatisfied. horrible WiFi, they don’t have any face cleaning toiletries only shower gel. shud we wash our face with shower gel ? extremely dim lighting","The hotel staff assume tat we treat this as an Oyo. I came as a solo traveller and asked to checkin my female friend for a 2 room myself being a female too. they just assumed tat I was bringing a male local until they realised I was bringing a female friend and it was so embarrassing for me.","Hotel response:","Dear Guest , Thank you for your Feed back and I wish to..."
"Harish","India","Executive Double or Twin Room","2 nights ·","July 2022","Solo traveller","Reviewed: 5 July 2022","Poor","I like the Room Service boy, who came for cleaning my room, e arranged very well. i will 10star rating for him and Reception Sojanya( i dont know exactly her name but she was day shift while vacating she treated well.","Facility provided by hotel, Hotel should be in the favor of customers but here its entirely different. food worst take except breakfast.","Hotel response:","Dear Mr.Harish , Thank you for your wonderful comments..."
"","","","","","","","","","","",""
"","","","","","","","","","","",""
"Smitha","India","Club Double Room","2 nights ·","June 2022","Family","Reviewed: 20 June 2022","JP Hotel disappointing.","The room was good, only the room.","To start with, first they didn't get details of my booking, so my entire family was made to wait for about this 1 hour before we could get into our room and rest and a long journey. Second while checking out, i was told by one of the staff that i did not pay room rent. When i questioned, he told me that it was a kind of a slang...... Are you serious. What kind of a slang is it to tell someone that payment was not made. Since his behaviour was rather low and rudamentory, I simply made a the actually payment and left.","Hotel response:","Dear Ms.Smitha , Thank you for your wonderful comments..."
"Dr","India","Club Double Room","1 night ·","March 2022","Family","Reviewed: 16 March 2022","JP hotel Chennai overrated","Food was good, close to the metro rail station","Unhelpful management. Dirty lift carpets, damp room, very poor lighting in the room, linen is old, curtains torn and dirty, make promises they can't keep, definitely not 4* as stated on booking.com. Rude FoH manager","Hotel response:","Dear Dr.Meheshree, Thank you for your  feed back out the..."
"Anupama","India","Executive Double or Twin Room","5 nights ·","December 2021","Family","Reviewed: 20 December 2021","Superb","Room service needs to be improved","","Hotel response:","Dear Ms.Anupama ,We are delighted to note your positive..."
"Chandran","Kuwait","Club Double Room","1 night ·","November 2021","Solo traveller","Reviewed: 17 November 2021","Disappointing","nothing","","",""
"Harish","India","Club Double Room","1 night ·","November 2021","Solo traveller","Reviewed: 10 November 2021","Poor","Location of the property","The Breakfast was Cold and very lousy","Hotel response:","Dear Mr.Harish, Thank you for your feedback and we are ..."
"Kalpesh","India","Club Double Room","1 night ·","March 2024","Family","Reviewed: 28 March 2024","Bad","Not at all value for money","","",""
"Adithyan","India","Executive Double or Twin Room","1 night ·","January 2024","Group","Reviewed: 10 January 2024","Poor infra and service","Location","Food, service, cleanliness, infrastructure","Hotel response:","Dear Sir,
Vanakkam!!

Thank you for choosing "" JP..."
"Iju","United Arab Emirates","Executive Double or Twin Room","2 nights ·","January 2023","Group","Reviewed: 2 February 2023","Very poor","The property has a very ""tired and worn out"" feel. Cleanliness does not appear to be on the agenda of this hotel. The white bath towels have turned grey. There was some construction work going on within the property, with hammering going till late at night. The A/c in my room was noisy, the positive side of it was that it helped drown out the noise of people walking around and talking loudly in the corridor. 
It is definitely not value for the rates being charged. For a little more, one can stay at a 5-star facility such as the Hyatt or Marriott for a hugely better experience.","","",""
"Arjun","India","Executive Double or Twin Room","1 night ·","August 2022","Couple","Reviewed: 18 August 2022","Bad","Location is good","There was abnormal sound from AC duct . Could not sleep whole night. Also after repeated intervention of operator ,could not solve the problem .","Hotel response:","Dear Mr.Arjun  , Thank you for your Feed back  about the..."
"Amalraj","India","Executive Double or Twin Room","1 night ·","June 2022","Family","Reviewed: 14 June 2022","Poor","Flush was not working,room smelled of smoke overall waste of money","","Hotel response:","Dear Mr.Amalraj , Thank you for your  feed back about the..."
"","","","","","","","","","","",""
"","","","","","","","","","","",""
"Kannan","India","Executive Double or Twin Room","1 night ·","June 2022","Family","Reviewed: 9 June 2022","Poor","Bathroom smelled so bad not cleaned properly water didn’t drain ac wasn’t working well room is smelly","","Hotel response:","Dear Mr.Kannan , Thank you for your Feed back  about the..."
"Vijayadharsan","United Kingdom","Club Double Room","1 night ·","May 2022","Couple","Reviewed: 24 May 2022","Very poor","location","they had bedbugs in the room","Hotel response:","Dear Mr.Vijayadharsan  , Thank you for your  feed back ..."
"Vikas","India","Executive Double or Twin Room","6 nights ·","May 2022","Solo traveller","Reviewed: 22 May 2022","worst stay at this price","Location and staff","Bed was not clean , dirty bedding, below average toilet","Hotel response:","Dear Mr.Vikas, Thank you for your feed back  about the..."
"Rohit","India","Executive Double or Twin Room","3 nights ·","December 2021","Group","Reviewed: 27 December 2021","Bad","Bad","Bad","Hotel response:","Dear Mr.Rohit,, Thank you for your feedback and and your..."
"Arun","India","Executive Double or Twin Room","1 night ·","September 2023","Family","Reviewed: 9 September 2023","staffs are very indecent","Neat and clean","staff behaviour","",""
"Anonymous","Switzerland","Executive Double or Twin Room","3 nights ·","December 2022","Couple","Reviewed: 1 January 2023","Was so tiring","this was my first time in JP chennai. which was a very horrible experience while i entered the hotel. the
room provider was so disgusting. the toilet where so filthy. We where changed 4 rooms in one day. after a long flight we felt exhausted. team where polite but the cleanliness was not even near expectations. i will not recommended anyone","","Hotel response:","Dear Guest  , Thank you for your Feed back  and  I wish..."
"Sabine","Germany","Executive Double or Twin Room","1 night ·","January 2024","Couple","Reviewed: 3 February 2024","war ok.","Sehr gutes Frühstück.","In dem eigentlich sehr schönen Roofgarden- Restaurant ganz oben im Hotel lief die Musik viel zu laut. Man konnte sein eigenes Wort nicht verstehen.","Hotel response:","Thanks for your valuable comments, 

sorry for..."
"Yasotha","Norway","Executive Double or Twin Room","2 nights ·","October 2023","Family","Reviewed: 6 November 2023","God","Maten er god.","Det var ikke rent nok for en 4 stjerne hotel. Doen er våt og ikke ble tørket etter bruk. Håndkle er ikke rent. Skuffet.","",""
"Anish","India","Executive Double or Twin Room","1 night ·","October 2023","Couple","Reviewed: 10 October 2023","Very good","There are no comments available for this review","","",""
"Chandra","India","Executive Double or Twin Room","1 night ·","August 2023","Family","Reviewed: 16 August 2023","Very good","There are no comments available for this review","","",""
"","","","","","","","","","","",""
"","","","","","","","","","","",""
"Vijay","India","Executive Double or Twin Room","2 nights ·","June 2023","Group","Reviewed: 26 June 2023","Very good","There are no comments available for this review","","",""
"Arun","India","Club Double Room","1 night ·","November 2022","Family","Reviewed: 3 December 2022","Very good","There are no comments available for this review","","",""
"M","India","Executive Double or Twin Room","2 nights ·","November 2022","Group","Reviewed: 3 November 2022","Good","There are no comments available for this review","","",""
"Anand","India","Club Double Room","1 night ·","July 2022","Family","Reviewed: 5 August 2022","Very good","There are no comments available for this review","","",""
"Naveen","India","Executive Double or Twin Room","1 night ·","March 2022","Group","Reviewed: 8 May 2022","Very good","There are no comments available for this review","","",""
"Sanghamitra","India","Executive Double or Twin Room","1 night ·","February 2022","Family","Reviewed: 12 February 2022","Very good","There are no comments available for this review","","",""
"Mayoogh","India","Executive Double or Twin Room","1 night ·","October 2021","Family","Reviewed: 16 October 2021","Very good","There are no comments available for this review","","",""
"Neha","India","Executive Double or Twin Room","1 night ·","August 2021","Family","Reviewed: 30 September 2021","Very good","There are no comments available for this review","","",""
"Diwakar","India","Executive Double or Twin Room","3 nights ·","August 2021","Solo traveller","Reviewed: 11 August 2021","Very good","There are no comments available for this review","","",""
"Sujith","India","Club Double Room","1 night ·","December 2023","Couple","Reviewed: 24 December 2023","Very good","There are no comments available for this review","","",""
"","","","","","","","","","","",""
"","","","","","","","","","","",""
"Saket","India","Club Double Room","1 night ·","June 2023","Family","Reviewed: 14 July 2023","Pleasant","There are no comments available for this review","","",""
"Waghela","India","Club Double Room","3 nights ·","July 2023","Family","Reviewed: 5 July 2023","Very good","There are no comments available for this review","","",""
"Ganesan","India","Executive Double or Twin Room","1 night ·","April 2023","Family","Reviewed: 1 May 2023","Very good","There are no comments available for this review","","",""
"Wilson","United Arab Emirates","Executive Double or Twin Room","1 night ·","March 2023","Group","Reviewed: 6 March 2023","Pleasant","There are no comments available for this review","","",""
"Manjunatha","India","Club Double Room","1 night ·","December 2022","Solo traveller","Reviewed: 12 February 2023","Very good","There are no comments available for this review","","",""
"Anandhan","United Arab Emirates","Executive Double or Twin Room","1 night ·","January 2023","Family","Reviewed: 12 January 2023","Very good","There are no comments available for this review","","",""
"Kaise","United Arab Emirates","Executive Double or Twin Room","2 nights ·","January 2023","Family","Reviewed: 8 January 2023","Good","There are no comments available for this review","","",""
"Chandrashekar","India","Executive Double or Twin Room","3 nights ·","November 2022","Solo traveller","Reviewed: 3 December 2022","Good","There are no comments available for this review","","",""
"Sapna","India","Club Double Room","2 nights ·","November 2022","Group","Reviewed: 9 November 2022","The property is situated in a nice location, well connected. Hotel is clean but needs maintenance.","There are no comments available for this review","","Hotel response:","Dear Ms.Sapna, Thank you for your wonderful comments..."
"John","Luxembourg","Executive Double or Twin Room","1 night ·","September 2022","Family","Reviewed: 5 November 2022","Good","There are no comments available for this review","","",""
"","","","","","","","","","","",""
"","","","","","","","","","","",""
"Monzu","Bangladesh","Executive Double or Twin Room","3 nights ·","November 2022","Couple","Reviewed: 3 November 2022","Pleasant","There are no comments available for this review","","",""
"Maor","Israel","Club Double Room","2 nights ·","October 2022","Solo traveller","Reviewed: 26 October 2022","Very good","There are no comments available for this review","","",""
"Saravanan","India","Executive Double or Twin Room","2 nights ·","October 2022","Family","Reviewed: 13 October 2022","Very good","There are no comments available for this review","","",""
"Rajivxyzz","India","Club Double Room","2 nights ·","June 2022","Family","Reviewed: 24 July 2022","Very good","There are no comments available for this review","","",""
"Vijay","India","Club Double Room","1 night ·","May 2022","Family","Reviewed: 18 July 2022","Very good","There are no comments available for this review","","",""
"Sanjay","India","Executive Double or Twin Room","1 night ·","June 2022","Family","Reviewed: 3 June 2022","Good","There are no comments available for this review","","",""
"Unnikrishnan","India","Club Double Room","1 night ·","May 2022","Family","Reviewed: 9 May 2022","Good","There are no comments available for this review","","",""
"Ankit","India","Club Double Room","5 nights ·","April 2022","Couple","Reviewed: 29 April 2022","Good","There are no comments available for this review","","",""
"Venkatesan","India","Club Double Room","1 night ·","March 2022","Family","Reviewed: 14 March 2022","Very good","There are no comments available for this review","","",""
"Ira","India","Club Double Room","3 nights ·","December 2021","Family","Reviewed: 15 January 2022","Good","There are no comments available for this review","","",""
"","","","","","","","","","","",""
"","","","","","","","","","","",""
"Sai","India","Executive Double or Twin Room","1 night ·","December 2021","Couple","Reviewed: 15 December 2021","Very good","There are no comments available for this review","","",""
"Rincy","India","Executive Double or Twin Room","1 night ·","December 2021","Couple","Reviewed: 11 December 2021","Very good","There are no comments available for this review","","",""
"Muneeb","Saudi Arabia","Club Double Room","1 night ·","October 2021","Family","Reviewed: 8 November 2021","Good","There are no comments available for this review","","",""
"Skanda","Singapore","Club Double Room","2 nights ·","November 2021","Family","Reviewed: 8 November 2021","Very good","There are no comments available for this review","","",""
"Sathyaprakash","India","Club Double Room","1 night ·","August 2022","Solo traveller","Reviewed: 9 August 2022","Good","There are no comments available for this review","","",""
"Sivakumar","Belgium","Club Double Room","1 night ·","February 2022","Solo traveller","Reviewed: 3 February 2022","Good","There are no comments available for this review","","",""
"Lokesh","India","Executive Double or Twin Room","1 night ·","June 2022","Solo traveller","Reviewed: 21 June 2022","Very good","There are no comments available for this review","","",""
"Abhishek","India","Executive Double or Twin Room","1 night ·","June 2022","Group","Reviewed: 4 June 2022","Very good","There are no comments available for this review","","",""
"Joji","India","Executive Double or Twin Room","4 nights ·","February 2024","Family","Reviewed: 31 March 2024","Superb","There are no comments available for this review","","",""
"Vrinda","India","Club Double Room","1 night ·","March 2024","Group","Reviewed: 22 March 2024","Exceptional","There are no comments available for this review","","",""
"","","","","","","","","","","",""
"","","","","","","","","","","",""
"Pergas","Malaysia","Executive Double or Twin Room","1 night ·","September 2023","Group","Reviewed: 7 October 2023","Exceptional","There are no comments available for this review","","",""
"Rajesh","India","Club Double Room","2 nights ·","August 2023","Solo traveller","Reviewed: 22 September 2023","Superb","There are no comments available for this review","","",""
"Thunaivendhan","India","Executive Double or Twin Room","1 night ·","August 2023","Group","Reviewed: 20 September 2023","Superb","There are no comments available for this review","","",""
"Nanise","United Kingdom","Club Double Room","5 nights ·","June 2023","Group","Reviewed: 11 August 2023","Superb","There are no comments available for this review","","",""
"Gurmeet","India","Club Double Room","3 nights ·","July 2023","Solo traveller","Reviewed: 10 July 2023","Exceptional","There are no comments available for this review","","",""
"Ahmed","United Arab Emirates","Club Double Room","18 nights ·","December 2022","Solo traveller","Reviewed: 29 December 2022","Exceptional","There are no comments available for this review","","",""
"Arun","India","Club Double Room","1 night ·","November 2022","Family","Reviewed: 13 November 2022","Superb","There are no comments available for this review","","",""
"Sergei","India","Executive Double or Twin Room","14 nights ·","October 2022","Solo traveller","Reviewed: 26 October 2022","Exceptional","There are no comments available for this review","","",""
"Abdulla","India","Club Double Room","1 night ·","October 2022","Solo traveller","Reviewed: 7 October 2022","Superb","There are no comments available for this review","","",""
"Alphy","India","Executive Double or Twin Room","1 night ·","August 2022","Family","Reviewed: 15 September 2022","Superb","There are no comments available for this review","","",""
"","","","","","","","","","","",""
"","","","","","","","","","","",""
"Bhaskaran","India","Club Double Room","2 nights ·","September 2022","Couple","Reviewed: 12 September 2022","Exceptional","There are no comments available for this review","","",""
"Ck","India","Executive Double or Twin Room","1 night ·","September 2022","Solo traveller","Reviewed: 12 September 2022","Exceptional","There are no comments available for this review","","",""
"Muthiah-nakarajan","India","Executive Double or Twin Room","1 night ·","August 2022","Solo traveller","Reviewed: 15 August 2022","Exceptional","There are no comments available for this review","","",""
"Vasudev","India","Executive Double or Twin Room","2 nights ·","August 2022","Solo traveller","Reviewed: 13 August 2022","Exceptional","There are no comments available for this review","","",""
"Harish","Germany","Executive Double or Twin Room","2 nights ·","July 2022","Family","Reviewed: 15 July 2022","Superb","There are no comments available for this review","","",""
"Padmanaba","India","Club Double Room","1 night ·","July 2022","Family","Reviewed: 9 July 2022","Superb","There are no comments available for this review","","",""
"Padmanaba","India","Executive Double or Twin Room","6 nights ·","July 2022","Family","Reviewed: 9 July 2022","Superb","There are no comments available for this review","","",""
"Malar","United Kingdom","Executive Double or Twin Room","1 night ·","April 2022","Group","Reviewed: 28 April 2022","Superb","There are no comments available for this review","","",""
"Muhammed","India","Club Double Room","2 nights ·","April 2022","Group","Reviewed: 25 April 2022","Exceptional","There are no comments available for this review","","",""
"Sivasubramanian","India","Club Double Room","3 nights ·","April 2022","Family","Reviewed: 17 April 2022","Superb","There are no comments available for this review","","",""
"","","","","","","","","","","",""
"","","","","","","","","","","",""