"a3332d346a","afac1f68d9","abf093bdfe","abf093bdfe 2","abf093bdfe 3","abf093bdfe 4","abf093bdfe 5","f6431b446c","a53cbfa6de","a3332d346a 2","a53cbfa6de 2","a53cbfa6de 3"
"Amith","India","Executive Double or Twin Room","1 night ·","August 2023","Family","Reviewed: 15 August 2023","Exceptional","Very nice hotel. Kind and attentive staff","Hotel response:","Dear Guest,

Thanks for your review and we ensure to give...",""
"Sraavan","India","Executive Double or Twin Room","1 night ·","July 2022","Solo traveller","Reviewed: 14 July 2022","nice stay","location and cleanliness","Hotel response:","Dear Guest,
Greetings from La Woods Hotel &...","all good"
"D","India","Executive Double or Twin Room","1 night ·","July 2022","Solo traveller","Reviewed: 12 July 2022","Very good","The ambience","Hotel response:","Dear Guest,
Greetings from La Woods Hotel &...","When someone cross or pass through ur room u can hear there voice easily and very loudly which was distracting me and disturbing my private time"
"Dash","India","Executive Double or Twin Room","3 nights ·","January 2024","Couple","Reviewed: 4 February 2024","Nice if internet connection is not a concern","Breakfast was good . So was dinner and lunch","","","WiFi was extremely slow and was getting frequently disconnected."
"John","India","Executive Double or Twin Room","2 nights ·","February 2024","Family","Reviewed: 2 February 2024","Excellent Budget Stay","The staff were very courteous and the rooms were very clean","","","Breakfast Menu was limited"
"Benedict","India","Executive Double or Twin Room","4 nights ·","November 2023","Family","Reviewed: 1 December 2023","Very good","Staff good
Food and room service fine.","Hotel response:","Dear Guest,
Kindly accept our sincere apologies for your...","Main door needed scraping.
Glass door of the bathroom was missing.
On two days no hand towel. Asked twice"
"Miguel","Ireland","Executive Double or Twin Room","4 nights ·","October 2023","Solo traveller","Reviewed: 26 November 2023","Ok for the price","It was ok for the money you pay","Hotel response:","Dear Guest,
Kindly accept our sincere apologies for your...","Staff didn’t have great English but it’s manageable"
"Saurav","India","Executive Double or Twin Room","2 nights ·","November 2023","Family","Reviewed: 13 November 2023","Good","Cook was a bit novice,served half baked rotis.Room service was very late responsive,after number of reminders only they responded.","Hotel response:","Dear Guest,
Kindly accept our sincere apologies for your...",""
"Rasheed","Saudi Arabia","Executive Double or Twin Room","1 night ·","November 2023","Couple","Reviewed: 2 November 2023","Very good","Good","Hotel response:","Dear Guest,

Thank you for the feedback and looking...",""
"Fiona","Canada","Executive Double or Twin Room","1 night ·","September 2023","Solo traveller","Reviewed: 15 September 2023","Walking distance to two malls. Front desk called me at 9:30am, waking me up, asking when I was going to check out that d","Loved that the property is close to the two malls Express Avenue and Spencer Plaza.","","","Front desk called me at 9:30am, waking me up, asking when I was going to check out that day. Check out time isn’t until 12 noon, don’t wake a guest while they are sleeping. Also, the lady at the front desk tried to give me the wrong change when I paid in cash. 

The safety deposit box didn’t work, the fridge was broken and multiple lights were burnt out."
"Aaswan","India","Executive Double or Twin Room","1 night ·","April 2023","Couple","Reviewed: 4 May 2023","Clean Rooms and Good Location near to LIC Metro","1. Location
2. Staff behavior
3. Clean Room and Washroom","Hotel response:","Dear Guest,
Thank you for chosen us to serve you during...","1. Dinner timings should be extended till 10:30PM  as city's weather gets good in evening to roam around and it gets late.
2. There should be a fan to circulate centralized ACs air in the room."
"Deepika","India","Executive Double or Twin Room","1 night ·","February 2023","Family","Reviewed: 24 February 2023","Very good","Not much staff to support promptly 
Not professional staff
Front side of the hotel was under maintenance","Hotel response:","Dear Guest,
Thank you for spared your valuable time and...",""
"Challapan","India","Executive Double or Twin Room","1 night ·","February 2023","Solo traveller","Reviewed: 5 February 2023","Good","Location","Hotel response:","Dear Guest,
Thank You for spared your valuable time to...",""
"Saroja","Malaysia","Executive Double or Twin Room","1 night ·","January 2023","Family","Reviewed: 20 January 2023","Bathroom","Breakfast okay
Bt limited by the time i went for breakfast.. fruits n some item finished.","Hotel response:","Dear Guest,
Thank You for spared your valuable time to...","Should concentrate on your toilet bowl cleaniness and also bathroom...
Bathroom light should be more bright.."
"Das","India","Executive Double or Twin Room","2 nights ·","October 2022","Family","Reviewed: 19 December 2022","Very good","very nice","Hotel response:","Dear Guest,
Thank you for shared your feed back and we...","Service should be improve little"
"Nishant","India","Executive Double or Twin Room","1 night ·","December 2022","Group","Reviewed: 4 December 2022","Good","a good property in heart of the city with a good budget. stay is comfortable and rooms were clean.","Hotel response:","Dear Guest, Thank you for spared your valuable time to...","rooms are small enough causes nautia"
"Murugesh","India","Executive Double or Twin Room","1 night ·","August 2022","Solo traveller","Reviewed: 30 August 2022","it was decent","Location was good . Staff were courteous arranged for late dinner and they extended my checkout by 2hrs.","Hotel response:","Dear Mr. Murugesh, 

Thank you for the given valuable...","Cockroaches in the bathroom , some treatment is required . Bathroom door was stuck, since i was alone it didn't matter. The hotel doesn't look much from outside it's inside a small road so first impression might be bad but it is decent. Hope Rs500-750 could be reduced so that it becomes a killer deal"
"Bandikalla","India","Executive Double or Twin Room","1 night ·","August 2022","Family","Reviewed: 9 August 2022","Decent stay with good options for business people.","It's was decent overall. The items in the breakfast was over by 9.30AM and refilling wasn't done where we had to go for the alternatives.","Hotel response:","Dear Guest,
We are sorry  for the inconvenience you were...","The leftover plates from the other rooms with beer bottles weren't cleared from the passway/lobby entrance. It was smelling odd while entering the rooms."
"Nair","India","Executive Double or Twin Room","1 night ·","August 2022","Solo traveller","Reviewed: 7 August 2022","big good clean rooms","centrally located. maintained well","Hotel response:","Dear Guest, Thank you for your Feedback. Looking forward...","reception arena is small abd crammed"
"Yesubabu","India","Executive Double or Twin Room","1 night ·","July 2022","Family","Reviewed: 15 July 2022","Good","The quality of Breakfast should be improved. Its a bit unsatisfactory. Apart that the staff response was very good.","Hotel response:","Dear Guest,
Greetings from La Woods Hotel &...",""
"","","","","","","","","","","",""
"","","","","","","","","","","",""
"Abdul","India","Executive Double or Twin Room","1 night ·","June 2022","Solo traveller","Reviewed: 25 June 2022","A pleasant stay overall","Clean rooms
good location 
day shift staff at reception were excellent 
comfortable stay","","","In room dining was Hopeless especially the person at reception in night shift who always forgets what is ordered and after 10 am and 10 pm the Restaurant and kitchen is closed is the answer."
"Brijesh","India","Executive Double or Twin Room","2 nights ·","June 2022","Solo traveller","Reviewed: 24 June 2022","They need good and experienced staff for better services and coordination.","Cleanliness and Location only. Food Just OK kind.","Hotel response:","Dear Guest,
Thank you for the patience  and taken your...","Poor Kitchen service. Lack of staff and coordination, inexperienced staff. Toiletries on demand, usually complimentary, NO complimentary Mineral water in the Rooms, , Bottles were on charge. Beverages on higher cost than the MRP."
"Dhanraj","India","Executive Double or Twin Room","1 night ·","October 2023","Family","Reviewed: 31 October 2023","Value for money","The location was convenient for us. Breakfast was good","Hotel response:","Dear Guest,
Thank you for the valid feedback and the same...","The room had no windows"
"Sunita","India","Executive Double or Twin Room","2 nights ·","February 2023","Solo traveller","Reviewed: 17 February 2023","Not worth the cost.","Location is very good. Walking distance from a metro station","Hotel response:","Dear Guest, Thank you for the time you have spared and...","The room had zero natural light. There were no bolts on the door for security and could easily be opened from outside. The toilet bowl was not clean."
"Manivannan","India","Executive Double or Twin Room","3 nights ·","December 2022","Family","Reviewed: 17 December 2022","okay","location food","Hotel response:","Dear Sir,
Thank you for your valuable feedback and it...","room service"
"Jeanpierre","France","Executive Double or Twin Room","2 nights ·","January 2024","Couple","Reviewed: 18 January 2024","A very good place to stay in","Quite classy. It's worth paying a little extra and having breakfast included .it's very generous.","Hotel response:","Dear Guest,

Thanks for spare your time to share the...","Nothing to say"
"Sunil","United States","Executive Double or Twin Room","2 nights ·","May 2023","Couple","Reviewed: 4 June 2023","wonderful staff is very nice","Breakfast was really good","Hotel response:","Dear Guest,

Thank you for the time you have spared and...","AC of the room . took long  time to cool down . Every time we came  to room we have wait long for room to get cool"
"Wolf","India","Executive Double or Twin Room","1 night ·","April 2023","Family","Reviewed: 14 April 2023","Superb","The staff was nice , had good service and overall a comfy stay","Hotel response:","Dear Guest,

Thank you for the time you have spared to...",""
"Alice","United Kingdom","Executive Double or Twin Room","2 nights ·","January 2023","Group","Reviewed: 5 January 2023","clean, comfortable and safe.","Comfortable and very well organised, with a nice dining room.","Hotel response:","Dear Guest,
Thanks for your valuable feedback and the...","poor Wi-Fi reception."
"Devna","India","Executive Double or Twin Room","1 night ·","July 2022","Family","Reviewed: 12 July 2022","Best stay with the best hospitality received by them.","The staff, the rooms, the quality of food.","Hotel response:","Dear Guest,
Greetings from La Woods Hotel &...","a delay in dinner served to us."
"","","","","","","","","","","",""
"","","","","","","","","","","",""
"Munusamy","India","Executive Double or Twin Room","1 night ·","June 2023","Family","Reviewed: 27 June 2023","Need more on your rooms floor ,I can feel like sand and soil,maybe it's not mob with clean mob","My tv was not working","Hotel response:","Dear Guest,

Thank you for the time you have spared and...","Toilet floor and wall are still not clean"
"Subrata","India","Executive Double or Twin Room","2 nights ·","March 2023","Family","Reviewed: 17 March 2023","Superb","Value for money","Hotel response:","Dear Guest,
Greetings from La Woods Hotel &...","Under construction"
"Stanhope","India","Executive Double or Twin Room","5 nights ·","February 2023","Couple","Reviewed: 10 February 2023","Good stay.","Breakfast was good and they give you also how you want the eggs done.","Hotel response:","Dear Guest,
Thank You for spared your valuable time to...","They are in the process of upgrading their staff."
"Stanhope","India","Executive Double or Twin Room","5 nights ·","February 2023","Couple","Reviewed: 6 February 2023","Superb","Breakfast was good. The hotel is undergoing a lot of staff changes , which are not yet done. Hence my above teview.","Hotel response:","Dear Guest,
Thank You for spared your valuable time to...",""
"Poneandee","Mauritius","Executive Double or Twin Room","7 nights ·","July 2022","Couple","Reviewed: 25 July 2022","Value for money and well situated","Bed was comfortable and the food was tasty.","","","No balcony.
We can't open the windows.
The safe was not working."
"Evashnee","South Africa","Executive Double or Twin Room","6 nights ·","January 2024","Family","Reviewed: 11 January 2024","Convenient location but uncomfortable stay.","The property is extremely conveniently situated near the EA Mall and is also accessible to other parts of Chennai. 

The staff like the Managers, go out of their way to ensure you are comfortable.","Hotel response:","Dear Guest,

Thanks for spared your priceless time to...","Due to the recent floods n ongoing rain, the smell of damp pervaded the entire hotel, especially in the hotel room and bathroom which made the stay quite uncomfortable. This also led to a massive breeding of mosquitos. Housekeeping was initially a severe challenge until I complained to the front desk."
"Sai","India","Executive Double or Twin Room","2 nights ·","May 2023","Family","Reviewed: 11 May 2023","Poor","Location is near to Chepauk","Hotel response:","Dear Guest,

Thank you for the time you have spared and...","No bath tub, no wifi, restaurant food is not up to the mark"
"Charles","Germany","Executive Double or Twin Room","1 night ·","February 2023","Couple","Reviewed: 20 February 2023","Passable","The hotel photos in the booking.com and the one in real are totally different. the front view and the hotel in real does not match and the hotel is still under construction.","Hotel response:","Dear Guest, Thank you for the time you have spared and...",""
"Hafiz","India","Executive Double or Twin Room","1 night ·","January 2023","Couple","Reviewed: 30 January 2023","all good only price matters","better one","Hotel response:","Dear Guest,
Thank You for spared your valuable time to...","price issue price is higher"
"Siddarth","India","Executive Double or Twin Room","1 night ·","July 2022","Solo traveller","Reviewed: 3 August 2022","Disappointing","AC in the room was not working","Hotel response:","Dear Guest,
Thank you for your feedback and the same will...",""
"","","","","","","","","","","",""
"","","","","","","","","","","",""
"Sasima","Thailand","Executive Double or Twin Room","7 nights ·","March 2024","Solo traveller","Reviewed: 16 March 2024","old room but good location","good location , walk distance to EA  , nice staff service","Hotel response:","Dear Guest, Thank you for sparing your time to share the...","noise pollution from neighborhood , not nice view , breakfast not variety and same everyday , room is old"
"Vass","Malaysia","Executive Double or Twin Room","3 nights ·","March 2024","Family","Reviewed: 4 March 2024","Bad","The breakfast was decent and nice","Hotel response:","Dear Guest, 

Thank you for sparing your time to share...","Filthy. Pictures are not same as real time. Bathrooms very dirty. Rooms very smelly. Distance mentioned to T nagar is not right. Rooms very small. Its a deadly budget stay. 

My whole body is still itchy. Definitely some dust mites."
"Fiona","Canada","Executive Double or Twin Room","1 night ·","September 2023","Solo traveller","Reviewed: 2 October 2023","If you're paying in cash, make sure to double check the change given.","I liked the location of the hotel. It was close to two different malls, Express Avenue and Spencer Plaza. The breakfast is pretty standard, and doesn't change much from day to day.","","","When I checked in, the front desk attendant tried to give me the wrong change. Double check your math, because this woman was convinced that she was correct. 
The front desk called me at 9:30am, woke me from sleep, to ask what time I would be checking out that day. It was so disrespectful. If I'm not late to check out, why would you wake me?"
"Dayalan","South Africa","Executive Double or Twin Room","4 nights ·","March 2023","Solo traveller","Reviewed: 25 March 2023","Rather spend more money and get a descent hotel","The breakfast was limited and fruit looked old. They did not offer chai tea, nor did they make the masala dorsa well. Breakfast was not worth it, rather go to the mall close by and get food.","Hotel response:","Dear Guest,
Greetings from La Woods Hotel &...","There was an awful smell from the drains in the bathroom, which cause me to vomit a lot. The air-conditioning was putting out dusty air, the filter was not changed. The bathroom was not cleaned properly, the toilet was dirty. The towels smelled bad and the room was dark and not welcoming. I could not open windows cause of construction work and also the place is on a busy street so very dangerous for crossing."
"Vishnu","India","Executive Double or Twin Room","2 nights ·","January 2023","Family","Reviewed: 29 January 2023","Poor","Staff behavior is ok and room was clean","","","AC was not working, made compliant many times... Finally room changed to other which was small room. Also there was no water in the morning before i make complaint restored water. Two bed put together, my daughter leg went inside the gap."
"Anonymous","Mexico","Executive Double or Twin Room","2 nights ·","July 2022","Solo traveller","Reviewed: 15 July 2022","Very good","The staff is very kind and helpfull","Hotel response:","Dear Guest,
Greetings from La Woods Hotel &...","The hotel is conveniently well located however the street where it is, is not nice at all. Some services like the massage were not yet available after the lockdown"
"Marcella","Italy","Executive Double or Twin Room","3 nights ·","March 2024","Couple","Reviewed: 27 March 2024","Città caotica, ma con l applicazione di Uber ci si sposta facilmente e spendendo il giusto .","Camera spaziosa e pulita, fanno tt i giorni il letto e cambiano gli asciugamani. Colazione a buffet molto buona e ricca di cibo indiano.","","",""
"Ashokkoemar","Netherlands","Executive Double or Twin Room","2 nights ·","March 2024","Couple","Reviewed: 19 March 2024","8","Eten was prima geregeld en het personeel was aardig en vriendelijk en ook behulpzaam.","","","Wc pot viel tegen, was heel laag"
"Ashokkoemar","Netherlands","Executive Double or Twin Room","2 nights ·","March 2024","Family","Reviewed: 19 March 2024","Very good","Aardig personeel
Eten was heerlijk","","",""
"Nathalie","France","Executive Double or Twin Room","1 night ·","November 2023","Couple","Reviewed: 17 November 2023","Bien","Emplacement 
Petit déjeuner","Hotel response:","Dear Guest,
Kindly accept our sincere apologies for your...","Bruit"
"","","","","","","","","","","",""
"","","","","","","","","","","",""
"Kayatridévy","India","Executive Double or Twin Room","2 nights ·","August 2023","Couple","Reviewed: 16 August 2023","Je ne reviendrai pas car la qualité n'est plus au rendez-vous pour le prix on peut trouver mieux","Mon hôtel habituel quand je séjourne à Chennai, car il est bien situé","Hotel response:","Dear Guest,
Thank you for being considered and given the...","Le service s'est drôlement dégradé, vous n'aurez pas grand chose si vous désiriez dîner sur place, même pas un plat de noodels, car trop long à faire !!! et le petit déjeuner n'est pas aussi fourni qu'avant, si vous arrivez à 9h30 vous n'aurez pas grand chose"
"Andreas","Germany","Executive Double or Twin Room","4 nights ·","April 2023","Solo traveller","Reviewed: 4 April 2023","Lösungsorientierte Mitarbeiter in einem sehr gemütlichen Hotel","gemütlich
Personal auf Zack
Lage nahe Metro","Hotel response:","Dear Guest,
Thank you for the time you have spent to...","zentrale Klimaanlage (allerdings ist das natürlich effizienter)"
"Ines","Germany","Executive Double or Twin Room","2 nights ·","February 2023","Family","Reviewed: 25 February 2023","Mit Chennai als Anfangs-, Zwischen- und Endstation unser Reise war das La Woods unser Ankerpunkt.","Gute Lage in einer belebten Gegend, wenige Gehminuten zur Metro und zur Shopping-Mall mit einer Vielfalt von Geschäften und wirklich gutem Café, durch die Metro sehr gute Anbindung zum Airport. Guter Service insgesamt.
Das Personal war sehr freundlich und immer bemüht zu helfen. Wir durften sogar unser überschüssiges Gepäck im Hotel unterstellen, als wir eine Woche lang in Bengalore verbracht haben.","Hotel response:","Dear Guest,
Thank you for the time you have spared and...","Die Sauberkeit könnte verbessert werden. Eine Checkliste für den Zimmerservice würde helfen. Alles in allem aber ok."
"Radjkoemar","Netherlands","Executive Double or Twin Room","2 nights ·","March 2024","Couple","Reviewed: 19 March 2024","Superb","Hotel is op loopafstand van een grote Mall.Personeel was vriendelijk. Ontbijt veel keuzes. Bar aanwezig.","Hotel response:","Dear Guest, Thank you for the feedback and looking...","Niks"
"Radjkoemar","Netherlands","Executive Double or Twin Room","2 nights ·","March 2024","Couple","Reviewed: 19 March 2024","Superb","Ontbijt was goed. Personeel was aardig.Met name veel dank aan Mandju van de receptie die ons heeft geholpen met  uitstippelen van de bezienswaardigheden.","Hotel response:","Dear Guest, Thank you for the feedback and looking...","Niks"
"Bruno","France","Executive Double or Twin Room","3 nights ·","January 2024","Group","Reviewed: 6 February 2024","Un très bon rapport qualité - prix","Très bon standing","","","Chambre sans fenêtre"
"Anonymous","Sri Lanka","Executive Double or Twin Room","3 nights ·","April 2023","Couple","Reviewed: 22 May 2023","неплохой отель","удобное местоположение рядом с торговым центром, вкусный завтрак, можно неженатым парам, неидеальная чистота, но приемлемо, хороший кондиционер","Hotel response:","Dear Guest,

Thank you for the time you have spared and...","слабый сигнал вай фай, предоставили роутер который можно было носить с собой, но часто забирали, приходилось сидеть на первом этаже на вай фай или в середине коридора"
"Matt","Australia","Executive Double or Twin Room","2 nights ·","November 2023","Couple","Reviewed: 20 November 2023","Very good","There are no comments available for this review","","",""
"Ram","Bangladesh","Executive Double or Twin Room","4 nights ·","August 2023","Solo traveller","Reviewed: 10 August 2023","Very good","There are no comments available for this review","","",""
"Gopikrishnan","India","Executive Double or Twin Room","1 night ·","July 2023","Family","Reviewed: 5 July 2023","Very good","There are no comments available for this review","","",""
"","","","","","","","","","","",""
"","","","","","","","","","","",""
"Srilakshmi","India","Executive Double or Twin Room","1 night ·","April 2023","Group","Reviewed: 15 May 2023","Very good","There are no comments available for this review","","",""
"Jessinee","Mauritius","Executive Double or Twin Room","3 nights ·","December 2022","Family","Reviewed: 14 December 2022","Very good","There are no comments available for this review","","",""
"Varun","United States","Executive Double or Twin Room","3 nights ·","October 2022","Solo traveller","Reviewed: 13 November 2022","Pleasant","There are no comments available for this review","","",""
"Milton","Germany","Executive Double or Twin Room","2 nights ·","October 2022","Family","Reviewed: 7 October 2022","Good","There are no comments available for this review","","",""
"Amrita","India","Executive Double or Twin Room","1 night ·","July 2022","Couple","Reviewed: 22 July 2022","Very good","There are no comments available for this review","","",""
"Naveen","India","Executive Double or Twin Room","1 night ·","July 2022","Couple","Reviewed: 18 July 2022","Very good","There are no comments available for this review","","",""
"Mohamed","United Arab Emirates","Executive Double or Twin Room","1 night ·","July 2022","Solo traveller","Reviewed: 14 July 2022","Good","There are no comments available for this review","","",""
"Shahi","India","Executive Double or Twin Room","1 night ·","June 2022","Couple","Reviewed: 16 June 2022","Good","There are no comments available for this review","","",""
"J","India","Executive Double or Twin Room","4 nights ·","January 2024","Family","Reviewed: 21 February 2024","Very good","There are no comments available for this review","","",""
"Sridevi","India","Executive Double or Twin Room","1 night ·","January 2024","Family","Reviewed: 12 February 2024","Good","There are no comments available for this review","","",""
"","","","","","","","","","","",""
"","","","","","","","","","","",""
"Khandelwal","United States","Executive Double or Twin Room","2 nights ·","November 2023","Family","Reviewed: 20 November 2023","Pleasant","There are no comments available for this review","","",""
"Dinesh","India","Executive Double or Twin Room","1 night ·","October 2023","Solo traveller","Reviewed: 17 October 2023","Pleasant","There are no comments available for this review","","",""
"Sivapathasundaram","India","Executive Double or Twin Room","4 nights ·","September 2023","Solo traveller","Reviewed: 16 October 2023","Very good","There are no comments available for this review","","",""
"Praveen","India","Executive Double or Twin Room","1 night ·","September 2023","Couple","Reviewed: 18 September 2023","Good","There are no comments available for this review","","",""
"Bidu","India","Executive Double or Twin Room","1 night ·","June 2023","Solo traveller","Reviewed: 18 July 2023","Very good","There are no comments available for this review","","",""
"Raja","India","Executive Double or Twin Room","1 night ·","July 2023","Family","Reviewed: 9 July 2023","Good","There are no comments available for this review","","",""
"Lourdu","India","Executive Double or Twin Room","2 nights ·","April 2023","Group","Reviewed: 7 May 2023","Pleasant","There are no comments available for this review","","",""
"Methvani","India","Executive Double or Twin Room","1 night ·","May 2023","Solo traveller","Reviewed: 6 May 2023","Very good","There are no comments available for this review","","",""
"Vishnu","India","Executive Double or Twin Room","1 night ·","March 2023","Couple","Reviewed: 26 March 2023","Very good","There are no comments available for this review","","",""
"Aravind","India","Executive Double or Twin Room","1 night ·","March 2023","Solo traveller","Reviewed: 18 March 2023","Pleasant","There are no comments available for this review","","",""
"","","","","","","","","","","",""
"","","","","","","","","","","",""
"Eshpreet","India","Executive Double or Twin Room","2 nights ·","February 2023","Family","Reviewed: 1 March 2023","Very good","There are no comments available for this review","","",""
"Eshpreet","India","Executive Double or Twin Room","1 night ·","March 2023","Family","Reviewed: 1 March 2023","Very good","There are no comments available for this review","","",""
"Vetri","India","Executive Double or Twin Room","1 night ·","February 2023","Solo traveller","Reviewed: 25 February 2023","Very good","There are no comments available for this review","","",""
"Raghavendra","India","Executive Double or Twin Room","1 night ·","February 2023","Family","Reviewed: 18 February 2023","Very good","There are no comments available for this review","","",""
"Saravan","India","Executive Double or Twin Room","2 nights ·","February 2023","Family","Reviewed: 15 February 2023","Very good","There are no comments available for this review","","",""
"Narendra","India","Executive Double or Twin Room","4 nights ·","January 2023","Family","Reviewed: 29 January 2023","Pleasant","There are no comments available for this review","","",""
"Sudeep","Sri Lanka","Executive Double or Twin Room","3 nights ·","December 2022","Solo traveller","Reviewed: 20 December 2022","Good","There are no comments available for this review","","",""
"Nishanth","India","Executive Double or Twin Room","1 night ·","November 2022","Couple","Reviewed: 14 November 2022","Good","There are no comments available for this review","","",""
"Sayali","India","Executive Double or Twin Room","1 night ·","October 2022","Couple","Reviewed: 31 October 2022","Very good","There are no comments available for this review","","",""
"Sandeep","India","Executive Double or Twin Room","1 night ·","August 2022","Solo traveller","Reviewed: 6 October 2022","Good","There are no comments available for this review","","",""
"","","","","","","","","","","",""
"","","","","","","","","","","",""
"Anjanesh","India","Executive Double or Twin Room","1 night ·","September 2022","Family","Reviewed: 26 September 2022","Very good","There are no comments available for this review","","",""
"Ameenur","Germany","Executive Double or Twin Room","1 night ·","August 2022","Solo traveller","Reviewed: 28 August 2022","Good","There are no comments available for this review","","",""
"Abdul","India","Executive Double or Twin Room","1 night ·","August 2022","Solo traveller","Reviewed: 23 August 2022","Good","There are no comments available for this review","","",""
"Chirag","India","Executive Double or Twin Room","2 nights ·","July 2022","Group","Reviewed: 31 July 2022","Good","There are no comments available for this review","","",""
"Gomathynayagam","India","Executive Double or Twin Room","1 night ·","July 2022","Family","Reviewed: 26 July 2022","Good","There are no comments available for this review","","",""
"Arun","India","Executive Double or Twin Room","2 nights ·","June 2022","Couple","Reviewed: 26 June 2022","Good","There are no comments available for this review","","",""
"Vinay","India","Executive Double or Twin Room","2 nights ·","January 2024","Couple","Reviewed: 29 January 2024","Pleasant","There are no comments available for this review","","",""
"Prakash","India","Executive Double or Twin Room","1 night ·","November 2023","Family","Reviewed: 26 November 2023","Good","There are no comments available for this review","","",""
"Galib","Bangladesh","Executive Double or Twin Room","7 nights ·","July 2023","Family","Reviewed: 8 July 2023","Pleasant","There are no comments available for this review","","",""
"Sunny","India","Executive Double or Twin Room","2 nights ·","December 2022","Family","Reviewed: 26 December 2022","Good","There are no comments available for this review","","",""
"","","","","","","","","","","",""
"","","","","","","","","","","",""
"Supriya","India","Executive Double or Twin Room","3 nights ·","July 2022","Couple","Reviewed: 26 July 2022","Pleasant","There are no comments available for this review","","",""
"Sunit","India","Executive Double or Twin Room","1 night ·","March 2024","Solo traveller","Reviewed: 3 April 2024","Superb","There are no comments available for this review","","",""
"Krishna","India","Executive Double or Twin Room","3 nights ·","January 2024","Family","Reviewed: 23 January 2024","Superb","There are no comments available for this review","","",""
"Boopalan","India","Executive Double or Twin Room","2 nights ·","October 2023","Family","Reviewed: 15 October 2023","Superb","There are no comments available for this review","","",""
"Rathore","India","Executive Double or Twin Room","3 nights ·","September 2023","Family","Reviewed: 9 September 2023","Superb","There are no comments available for this review","","",""
"Deepak","India","Executive Double or Twin Room","1 night ·","September 2023","Group","Reviewed: 6 September 2023","Superb","There are no comments available for this review","","",""
"Mohamed","Sri Lanka","Executive Double or Twin Room","7 nights ·","August 2023","Family","Reviewed: 25 August 2023","Superb","There are no comments available for this review","","",""
"Subrata","India","Executive Double or Twin Room","1 night ·","August 2023","Solo traveller","Reviewed: 4 August 2023","Superb","There are no comments available for this review","","",""
"Daramarajah","Malaysia","Executive Double or Twin Room","3 nights ·","July 2023","Group","Reviewed: 26 July 2023","Exceptional","There are no comments available for this review","","",""
"Fazal","Sweden","Executive Double or Twin Room","1 night ·","April 2023","Couple","Reviewed: 3 May 2023","Exceptional","There are no comments available for this review","","",""
"","","","","","","","","","","",""
"","","","","","","","","","","",""
"Guruteja","India","Executive Double or Twin Room","2 nights ·","March 2023","Family","Reviewed: 31 March 2023","Superb","There are no comments available for this review","","",""
"Maran","Canada","Executive Double or Twin Room","1 night ·","March 2023","Family","Reviewed: 15 March 2023","Exceptional","There are no comments available for this review","","",""
"Александр","Russia","Executive Double or Twin Room","1 night ·","December 2022","Couple","Reviewed: 29 December 2022","Exceptional","There are no comments available for this review","","",""
"Siva","India","Executive Double or Twin Room","1 night ·","November 2022","Couple","Reviewed: 23 December 2022","Exceptional","There are no comments available for this review","","",""
"Ganesh","Singapore","Executive Double or Twin Room","1 night ·","December 2022","Solo traveller","Reviewed: 16 December 2022","Superb","There are no comments available for this review","","",""
"Yogesh","India","Executive Double or Twin Room","1 night ·","October 2022","Couple","Reviewed: 28 October 2022","Exceptional","There are no comments available for this review","","",""
"Suresh","India","Executive Double or Twin Room","1 night ·","October 2022","Family","Reviewed: 21 October 2022","Exceptional","There are no comments available for this review","","",""
"Naik","India","Executive Double or Twin Room","1 night ·","August 2022","Family","Reviewed: 21 October 2022","Exceptional","There are no comments available for this review","","",""
"Thomas","India","Executive Double or Twin Room","2 nights ·","October 2022","Family","Reviewed: 14 October 2022","Exceptional","There are no comments available for this review","","",""
"Mukto","Bangladesh","Executive Double or Twin Room","2 nights ·","July 2022","Family","Reviewed: 16 July 2022","Exceptional","There are no comments available for this review","","",""
"","","","","","","","","","","",""
"","","","","","","","","","","",""
"Sindhura","India","Executive Double or Twin Room","1 night ·","July 2022","Family","Reviewed: 15 July 2022","Superb","There are no comments available for this review","","",""
"Prabhu","India","Executive Double or Twin Room","1 night ·","June 2022","Solo traveller","Reviewed: 29 June 2022","Superb","There are no comments available for this review","","",""
"Amith","India","Executive Double or Twin Room","1 night ·","June 2022","Family","Reviewed: 27 June 2022","Exceptional","There are no comments available for this review","","",""
"Naik","India","Executive Double or Twin Room","1 night ·","June 2022","Family","Reviewed: 23 June 2022","Exceptional","There are no comments available for this review","","",""
"John","United States","Executive Double or Twin Room","2 nights ·","July 2023","Couple","Reviewed: 12 July 2023","Disappointing","There are no comments available for this review","","",""
"Subrata","India","Executive Double or Twin Room","1 night ·","May 2023","Solo traveller","Reviewed: 7 June 2023","Superb","There are no comments available for this review","","",""
"Priya","India","Executive Double or Twin Room","2 nights ·","May 2023","Family","Reviewed: 23 May 2023","Superb","There are no comments available for this review","","",""
"Manjula","India","Executive Double or Twin Room","1 night ·","February 2023","Couple","Reviewed: 30 March 2023","Superb","There are no comments available for this review","","",""
"Manoj","India","Executive Double or Twin Room","1 night ·","January 2023","Couple","Reviewed: 23 January 2023","Passable","There are no comments available for this review","","",""
"Joost","India","Executive Double or Twin Room","2 nights ·","December 2022","Couple","Reviewed: 21 December 2022","Superb","There are no comments available for this review","","",""
"","","","","","","","","","","",""
"","","","","","","","","","","",""
"Shamini","Malaysia","Executive Double or Twin Room","1 night ·","August 2022","Family","Reviewed: 30 October 2022","Superb","There are no comments available for this review","","",""
"Cyami2020","India","Executive Double or Twin Room","1 night ·","July 2022","Family","Reviewed: 1 October 2022","Superb","There are no comments available for this review","","",""
"Sumanth","India","Executive Double or Twin Room","1 night ·","August 2022","Solo traveller","Reviewed: 28 August 2022","Superb","There are no comments available for this review","","",""
"Kovvuri","India","Executive Double or Twin Room","2 nights ·","July 2022","Family","Reviewed: 29 July 2022","Passable","There are no comments available for this review","","",""
"Chitra","India","Executive Double or Twin Room","1 night ·","April 2023","Family","Reviewed: 23 May 2023","Passable","There are no comments available for this review","","",""
"Abdul","Qatar","Executive Double or Twin Room","3 nights ·","February 2023","Solo traveller","Reviewed: 28 February 2023","Passable","There are no comments available for this review","","",""
"Ramesh","India","Executive Double or Twin Room","1 night ·","January 2023","Solo traveller","Reviewed: 7 February 2023","Passable","There are no comments available for this review","","",""
"Soosai","India","Executive Double or Twin Room","1 night ·","June 2022","Solo traveller","Reviewed: 21 June 2022","Passable","There are no comments available for this review","","",""
"Krishnan","Malaysia","Executive Double or Twin Room","1 night ·","July 2023","Couple","Reviewed: 1 September 2023","Very poor","There are no comments available for this review","","",""
"Jude","India","Executive Double or Twin Room","1 night ·","June 2022","Couple","Reviewed: 17 June 2022","Passable","There are no comments available for this review","","",""
"","","","","","","","","","","",""
"","","","","","","","","","","",""
"Anonymous","India","Executive Double or Twin Room","4 nights ·","November 2022","Couple","Reviewed: 8 November 2022","Very good","There are no comments available for this review","","",""
"Anonymous","India","Executive Double or Twin Room","1 night ·","June 2023","Couple","Reviewed: 14 June 2023","Exceptional","There are no comments available for this review","","",""
"Anonymous","India","Executive Double or Twin Room","1 night ·","November 2022","Couple","Reviewed: 30 November 2022","Exceptional","There are no comments available for this review","","",""
"Anonymous","India","Executive Double or Twin Room","4 nights ·","January 2023","Solo traveller","Reviewed: 17 February 2023","Poor","There are no comments available for this review","","",""
"Diego","Argentina","Executive Double or Twin Room","2 nights ·","January 2023","Solo traveller","Reviewed: 7 January 2023","Good","There are no comments available for this review","","",""
"Sébastien","Belgium","Executive Double or Twin Room","1 night ·","December 2022","Couple","Reviewed: 26 December 2022","Good","There are no comments available for this review","","",""
"Frédéric","Switzerland","Executive Double or Twin Room","4 nights ·","June 2022","Family","Reviewed: 28 June 2022","Exceptional","There are no comments available for this review","","",""
"Fufus","France","Executive Double or Twin Room","2 nights ·","October 2022","Solo traveller","Reviewed: 19 November 2022","Passable","There are no comments available for this review","","",""
"","","","","","","","","","","",""
"","","","","","","","","","","",""
"Shamini","Malaysia","Executive Double or Twin Room","1 night ·","August 2022","Family","Reviewed: 30 October 2022","Superb","There are no comments available for this review","","",""