"a3332d346a","afac1f68d9","abf093bdfe","abf093bdfe 2","abf093bdfe 3","abf093bdfe 4","abf093bdfe 5","f6431b446c","a53cbfa6de","a3332d346a 2","a53cbfa6de 2","a53cbfa6de 3"
"Patricia","United States","Superior Double Room","8 nights ·","June 2022","Solo traveller","Reviewed: 2 July 2022","Excellent","As an American women traveling alone (70 years old) I felt very safe.  The staff was wonderful from the front desk, the dining room and the room cleaning service.","Hotel response:","Your 10-star review is a remarkable achievement....",""
"Kathirvelu","India","Superior Double Room","2 nights ·","February 2024","Family","Reviewed: 19 February 2024","Good to stay","Good food","Hotel response:","We're speechless at your 7-star rating! Your support...","Every thing is ok"
"Rangiytaa","Singapore","Deluxe Double Room with 15% off on Food & Soft Beverages","5 nights ·","May 2021","Solo traveller","Reviewed: 8 May 2021","Good","Their food menu was not of much option and the same , was not useful during the partial lockdown","Hotel response:","Dear Guest, Greetings From Pride Hotel Chennai ! We are...",""
"Makesh","India","Deluxe Double Room with 15% off on Food & Soft Beverages","2 nights ·","February 2024","Family","Reviewed: 20 February 2024","Disappointing","Great location.","Hotel response:","Dear Makesh,
Thank you for sharing your feedback with us....","Very poor Housekeeping staff. Room TV not working properly. Room Aircondition temp cannot be controlled by guests. It is fixed at 22degrees. If the room becomes cold for the guests then only option is to swicth off the AC. Location is Good."
"Satyanarayana","India","Deluxe Double Room with 15% off on Food & Soft Beverages","1 night ·","January 2024","Family","Reviewed: 24 January 2024","Pleasant","Location","Hotel response:","Dear Guest, 
Namaskar!! 
Thank you for sharing your...","Rooms were in a very bad condition. Though they have changed the room., the second one was even worse."
"Bm","India","Deluxe Double Room with 15% off on Food & Soft Beverages","4 nights ·","August 2023","Solo traveller","Reviewed: 1 September 2023","Good","No specific","Hotel response:","Dear Guest,
Thank you for staying with Pride Hotel Chennai..","No specific"
"Ananyo","India","Superior Double Room","1 night ·","July 2023","Solo traveller","Reviewed: 30 July 2023","Good","The buffet lunch was good but the variety or portion was not enough. The taste of food provided on the rooftop restaurant was great but the service was pathetic","Hotel response:","Dear Guest ,
Namaskar !
Thanks for sharing your feedback....","I booked two rooms through booking.com for the same type of rooms with the same prices, but got two different room sizes but no price variation was provided"
"Sakshi","India","Superior Double Room","1 night ·","June 2023","Family","Reviewed: 9 June 2023","Disappointing","Rooms smelt stale. The air-conditioning was not cold enough.","Hotel response:","Thank you for the 4 star rating & the opportunity to...",""
"Jimis","India","Deluxe Double Room with 15% off on Food & Soft Beverages","6 nights ·","February 2023","Solo traveller","Reviewed: 22 February 2023","Pleasant","Breakfast spread was good enough for vegetarians.. Location wise: situated close to the metro station..","","","The locker in the room was not operational and some minor issue in the washroom.."
"Paul","India","Superior Double Room","3 nights ·","November 2022","Family","Reviewed: 20 November 2022","Red eye hotel","Location","Hotel response:","Dear Guest,

Namaskar!!

Thank you for sharing your...","Our family of four got red eye from a staff there.Hotels should not allow such staff to work till they get cured.Now all of us are suffering"
"Vipul","India","Deluxe Double Room with 15% off on Food & Soft Beverages","1 night ·","October 2022","Solo traveller","Reviewed: 9 October 2022","Good","The bathroom was not very clean","","","The cleanliness of the bathroom"
"Adithya","India","Deluxe Double Room with 15% off on Food & Soft Beverages","1 night ·","June 2022","Solo traveller","Reviewed: 27 June 2022","Old, run down hotel.  Just the location is it’s USP","Location","Hotel response:","We are so happy to hear that. Thank you so much for the...","Everything else"
"Dheerendra","India","Deluxe Double Room with 15% off on Food & Soft Beverages","1 night ·","April 2022","Solo traveller","Reviewed: 27 April 2022","","This review has been hidden because it doesn't meet our guidelines.","","",""
"Anupama","India","Deluxe Double Room with 15% off on Food & Soft Beverages","4 nights ·","May 2021","Solo traveller","Reviewed: 13 May 2021","Passable","The bathroom was stinking...the furniture, mirror, bedsheets were  old","Hotel response:","Dear Guest, Greetings From Pride Hotel Chennai ! We are...",""
"Lakdawala","India","Deluxe Double Room with 15% off on Food & Soft Beverages","1 night ·","March 2024","Family","Reviewed: 28 March 2024","It is a good Hotel with courteous staff only improvement needed is in Rooms.","Breakfast was ok, rooms were very small & not maintained properly.","Hotel response:","Dear Lakdawala,
Thank you for sharing your feedback with...","Rooms, bathrooms & accessories. We felt the Bed was broken from inside hence sleeping experience was not very comfortable."
"Rajeev","India","Deluxe Double Room with 15% off on Food & Soft Beverages","1 night ·","February 2024","Solo traveller","Reviewed: 21 February 2024","Passable","Food is pathetic","Hotel response:","We are so happy to hear that. Thank you so much for the...","Food"
"G","India","Deluxe Double Room with 15% off on Food & Soft Beverages","1 night ·","December 2023","Family","Reviewed: 16 December 2023","Pleasant","Location","Hotel response:","Thank you for your incredible 6-star rating! We're...","Room size, bed, bathroom"
"Arup","India","Deluxe Double Room with 15% off on Food & Soft Beverages","1 night ·","October 2023","Couple","Reviewed: 14 November 2023","Passable","Room not maintained properly","","",""
"Manju","India","Deluxe Double Room with 15% off on Food & Soft Beverages","2 nights ·","June 2023","Group","Reviewed: 25 June 2023","Passable","Wifi service was good.
On requesting housekeeping staff were helpful with providing necessary things
Breakfast was Buffett, had a wide variety of items but ok ok in taste wise even for South Indian dishes","Hotel response:","Dear Manju,
Thank you for sharing your feedback with us....","The wardrobe wasn't clean, there was  dust in it. 
The swimming pool  is a  shallow one, might be a foot deep. Service from billing counter staff was not upto the mark. So many mistakes in the final bill and not keen on correcting it even after request for same."
"Prasanna","India","Deluxe Double Room with 15% off on Food & Soft Beverages","3 nights ·","May 2023","Family","Reviewed: 16 May 2023","Passable","The attitude of staff","Hotel response:","We are so happy to hear that. Thank you so much for the...","Rundown rooms. We shifted rooms three times. One night, we slept with just one fan. The AC in room 7009 broke down
The property is too close to main road and it did not have double glass windows. Traffic noise was irritating."
"","","","","","","","","","","",""
"","","","","","","","","","","",""
"Prasanna","South Africa","Deluxe Double Room with 15% off on Food & Soft Beverages","2 nights ·","January 2023","Solo traveller","Reviewed: 21 January 2023","great location and staff but owner or management will soon kill the property","location
staff","Hotel response:","Dear Guest,

Namaskar!!

Thank you for sharing your...","run down
wooden fixtures falling all over
has cockroaches coming out of the wooden creek in the night 
so old even a first look says it has to be repaired even if renovation is too much of a budget"
"Aneesh","India","Deluxe Double Room with 15% off on Food & Soft Beverages","1 night ·","December 2022","Family","Reviewed: 12 January 2023","Passable","Staffs are very pleased,good lobby also food was good","Hotel response:","Dear Guest,
Namaskar!!
Thank you for sharing your review...","Maintenance and cleaning not much good.try to improve otherwise u will lose ur own customers."
"Vipul","India","Deluxe Double Room with 15% off on Food & Soft Beverages","2 nights ·","December 2022","Solo traveller","Reviewed: 12 December 2022","Pleasant","everything is to old, not maintained,

poor service during breakfast","Hotel response:","Dear Guest,

Namaskar!!

Thank you for sharing your...",""
"Chauhan","India","Superior Double Room","1 night ·","October 2022","Solo traveller","Reviewed: 24 October 2022","Passable","Buffe was waste of money","","",""
"Hemal","India","Superior Double Room","2 nights ·","July 2022","Solo traveller","Reviewed: 11 July 2022","Passable","Location","Hotel response:","Dear Guest,

Greeting from Pride Hotel Chennai !

Thank...","Need maintenance"
"Amal","India","Deluxe Double Room with 15% off on Food & Soft Beverages","2 nights ·","February 2024","Family","Reviewed: 4 March 2024","","This review has been hidden because it doesn't meet our guidelines.","","",""
"Ramesh","India","Superior Double Room","1 night ·","December 2023","Family","Reviewed: 2 January 2024","Disappointing","Dusty rooms","Hotel response:","Thank you for the 4 star rating & your valuable...",""
"Naveeth","India","Deluxe Double Room with 15% off on Food & Soft Beverages","1 night ·","August 2023","Family","Reviewed: 7 August 2023","Disappointing","Location","Hotel response:","Dear Guest,

Namaskar!
I am very sorry to learn of your...","Fittings weren't working
Room wasn't clean"
"Joe","India","Deluxe Double Room with 15% off on Food & Soft Beverages","2 nights ·","June 2023","Family","Reviewed: 2 July 2023","Disappointing","Location is good. Breakfast is ok.","Hotel response:","Dear Guest,

Namaskar!
I am very sorry to learn of your...","Rooms are not well maintained, Toilets are not clean and bad smell."
"Amarjit","India","Deluxe Double Room with 15% off on Food & Soft Beverages","1 night ·","February 2022","Solo traveller","Reviewed: 13 February 2022","Disappointing","Nothing. Old hotel. Such a small room. Toilets are so small.
I stayed next day in La Meridian in much lesser price at chennai.","Hotel response:","Dear Guest,

Greetings From Pride Hotel Chennai !

We are...",""
"","","","","","","","","","","",""
"","","","","","","","","","","",""
"Maya","India","Deluxe Double Room with 15% off on Food & Soft Beverages","1 night ·","February 2024","Family","Reviewed: 2 March 2024","Superb","Was quite good","Hotel response:","Your 9-star review is highly motivating. We're...","Nothing"
"Rajarajan","India","Deluxe Double Room with 15% off on Food & Soft Beverages","2 nights ·","July 2023","Solo traveller","Reviewed: 6 August 2023","Very good","Service","Hotel response:","Dear Guest,
Namaskar!
Thank you so much for your kind...",""
"Ravindanathan","Singapore","Deluxe Double Room with 15% off on Food & Soft Beverages","1 night ·","January 2023","Group","Reviewed: 28 January 2023","Very good","Stayed here before...and the same excellent services all round and spacious and comfortable rooms.","Hotel response:","Dear Guest,
Thank you for Patronizing with us.
Happy that...",""
"Kevin","India","Deluxe Double Room with 15% off on Food & Soft Beverages","1 night ·","January 2022","Family","Reviewed: 27 January 2022","Very good","The stay experience room are good for the price","Hotel response:","Dear Guest , 

Thanks for your feedback",""
"Prashant","India","Deluxe Double Room with 15% off on Food & Soft Beverages","3 nights ·","October 2021","Family","Reviewed: 16 November 2021","Awesome experience.","The staff was amazing from the check in to housekeeping everyone. They did my room by the time I finished my breakfast and that was so amazing. I just requested once and they did without a word","Hotel response:","Dear Guest , Thanks Your Valuable Feedback","The gym could have been cleaned and set in order."
"Awale","India","Deluxe Double Room with 15% off on Food & Soft Beverages","1 night ·","November 2021","Family","Reviewed: 7 November 2021","Exceptional","Over all experience was great. Highly recommended.","Hotel response:","Dear Guest , 

Thanks Your Valuable Feedback",""
"Ramesh","India","Deluxe Double Room with 15% off on Food & Soft Beverages","1 night ·","December 2023","Family","Reviewed: 8 December 2023","Exceptional","Location and cleaniness.","Hotel response:","We're beyond thrilled to receive your perfect 10-star...","None."
"Rajan","India","Deluxe Double Room with 15% off on Food & Soft Beverages","1 night ·","September 2023","Couple","Reviewed: 18 September 2023","Very good","The rooms were spacious, had good decor, was tastefully done up with attractive painting.It looked bright with good lighting and perfect for a guest when he checks in. The bed was firm and comfortable  The roof staff restaurant Dabha was amazing and the waiter a smart boy ( don't remember his name) was very nice, prompt and very caring.","Hotel response:","Dear Guest,

Namaskar!

Thank you for taking out the time...","The room cleaning was not automatically done . The housekeeping staff had to be reminded a couple of times. The breakfast spread could have been better. The security outside the gate needs to be trained to be more gracious. They were brusque in their behaviour. Since they are the first point of contact a bit more welcoming and gracious would make this property a lot more better."
"Vipin","India","Deluxe Double Room with 15% off on Food & Soft Beverages","1 night ·","July 2023","Family","Reviewed: 17 July 2023","Very good","I like it","Hotel response:","Dear Guest,
Namaskar!
Thank you so much for your kind...","Ok"
"Chandrasekar","India","Superior Double Room","2 nights ·","July 2023","Family","Reviewed: 12 July 2023","Not up to the expectations.  The property is not worth the amount being charged.","The maintenance of the property is not up to the mark.  We found damp walls in our room.  The bathroom fittings were also damaged.","Hotel response:","Dear Guest ,
Namaskar !
Thanks for sharing your feedback....",""
"","","","","","","","","","","",""
"","","","","","","","","","","",""
"Reddy","India","Deluxe Double Room with 15% off on Food & Soft Beverages","1 night ·","September 2022","Family","Reviewed: 28 September 2022","Superb","Very good maintance","","",""
"Namachivayam","India","Deluxe Double Room with 15% off on Food & Soft Beverages","2 nights ·","July 2022","Couple","Reviewed: 10 July 2022","Very good","Should improve food quality and menu","","","Food service not providing in Room."
"Abdulla","India","Deluxe Double Room with 15% off on Food & Soft Beverages","1 night ·","November 2023","Solo traveller","Reviewed: 29 November 2023","Never again","A Disappointing Stay

unfortunately, my experience was far from satisfactory.

The room, which was supposed to be a haven of comfort, was anything but. The cleanliness was questionable, with noticeable stains on the floor and an overall lack of attention to detail. The ambiance felt dated, and it seemed like the decor hadn't seen an update in years.

The service was equally disappointing. To add to the frustration, the amenities promised on the website were either subpar. 

Overall, my stay left much to be desired. It's disheartening to spend hard-earned money on an experience that falls so short of expectations. I would strongly advise against choosing this hotel for your accommodation needs.","Hotel response:","Dear Abdulla,
We are extremely sorry to hear about your...",""
"Ravi","India","Superior Double Room","1 night ·","October 2023","Family","Reviewed: 16 November 2023","Terrible hotel","Only location","Hotel response:","Thanks for the honest review. Apologies for the issue....","Everything else other than location"
"Kumar","Malaysia","Deluxe Double Room with 15% off on Food & Soft Beverages","1 night ·","July 2023","Solo traveller","Reviewed: 10 July 2023","Very poor experience,","Not worth at all. Poor hygienic. Shower area very slippery and dangerous. Shower exhaust missing. Front desk set wrong guess name on WiFi setting expected guess to figure out and make way to ask them.","Hotel response:","Dear Guest,

Namaskar!
I am very sorry to learn of your...",""
"Rahul","India","Deluxe Double Room with 15% off on Food & Soft Beverages","2 nights ·","June 2023","Solo traveller","Reviewed: 11 June 2023","Stay away from this hotel. It’s really bad !","horrible property","Hotel response:","Dear Rahul,
We are sorry to hear about your experience...","everything - no air conditioning 
no room service 
switches in the rooms don’t work.
I was promised a king size bed but given two twin beds"
"Kiran","India","Superior Double Room","3 nights ·","December 2022","Family","Reviewed: 8 January 2023","Very poor","one of the bad experience overall starting with the day 1. 

The options available on the booking site to what they provide does not match. I had asked for a room that could accommodate 4 people (2 adults and 2 kids) as the ad showed that the room had a double bed and a futon bed was available. which seemed to be sufficient for my family. but the hotel didn't agree to it and they charged me 1000 + taxes per day. that too just the bed put on the ground. 

Even though i called up the booking customer care, nothing helped. so bad rating for Booking as well! 

The bathroom doors in this hotel are made of glass (Frosted) but with the huge gaps on the sides, as good as its open. This was disgusting and they didn't do anything to get that gap closed. 

The prices are exorbitantly high! and no much options available than to go with buffet food which has different cost for afternoon and night time. Night is more than afternoon! Really?? 

they have a terrace hotel - name sake - all the food comes from the same kitchen! but the prices for the menu is much higher that what they have at the ground floor. 

The booking what they show is also rubbish since i could only find 4 to 5 people only.. hence its unwanted blocking that they do! 

i dont think i can provide or suggest Booking or the Pride hotel to anyone. please correct your mistakes!","Hotel response:","Dear Guest,

Namaskar!!

Thank you for sharing your...","1. Please read out the comments provided in the booking and let the customer know if its not possible from your end before the customer arrives, its better to know before than once you arrive at the hotel and then fight for the booking.
2. Take care of the customers, if they are not there then you cant survive! have some respect. 
3. Pride hotel - please correct your room before charging so huge to customers - Especially take care of the privacy! Though you are 17 year old, i dont see that experience showing up. 
4. Booking - please correct your ad, if the hotel is not able to provide then dont provide the ad! its misleading and its wrong."
"Paul","India","Deluxe Double Room with 15% off on Food & Soft Beverages","1 night ·","November 2022","Family","Reviewed: 11 December 2022","Bad","Staff with red eye was allowed to work and our whole family suffered for two weeks","Hotel response:","Dear Guest,

Namaskar!!

Thank you for sharing your...",""
"Tariq","India","Deluxe Double Room with 15% off on Food & Soft Beverages","1 night ·","August 2022","Family","Reviewed: 21 August 2022","Poor","Overpriced","Hotel response:","Dear Guest,

Greeting from Pride Hotel Chennai !

Thank...","Room quality, room space, cleanliness, price"
"Urkudkar","India","Deluxe Double Room with 15% off on Food & Soft Beverages","1 night ·","August 2022","Family","Reviewed: 18 August 2022","that was pathetic. I am going to file complaint in consumer court for refund of money along with charges for mental hara","nothing much apart from location, rooms are smells like garbage, requested for room freshner which is also not provided by hotel","Hotel response:","Dear Guest,

Greeting from Pride Hotel Chennai !

Thank...","during booking it’s mentioned that each room will come with 1 large bed and 1 futon bed however hotel not ready to provide the same and asked for 1500 + taxes for same .staff was arrogant and asked us to talk Booking.com. we were at reception for bed arrangement till 11.30 pm"
"","","","","","","","","","","",""
"","","","","","","","","","","",""
"Rupam","India","Deluxe Double Room with 15% off on Food & Soft Beverages","1 night ·","April 2022","Family","Reviewed: 12 April 2022","Worst experience ever","Nothing to be liked,  you get better options for same value in Chennai","Hotel response:","Dear Guest,

Greeting from Pride Hotel Chennai !

Please...","Staffs attitude specialy the Front desk manager... Who glorifies.. How much experience he is in service industry.. ...and has no manners to talk to his regular guests. Toilets sink was leaking.... Access card door was locked and had to call reception to open it.... When came to open..found out door was not functioning properly.... Then a house keeping guy came after 15 min some how opens the door and did not have me the card to put the power on of the room and I had to do the packing for check out without any lights.... Never ever had such a rude and pathetic service... From any hotel. Do not go to this hotel ever... You can get much better deal at same rate in Chennai."
"Globetrotter_86","United Kingdom","Deluxe Double Room with 15% off on Food & Soft Beverages","1 night ·","March 2022","Solo traveller","Reviewed: 30 March 2022","Uncomfortable stay!","Breakfast was good.","","","WiFi didn't work at all. Bed sheets and pillow covers were dirty with stainsWash basin sink was blocked and hence water was coming out. Mosquitoes were all over in the room and throughout the hotel."
"Anil","India","Deluxe Double Room with 15% off on Food & Soft Beverages","4 nights ·","December 2021","Solo traveller","Reviewed: 31 December 2021","Poor","Not included in my tariff","Hotel response:","Dear Guest, Greetings from pride hotel chennai! We are...","No bar, no spa, no gym just fooling people. All closed"
"Saravanan","India","Deluxe Double Room with 15% off on Food & Soft Beverages","1 night ·","December 2021","Family","Reviewed: 24 December 2021","Very poor","Not worth for the amount","Hotel response:","Dear Guest, Greetings from pride hotel chennai! We are...","Mentioned bar available..but no bars available"
"Agency","India","Deluxe Double Room with 15% off on Food & Soft Beverages","1 night ·","July 2021","Family","Reviewed: 29 July 2021","bakwaas","Third class receptionist the lady forced to pay extra money.Every time I order something they insist to swipe money quickly.cleaning is average food is expensive .","Hotel response:","Dear Guest,
 Greetings from pride hotel chennai!
 We are...","everything"
"Sindur","India","Deluxe Double Room with 15% off on Food & Soft Beverages","1 night ·","March 2024","Family","Reviewed: 24 March 2024","Did not stay. Left after seeing the hotel room.","It’s a SCAM.
We paid but didn’t stay. Lost our money.
Photos are very different from actual.
Do not book until you visit.
Bad smell from hotel.
No hygiene, walls are bad conditioned.","Hotel response:","Thanks for the honest review. Apologies for the issue....","Worst experience"
"Rohan","United Kingdom","Deluxe Double Room with 15% off on Food & Soft Beverages","1 night ·","February 2024","Solo traveller","Reviewed: 20 February 2024","Very poor","No clean at all. Mattress broken","Hotel response:","Thanks for the honest review. Apologies for the issue....",""
"Karuppiah","United Kingdom","Deluxe Double Room with 15% off on Food & Soft Beverages","2 nights ·","February 2024","Couple","Reviewed: 17 February 2024","Do not recommend to any other people","Location was good","Hotel response:","Dear Karuppiah,
Thank you for sharing your feedback with...","Dirty room ,Toilet furniture not clean I only got one photo I will share it"
"Snehal","India","Deluxe Double Room with 15% off on Food & Soft Beverages","1 night ·","February 2024","Family","Reviewed: 12 February 2024","Bad","Nothing","Hotel response:","Thanks for the honest review. Apologies for the issue....","No cleanliness, no comfort, not even able to deliver whatever was ordered from the hotel kitchen. The rooms are almost old rooms and have old furniture and interior which was broken and unclean. The provided breakfast was also not that good."
"Kalyanaraman","Bangladesh","Superior Double Room","4 nights ·","December 2023","Group","Reviewed: 22 December 2023","My guests from Bangladesh was staying. They were not at all happy.","Nothing.","Hotel response:","Thanks for the honest review. Apologies for the issue....","Nothing."
"","","","","","","","","","","",""
"","","","","","","","","","","",""
"Ranjith","India","Premium Double Room with 15% off on Food & Soft Beverages","2 nights ·","December 2023","Family","Reviewed: 6 December 2023","Very very poor","Nothing","Hotel response:","Thanks for the honest review. Apologies for the issue....","Services was extremely bad, got cheated by visiting this hotel, hiked the price of the hotel. By too much nearly 4 times the price. The GM of the hotel should be kicked out for maintaining such a bad hotel and extremely expensive one"
"Tejas","India","Superior Double Room","1 night ·","December 2023","Family","Reviewed: 6 December 2023","Old property, water leakages, dirty rooms and smell","Nothing was there to appreciate, The staff was not well organized, they alloted us the worst room with broken lamps and dirty linen sheets and curtains.","Hotel response:","Thanks for the honest review. Apologies for the issue....","No proper arrangements of breakfast and lunch. Food items scarcity and no co-operations. 
Water Leakages from ceiling, dirty toilets. 

I will strictly not recommend the hotel to anyone, and stay alert, the rooms and hotel pictures are nowhere matching the pictures on booking.com. it is a old property now."
"Mahesh","India","Deluxe Double Room with 15% off on Food & Soft Beverages","2 nights ·","October 2023","Group","Reviewed: 30 October 2023","","This review has been hidden because it doesn't meet our guidelines.","","",""
"Arpit","India","Superior Double Room","3 nights ·","October 2023","Family","Reviewed: 23 October 2023","This property is 1-2 star property, it is the worst property of Pride group","Location","Hotel response:","Thanks for the honest review. Apologies for the issue....","Other than location everything was pathetic.

Won’t recommend this property to anyone"
"Arpit","India","Superior Double Room","2 nights ·","October 2023","Family","Reviewed: 22 October 2023","I won’t recommend this property to anyone, over priced and pathetic.","Only location.","Hotel response:","Dear Arpit,
Thank you for sharing your feedback with us....","Pathetic service, Pride Chennai team does not respond on phone or on emails.

I booked executive room but hotel provided me deluxe lower category room.

Over priced, poor quality food, rooms are like dharamshaala, Even dharamshaala has proper rooms but this hotel doesn’t.

Hotel doesn’t have proper staff, they don’t know the language, just know the regional language.

Bathrooms are not clean, broken furniture. Poor quality toiletries. 

In the same cost I could have booked the much batter hotel but because of location constraints I booked this but now I won’t recommend this to any one."
"Sharma","India","Deluxe Double Room with 15% off on Food & Soft Beverages","4 nights ·","October 2023","Solo traveller","Reviewed: 8 October 2023","Bad","Nothing. It is pathetic. It smells too bad","Hotel response:","Dear Guest, 
Namaskar!! 

Thank you for sharing your...",""
"Premkumar","India","Deluxe Double Room with 15% off on Food & Soft Beverages","1 night ·","July 2023","Solo traveller","Reviewed: 6 July 2023","Pathetic","Price on the booking.com portal and rates at the hotel were not the same. In short i was cheated all hands down. Though i stayed at the hotel for hardly 2 hours. Staffs were nothing short of goons and they were very aggressive in their language and do not have basic etiquettes to work in the hospitality industry. Hotel staffs blamed on the booking.com for cheating both the customers and hotel.","Hotel response:","Dear Guest,

Namaskar!
I am very sorry to learn of your...",""
"Dr","India","Superior Double Room","1 night ·","February 2023","Family","Reviewed: 23 February 2023","Room is not looking good, wall paint was peeling, looks below average for the amount charged.","Service was ok","","","Food is not great especially Idly served over there was hard and dried."
"Manoj","Nigeria","Superior Double Room","4 nights ·","February 2023","Family","Reviewed: 6 February 2023","I will never go back to the property again","proximity to railway station and city Centre","","","rooms were very untidy, linens were old and not clean, leakages, poor room service, no bell boys, food quality was very bad"
"Chockalingam","India","Superior Double Room","1 night ·","February 2023","Family","Reviewed: 2 February 2023","Bad","Not fit for families. Risky one","","","Not fit for families. Don't take rizk"
"","","","","","","","","","","",""
"","","","","","","","","","","",""
"Chockalingam","India","Superior Double Room","1 night ·","February 2023","Family","Reviewed: 2 February 2023","Bad","Rude staff and unclean property with bad smell. Not fit for family. Don't take risk","","","Rude staff, unclean property, smelly washrooms. Not fit for family. Don't take risk"
"Saheer","India","Deluxe Double Room with 15% off on Food & Soft Beverages","1 night ·","December 2022","Family","Reviewed: 7 December 2022","Bad","What we seeing pic is not when we see in real the wall of the room is unhygienic people will get ill of we stay in these hotel","Hotel response:","Dear Guest,

Namaskar!!

Thank you for sharing your...",""
"Dr","India","Deluxe Double Room with 15% off on Food & Soft Beverages","2 nights ·","November 2022","Solo traveller","Reviewed: 25 November 2022","Unpleasant stay","Near to the Chennai central station.","Hotel response:","Dear Guest,

Namaskar!!

Thank you for sharing your...","as per Booking.com the room size was supposed to be 258 Sq. ft. But it was actually about 120 to 140 Sq. ft. it was a false claim.  I had not expected this. I am not sure whether Booking.com team had verified the room size. The bathroom was so small that hardly it was possible to take a shower. For this kind of hotel room the cost was too much. I felt it was not worth to pay that much amount. Over and above WIFI was hardly available even for emails downloading."
"Shylesh","India","Deluxe Double Room with 15% off on Food & Soft Beverages","1 night ·","September 2022","Solo traveller","Reviewed: 16 September 2022","Too worst..not worth for money.. reception were too bad handling the client","The rooms and staff or too bad..they charge me extra 1000rs for only 1hr late check out..","Hotel response:","Dear Guest,

Greeting from Pride Hotel Chennai !

Thank...",""
"Amaranath","United Arab Emirates","Deluxe Double Room with 15% off on Food & Soft Beverages","1 night ·","August 2022","Family","Reviewed: 31 August 2022","The hotel looks great but no maintenance sense without ownership of the responsibility!!!","The property is located at a very nice place and the property has a very nice front yard with trees and good parking facility. the reception n the restaurant looked great as well though we did not dine. The suit looked great at one glance but it was not so when we had a closer look. the staffs were pretty decent with their mannerism","Hotel response:","Dear Guest,

Greeting from Pride Hotel Chennai !

Thank...","1. The landline was not working for 2 days, so was unable to reach the hotel and there was no alternate number to reach for any assistance 
2. Too many gaps in the hotel tiles
3. Tub tap was leaking 
4. Too much stain in the bath tub 
5. Bed sheets and pillow covers were not at all fresh n was changed only after we told them to do so
6. on the second day, the towel rod had fallen down in the bath tub n while going out at 1PM we had informed the reception to fix n clean up but was never touched when we came back dead tired at 10PM, was attended only when complained again !!!"
"Monika","India","Deluxe Double Room with 15% off on Food & Soft Beverages","2 nights ·","June 2022","Family","Reviewed: 18 June 2022","Bad","nothing was there to like","Hotel response:","We are really sorry that you had a 1 star experience with...","very dirty rooms and bathrooms . not even like a single star property"
"Anoop","India","Deluxe Double Room with 15% off on Food & Soft Beverages","1 night ·","February 2022","Family","Reviewed: 5 February 2022","Not worth the money spent. Wrong decision","NOTHING","Hotel response:","Dear Guest, Greetings from pride hotel chennai! We are...","Poorly maintained. No cleanliness.. Overall bad experience"
"Aadhithyan","India","Deluxe Double Room with 15% off on Food & Soft Beverages","1 night ·","September 2021","Family","Reviewed: 9 September 2021","Bad","very much discomfort","Hotel response:","Dear guest greetings ! thank you for the feedback...","no fan facilities"
"Durai","India","Deluxe Double Room with 15% off on Food & Soft Beverages","1 night ·","August 2021","Family","Reviewed: 17 August 2021","Waste of Money and it cant be given a 4 Start hotel - 3 star hotels treat and offer good services","Location","Hotel response:","Dear Sir , 

Thank You for your Feedback , We check your...","1.I had booked with Breakfast but the Hotel said there is no complementary Breakfast
2.I had checked late night but was asked to Vacate at 2:00 PM sharp without giving any buffer
3.The Room cleanliness wasn't good. If its booked online the treatment and room allocation is very bad..
4. The required Grooming kit and Toilet kit wasn't kept in the Room.
5. The Wifi Doesnt work at all..getting disconnected Frequently
6. Lift services get broken down at times and the Lift Gives a terrible sound"
"Raju","India","Deluxe Double Room with 15% off on Food & Soft Beverages","1 night ·","July 2023","Family","Reviewed: 11 July 2023","Not good","Blankets are very old old ..buy new blankets pillow covers..","Hotel response:","Dear Guest,

Namaskar!
I am very sorry to learn of your...","Bath rooms and blankets"
"","","","","","","","","","","",""
"","","","","","","","","","","",""
"Sanchari","India","Deluxe Double Room with 15% off on Food & Soft Beverages","2 nights ·","January 2023","Family","Reviewed: 17 January 2023","Very poor","Horrible experience in terms of stay as the Reception was not at all cordious. They were constantly asking for money and wanted us to settle everything whatever service we were taking.","Hotel response:","Dear Guest,

Namaskar!!

Thank you for sharing your...",""
"Anonymous","India","Deluxe Double Room with 15% off on Food & Soft Beverages","1 night ·","June 2021","Solo traveller","Reviewed: 17 July 2021","Exceptional","Very Good","Hotel response:","Dear Guest , 

Thanks for your feedback","EXCELLENT STAY"
"Sarfaraz","India","Deluxe Double Room with 15% off on Food & Soft Beverages","4 nights ·","December 2023","Couple","Reviewed: 3 January 2024","Good","There are no comments available for this review","Hotel response:","We're speechless at your 7-star rating! Your support...",""
"Yuvarajen","India","Deluxe Double Room with 15% off on Food & Soft Beverages","1 night ·","September 2023","Solo traveller","Reviewed: 12 November 2023","Good","There are no comments available for this review","Hotel response:","We're speechless at your 7-star rating! Your support...",""
"Kevin","India","Deluxe Double Room with 15% off on Food & Soft Beverages","1 night ·","December 2021","Couple","Reviewed: 4 December 2021","Good","There are no comments available for this review","Hotel response:","We're speechless at your 7-star rating! Your support...",""
"Yuvarajen","India","Deluxe Double Room with 15% off on Food & Soft Beverages","1 night ·","December 2023","Couple","Reviewed: 12 March 2024","Pleasant","There are no comments available for this review","","",""
"Yuvarajen","India","Deluxe Double Room with 15% off on Food & Soft Beverages","1 night ·","February 2024","Family","Reviewed: 12 March 2024","Good","There are no comments available for this review","","",""
"Colin","India","Deluxe Double Room with 15% off on Food & Soft Beverages","2 nights ·","November 2023","Solo traveller","Reviewed: 21 January 2024","Good","There are no comments available for this review","Hotel response:","We're speechless at your 7-star rating! Your support...",""
"Vikram","India","Deluxe Double Room with 15% off on Food & Soft Beverages","1 night ·","December 2023","Couple","Reviewed: 28 December 2023","Pleasant","There are no comments available for this review","Hotel response:","Thank you for your incredible 6-star rating! We're...",""
"Mahesh","India","Deluxe Double Room with 15% off on Food & Soft Beverages","3 nights ·","November 2023","Solo traveller","Reviewed: 4 December 2023","Pleasant","There are no comments available for this review","Hotel response:","Thank you for your incredible 6-star rating! We're...",""
"","","","","","","","","","","",""
"","","","","","","","","","","",""
"Kannuraj","India","Deluxe Double Room with 15% off on Food & Soft Beverages","1 night ·","September 2023","Family","Reviewed: 29 September 2023","Good","There are no comments available for this review","Hotel response:","We're speechless at your 7-star rating! Your support...",""
"Sandeep","India","Deluxe Double Room with 15% off on Food & Soft Beverages","2 nights ·","August 2023","Family","Reviewed: 25 August 2023","Good","There are no comments available for this review","Hotel response:","Your 7-star review is incredibly motivating. We're...",""
"Ahmed","India","Deluxe Double Room with 15% off on Food & Soft Beverages","1 night ·","August 2023","Family","Reviewed: 24 August 2023","Pleasant","There are no comments available for this review","Hotel response:","Your 6-star review is truly special. We're dedicated...",""
"Sandeep","India","Deluxe Double Room with 15% off on Food & Soft Beverages","1 night ·","July 2023","Couple","Reviewed: 24 August 2023","Good","There are no comments available for this review","Hotel response:","Wow! Thank you so much for your outstanding 7-star...",""
"Varun","India","Premium Double Room with 15% off on Food & Soft Beverages","1 night ·","April 2023","Family","Reviewed: 23 April 2023","Pleasant","There are no comments available for this review","","",""
"Probir","Bangladesh","Deluxe Double Room with 15% off on Food & Soft Beverages","1 night ·","March 2023","Solo traveller","Reviewed: 7 April 2023","Pleasant","There are no comments available for this review","","",""
"Santhosh","India","Deluxe Double Room with 15% off on Food & Soft Beverages","1 night ·","December 2022","Group","Reviewed: 19 December 2022","Good","There are no comments available for this review","","",""
"Roy","India","Premium Double Room with 15% off on Food & Soft Beverages","2 nights ·","September 2022","Group","Reviewed: 24 November 2022","Good","There are no comments available for this review","","",""
"Rathnavijay","India","Premium Double Room with 15% off on Food & Soft Beverages","1 night ·","August 2022","Family","Reviewed: 2 September 2022","Good","There are no comments available for this review","","",""
"Kaise","United Arab Emirates","Deluxe Double Room with 15% off on Food & Soft Beverages","2 nights ·","August 2022","Family","Reviewed: 17 August 2022","Passable","There are no comments available for this review","Hotel response:","We are so grateful for your 5-star review. Thanks for...",""
"","","","","","","","","","","",""
"","","","","","","","","","","",""
"Sudhakar","India","Deluxe Double Room with 15% off on Food & Soft Beverages","3 nights ·","June 2022","Group","Reviewed: 8 June 2022","Passable","There are no comments available for this review","Hotel response:","Thank you so much for taking the time to leave us a 5...",""
"Radhika","India","Deluxe Double Room with 15% off on Food & Soft Beverages","3 nights ·","May 2022","Solo traveller","Reviewed: 23 May 2022","Good","There are no comments available for this review","Hotel response:","Your feedback is gold to us, and a 7-star rating is truly...",""
"Naveen","Qatar","Deluxe Double Room with 15% off on Food & Soft Beverages","3 nights ·","March 2022","Couple","Reviewed: 14 May 2022","booked this hotel for my wife and sister-in-law for a short stay. The feedback was positive and impressive. Will recomme","There are no comments available for this review","Hotel response:","Dear Guest , 
Thanks for your feedback",""
"Chirag","India","Deluxe Double Room with 15% off on Food & Soft Beverages","1 night ·","February 2022","Family","Reviewed: 27 February 2022","Passable","There are no comments available for this review","Hotel response:","Thank you for the 5 star rating. Hope you will recommend...",""
"Thiruvenkadam","Germany","Deluxe Double Room with 15% off on Food & Soft Beverages","1 night ·","January 2022","Solo traveller","Reviewed: 11 January 2022","Good","There are no comments available for this review","Hotel response:","Your feedback is gold to us, and a 7-star rating is truly...",""
"Thiruvenkadam","Germany","Deluxe Double Room with 15% off on Food & Soft Beverages","2 nights ·","January 2022","Solo traveller","Reviewed: 11 January 2022","Good","There are no comments available for this review","Hotel response:","We're speechless at your 7-star rating! Your support...",""
"Michael","India","Deluxe Double Room with 15% off on Food & Soft Beverages","6 nights ·","December 2021","Solo traveller","Reviewed: 13 December 2021","Good","There are no comments available for this review","Hotel response:","Your feedback is gold to us, and a 7-star rating is truly...",""
"Lekkala","India","Deluxe Double Room with 15% off on Food & Soft Beverages","2 nights ·","December 2021","Family","Reviewed: 3 December 2021","Good","There are no comments available for this review","Hotel response:","Wow! Thank you so much for your outstanding 7-star...",""
"Praseedha","India","Deluxe Double Room with 15% off on Food & Soft Beverages","2 nights ·","November 2021","Solo traveller","Reviewed: 28 November 2021","Good","There are no comments available for this review","Hotel response:","Your feedback is gold to us, and a 7-star rating is truly...",""
"Tamilvanan","India","Deluxe Double Room with 15% off on Food & Soft Beverages","1 night ·","April 2021","Couple","Reviewed: 21 April 2021","Good","There are no comments available for this review","Hotel response:","We're speechless at your 7-star rating! Your support...",""
"","","","","","","","","","","",""
"","","","","","","","","","","",""
"Narayan","India","Deluxe Double Room with 15% off on Food & Soft Beverages","1 night ·","February 2024","Solo traveller","Reviewed: 19 March 2024","Passable","There are no comments available for this review","","",""
"G","India","Deluxe Double Room with 15% off on Food & Soft Beverages","1 night ·","December 2023","Family","Reviewed: 21 December 2023","Pleasant","There are no comments available for this review","Hotel response:","Thank you for your incredible 6-star rating! We're...",""
"Dr","India","Deluxe Double Room with 15% off on Food & Soft Beverages","1 night ·","December 2023","Family","Reviewed: 7 December 2023","Disappointing","There are no comments available for this review","Hotel response:","Thank you for the 4 star rating & your valuable...",""
"Rangabashyam","Singapore","Deluxe Double Room with 15% off on Food & Soft Beverages","3 nights ·","October 2023","Solo traveller","Reviewed: 27 October 2023","Pleasant","There are no comments available for this review","Hotel response:","Thank you for your incredible 6-star rating! We're...",""
"Ayyoob","Sri Lanka","Superior Double Room","3 nights ·","September 2023","Family","Reviewed: 3 October 2023","Passable","There are no comments available for this review","Hotel response:","Dear Guest,

Namaskar!

Thank you for taking out the time...",""
"Ranjan","India","Deluxe Double Room with 15% off on Food & Soft Beverages","2 nights ·","September 2023","Solo traveller","Reviewed: 29 September 2023","Passable","There are no comments available for this review","Hotel response:","Dear Guest,

Namaskar!

Thank you for taking out the time...",""
"Bhaskar","India","Deluxe Double Room with 15% off on Food & Soft Beverages","1 night ·","August 2023","Group","Reviewed: 13 September 2023","Disappointing","There are no comments available for this review","","",""
"Bharath","India","Superior Double Room","1 night ·","April 2023","Family","Reviewed: 17 April 2023","Passable","There are no comments available for this review","","",""
"Venkatesan","India","Deluxe Double Room with 15% off on Food & Soft Beverages","1 night ·","January 2023","Couple","Reviewed: 19 February 2023","Disappointing","There are no comments available for this review","","",""
"Mohamed","Sri Lanka","Deluxe Double Room with 15% off on Food & Soft Beverages","2 nights ·","February 2023","Solo traveller","Reviewed: 17 February 2023","Pleasant","There are no comments available for this review","","",""
"","","","","","","","","","","",""
"","","","","","","","","","","",""
"Binod","India","Deluxe Double Room with 15% off on Food & Soft Beverages","1 night ·","January 2023","Couple","Reviewed: 22 January 2023","Disappointing","There are no comments available for this review","","",""
"Sai","India","Deluxe Double Room with 15% off on Food & Soft Beverages","2 nights ·","December 2022","Group","Reviewed: 2 January 2023","Disappointing","There are no comments available for this review","","",""
"Anoop","India","Deluxe Double Room with 15% off on Food & Soft Beverages","3 nights ·","October 2022","Solo traveller","Reviewed: 7 December 2022","Passable","There are no comments available for this review","","",""
"Hesham","Qatar","Superior Double Room","3 nights ·","November 2022","Family","Reviewed: 24 November 2022","Passable","There are no comments available for this review","","",""
"Biddut","Bangladesh","Deluxe Double Room with 15% off on Food & Soft Beverages","1 night ·","September 2022","Family","Reviewed: 14 October 2022","Passable","There are no comments available for this review","","",""
"Arun","India","Deluxe Double Room with 15% off on Food & Soft Beverages","1 night ·","August 2022","Family","Reviewed: 9 September 2022","Pleasant","There are no comments available for this review","","",""
"Rajamani","","Deluxe Double Room with 15% off on Food & Soft Beverages","1 night ·","August 2022","Family","Reviewed: 28 August 2022","Passable","There are no comments available for this review","Hotel response:","We are so grateful for your 5-star review. Thanks for...",""
"Agilanand","India","Deluxe Double Room with 15% off on Food & Soft Beverages","2 nights ·","December 2021","Solo traveller","Reviewed: 30 December 2021","Good","There are no comments available for this review","Hotel response:","Your 7-star review is incredibly motivating. We're...",""
"Manmohan","India","Deluxe Double Room with 15% off on Food & Soft Beverages","2 nights ·","September 2021","Solo traveller","Reviewed: 30 September 2021","Pleasant","There are no comments available for this review","Hotel response:","Your 6-star review is truly special. We're dedicated...",""
"Gavin","India","Deluxe Double Room with 15% off on Food & Soft Beverages","2 nights ·","July 2021","Couple","Reviewed: 20 September 2021","Passable","There are no comments available for this review","Hotel response:","Thank you for the 5 star rating. Hope you will recommend...",""
"","","","","","","","","","","",""
"","","","","","","","","","","",""
"Eshwar","India","Deluxe Double Room with 15% off on Food & Soft Beverages","3 nights ·","June 2023","Family","Reviewed: 21 June 2023","Passable","There are no comments available for this review","Hotel response:","We are so happy to hear that. Thank you so much for the...",""
"Pradeep","United Arab Emirates","Deluxe Double Room with 15% off on Food & Soft Beverages","1 night ·","October 2022","Couple","Reviewed: 17 November 2022","Disappointing","There are no comments available for this review","","",""
"Polakapalli","India","Deluxe Double Room with 15% off on Food & Soft Beverages","1 night ·","December 2023","Family","Reviewed: 10 December 2023","Good","There are no comments available for this review","Hotel response:","We're speechless at your 7-star rating! Your support...",""
"Aravind","India","Deluxe Double Room with 15% off on Food & Soft Beverages","1 night ·","November 2023","Group","Reviewed: 6 February 2024","Exceptional","There are no comments available for this review","Hotel response:","We're beyond thrilled to receive your perfect 10-star...",""
"Yadav","India","Deluxe Double Room with 15% off on Food & Soft Beverages","2 nights ·","November 2023","Solo traveller","Reviewed: 8 December 2023","Exceptional","There are no comments available for this review","Hotel response:","We're beyond thrilled to receive your perfect 10-star...",""
"Jayant","India","Deluxe Double Room with 15% off on Food & Soft Beverages","2 nights ·","October 2023","Family","Reviewed: 2 November 2023","Superb","There are no comments available for this review","Hotel response:","Your 9-star review is highly motivating. We're...",""
"Syed","Saudi Arabia","Deluxe Double Room with 15% off on Food & Soft Beverages","1 night ·","September 2023","Group","Reviewed: 27 October 2023","Exceptional","There are no comments available for this review","Hotel response:","We're beyond thrilled to receive your perfect 10-star...",""
"Prithvish","India","Deluxe Double Room with 15% off on Food & Soft Beverages","2 nights ·","August 2023","Solo traveller","Reviewed: 31 August 2023","Superb","There are no comments available for this review","","",""
"Shubhanker","India","Deluxe Double Room with 15% off on Food & Soft Beverages","1 night ·","August 2023","Family","Reviewed: 23 August 2023","Exceptional","There are no comments available for this review","Hotel response:","Your 10-star review is a remarkable achievement....",""
"","","","","","","","","","","",""
"","","","","","","","","","","",""
"Nitin","India","Deluxe Double Room with 15% off on Food & Soft Beverages","1 night ·","July 2023","Family","Reviewed: 6 July 2023","Exceptional","There are no comments available for this review","Hotel response:","Thank you for being a 10-star advocate! We look forward...",""
".g.rohan","India","Deluxe Double Room with 15% off on Food & Soft Beverages","1 night ·","March 2023","Solo traveller","Reviewed: 21 April 2023","Exceptional","There are no comments available for this review","Hotel response:","Your feedback is absolutely priceless, and a 10-star...",""
"Kannan","India","Deluxe Double Room with 15% off on Food & Soft Beverages","1 night ·","March 2023","Family","Reviewed: 18 March 2023","Exceptional","There are no comments available for this review","","",""
"Vendhan","India","Deluxe Double Room with 15% off on Food & Soft Beverages","1 night ·","March 2023","Family","Reviewed: 17 March 2023","Exceptional","There are no comments available for this review","","",""
"Raja","Kuwait","Premium Double Room with 15% off on Food & Soft Beverages","1 night ·","February 2023","Couple","Reviewed: 15 March 2023","Superb","There are no comments available for this review","","",""
"Alexander","India","Deluxe Double Room with 15% off on Food & Soft Beverages","2 nights ·","January 2023","Solo traveller","Reviewed: 18 February 2023","Superb","There are no comments available for this review","","",""
"Reddy","India","Deluxe Double Room with 15% off on Food & Soft Beverages","1 night ·","August 2022","Family","Reviewed: 17 October 2022","Exceptional","There are no comments available for this review","","",""
"Vendhan","India","Deluxe Double Room with 15% off on Food & Soft Beverages","1 night ·","September 2022","Family","Reviewed: 12 September 2022","Exceptional","There are no comments available for this review","","",""
"Arulmozhi","India","Deluxe Double Room with 15% off on Food & Soft Beverages","1 night ·","July 2022","Couple","Reviewed: 30 August 2022","Very good","There are no comments available for this review","","",""
"Niaz","India","Deluxe Double Room with 15% off on Food & Soft Beverages","1 night ·","August 2022","Family","Reviewed: 25 August 2022","Very good","There are no comments available for this review","Hotel response:","We're ecstatic to receive your 8-star rating! Your...",""
"","","","","","","","","","","",""
"","","","","","","","","","","",""
"Rangabashyam","Singapore","Deluxe Double Room with 15% off on Food & Soft Beverages","1 night ·","July 2022","Solo traveller","Reviewed: 21 July 2022","Exceptional","There are no comments available for this review","Hotel response:","Your 10-star review is a remarkable achievement....",""
"Kumar","India","Deluxe Double Room with 15% off on Food & Soft Beverages","1 night ·","June 2022","Couple","Reviewed: 27 June 2022","Very good","There are no comments available for this review","Hotel response:","We're ecstatic to receive your 8-star rating! Your...",""
"Praveen","India","Deluxe Double Room with 15% off on Food & Soft Beverages","1 night ·","April 2022","Couple","Reviewed: 26 May 2022","Superb","There are no comments available for this review","Hotel response:","Thank you for being a 9-star advocate! We can't wait...",""
"Dharmesh","India","Deluxe Double Room with 15% off on Food & Soft Beverages","3 nights ·","March 2022","Family","Reviewed: 4 March 2022","Superb","There are no comments available for this review","Hotel response:","Your 9-star review is highly motivating. We're...",""
"Dd","India","Deluxe Double Room with 15% off on Food & Soft Beverages","1 night ·","October 2021","Couple","Reviewed: 26 October 2021","Exceptional","There are no comments available for this review","Hotel response:","Your 10-star review is a remarkable achievement....",""
"Anoop","India","Deluxe Double Room with 15% off on Food & Soft Beverages","1 night ·","August 2021","Couple","Reviewed: 12 August 2021","Very good","There are no comments available for this review","Hotel response:","Thank you for your exceptional 8-star rating! We're...",""
"Vinayak","India","Deluxe Double Room with 15% off on Food & Soft Beverages","1 night ·","April 2021","Solo traveller","Reviewed: 10 April 2021","Exceptional","There are no comments available for this review","Hotel response:","Your 10-star review is a remarkable achievement....",""
"Imtiaz","India","Deluxe Double Room with 15% off on Food & Soft Beverages","3 nights ·","December 2023","Family","Reviewed: 4 January 2024","Superb","There are no comments available for this review","Hotel response:","Your 9-star review is highly motivating. We're...",""
"G","India","Deluxe Double Room with 15% off on Food & Soft Beverages","1 night ·","April 2023","Family","Reviewed: 16 April 2023","Exceptional","There are no comments available for this review","","",""
"Pacheco","India","Deluxe Double Room with 15% off on Food & Soft Beverages","1 night ·","March 2023","Solo traveller","Reviewed: 12 April 2023","Very good","There are no comments available for this review","","",""
"","","","","","","","","","","",""
"","","","","","","","","","","",""
"Rupesh","India","Deluxe Double Room with 15% off on Food & Soft Beverages","1 night ·","March 2023","Couple","Reviewed: 10 April 2023","Very good","There are no comments available for this review","","",""
"Viren","India","Deluxe Double Room with 15% off on Food & Soft Beverages","1 night ·","March 2023","Family","Reviewed: 20 March 2023","Superb","There are no comments available for this review","","",""
"Y","India","Deluxe Double Room with 15% off on Food & Soft Beverages","3 nights ·","March 2023","Couple","Reviewed: 10 March 2023","Very good","There are no comments available for this review","","",""
"Sailesh","India","Deluxe Double Room with 15% off on Food & Soft Beverages","1 night ·","January 2023","Couple","Reviewed: 22 January 2023","Superb","There are no comments available for this review","","",""
"Shanthana","India","Deluxe Double Room with 15% off on Food & Soft Beverages","1 night ·","November 2022","Group","Reviewed: 28 November 2022","Very poor","There are no comments available for this review","","",""
"Mohamed","India","Deluxe Double Room with 15% off on Food & Soft Beverages","1 night ·","June 2022","Group","Reviewed: 23 June 2022","Superb","There are no comments available for this review","Hotel response:","Your feedback is priceless, and a 9-star rating is truly...",""
"Aadil","India","Deluxe Double Room with 15% off on Food & Soft Beverages","1 night ·","May 2022","Family","Reviewed: 23 June 2022","Superb","There are no comments available for this review","Hotel response:","Your feedback is priceless, and a 9-star rating is truly...",""
"Saptarshi","India","Deluxe Double Room with 15% off on Food & Soft Beverages","1 night ·","February 2022","Couple","Reviewed: 26 February 2022","Very good","There are no comments available for this review","Hotel response:","Thank you for your exceptional 8-star rating! We're...",""
"Thiruvenkadam","Germany","Deluxe Double Room with 15% off on Food & Soft Beverages","1 night ·","January 2022","Solo traveller","Reviewed: 11 January 2022","Very good","There are no comments available for this review","Hotel response:","Your 8-star review is a testament to our commitment to...",""
"Kasirajan","India","Deluxe Double Room with 15% off on Food & Soft Beverages","1 night ·","November 2021","Couple","Reviewed: 10 December 2021","Very good","There are no comments available for this review","Hotel response:","Thank you for your exceptional 8-star rating! We're...",""
"","","","","","","","","","","",""
"","","","","","","","","","","",""
"Good","India","Deluxe Double Room with 15% off on Food & Soft Beverages","1 night ·","September 2021","Couple","Reviewed: 4 October 2021","Superb","There are no comments available for this review","Hotel response:","Your feedback is priceless, and a 9-star rating is truly...",""
"Javid","India","Deluxe Double Room with 15% off on Food & Soft Beverages","1 night ·","September 2021","Group","Reviewed: 3 October 2021","Very good","There are no comments available for this review","Hotel response:","We're ecstatic to receive your 8-star rating! Your...",""
"Adi","India","Deluxe Double Room with 15% off on Food & Soft Beverages","1 night ·","September 2021","Group","Reviewed: 12 September 2021","Superb","There are no comments available for this review","Hotel response:","Your 9-star review is highly motivating. We're...",""
"Mohammed","India","Deluxe Double Room with 15% off on Food & Soft Beverages","1 night ·","April 2021","Group","Reviewed: 15 April 2021","Superb","There are no comments available for this review","Hotel response:","Your 9-star review is highly motivating. We're...",""
"Harikrishnaa","India","Deluxe Double Room with 15% off on Food & Soft Beverages","1 night ·","August 2023","Family","Reviewed: 18 October 2023","Poor","There are no comments available for this review","Hotel response:","Thanks for sharing your feedback. We know that we can do...",""
"Midhun","India","Superior Double Room","3 nights ·","August 2023","Family","Reviewed: 11 August 2023","Very poor","There are no comments available for this review","Hotel response:","We are really sorry that you had a 2 star experience with...",""
"Binu","India","Superior Double Room","1 night ·","July 2023","Family","Reviewed: 6 July 2023","Poor","There are no comments available for this review","Hotel response:","Hi Binu,
Thanks for sharing your feedback. We know that...",""
"Krithik","India","Deluxe Double Room with 15% off on Food & Soft Beverages","1 night ·","June 2022","Couple","Reviewed: 23 June 2022","","This review has been hidden because it doesn't meet our guidelines.","","",""
"Pvt","India","Deluxe Double Room with 15% off on Food & Soft Beverages","2 nights ·","March 2024","Couple","Reviewed: 12 March 2024","Poor","There are no comments available for this review","","",""
"Nitin","United Arab Emirates","Deluxe Double Room with 15% off on Food & Soft Beverages","2 nights ·","October 2023","Family","Reviewed: 14 October 2023","Poor","There are no comments available for this review","Hotel response:","Dear Mr.Nitin
Namaskar!! 

Thank you for sharing your...",""
"","","","","","","","","","","",""
"","","","","","","","","","","",""
"Akshay","India","Premium Double Room with 15% off on Food & Soft Beverages","1 night ·","August 2023","Couple","Reviewed: 15 August 2023","Bad","There are no comments available for this review","Hotel response:","We are really sorry that you had a 1 star experience with...",""
"Maheswararao","India","Superior Double Room","2 nights ·","July 2023","Family","Reviewed: 13 July 2023","Very poor","There are no comments available for this review","Hotel response:","Thanks for the honest review. Apologies for the issue....",""
"Saminathan","Singapore","Deluxe Double Room with 15% off on Food & Soft Beverages","1 night ·","November 2022","Couple","Reviewed: 27 December 2022","Hi Sri, when we went to check the about our reservation, we were surprised to know there was no book","There are no comments available for this review","Hotel response:","Dear Guest,
Namaskar!!
Thank you for sharing your review...",""
"Sarath","India","Deluxe Double Room with 15% off on Food & Soft Beverages","2 nights ·","December 2022","Group","Reviewed: 26 December 2022","Bad","There are no comments available for this review","","",""
"Kitey","India","Deluxe Double Room with 15% off on Food & Soft Beverages","1 night ·","October 2022","Group","Reviewed: 13 October 2022","Bad","There are no comments available for this review","","",""
"Ashok","India","Deluxe Double Room with 15% off on Food & Soft Beverages","1 night ·","June 2022","Family","Reviewed: 2 July 2022","Bad","There are no comments available for this review","Hotel response:","We are really sorry that you had a 1 star experience with...",""
"Tarun","India","Deluxe Double Room with 15% off on Food & Soft Beverages","2 nights ·","May 2022","Group","Reviewed: 2 May 2022","Bad","There are no comments available for this review","Hotel response:","We are really sorry that you had a 1 star experience with...",""
"Joy","India","Deluxe Double Room with 15% off on Food & Soft Beverages","2 nights ·","August 2021","Family","Reviewed: 9 August 2021","Bad","There are no comments available for this review","Hotel response:","We are really sorry that you had a 1 star experience with...",""
"Vinod","India","Deluxe Double Room with 15% off on Food & Soft Beverages","2 nights ·","July 2021","Solo traveller","Reviewed: 26 July 2021","Bad","There are no comments available for this review","Hotel response:","We are really sorry that you had a 1 star experience with...",""
"Balaji","India","Deluxe Double Room with 15% off on Food & Soft Beverages","1 night ·","October 2023","Couple","Reviewed: 31 December 2023","Exceptional","There are no comments available for this review","Hotel response:","We're beyond thrilled to receive your perfect 10-star...",""
"","","","","","","","","","","",""
"","","","","","","","","","","",""
"Bose","India","Deluxe Double Room with 15% off on Food & Soft Beverages","4 nights ·","June 2023","Solo traveller","Reviewed: 13 August 2023","Exceptional","There are no comments available for this review","Hotel response:","Thank you for being a 10-star advocate! We look forward...",""
"Anonymous","India","Deluxe Double Room with 15% off on Food & Soft Beverages","1 night ·","December 2022","Solo traveller","Reviewed: 6 December 2022","Disappointing","There are no comments available for this review","","",""
"Anonymous","India","Premium Double Room with 15% off on Food & Soft Beverages","2 nights ·","January 2023","Solo traveller","Reviewed: 28 January 2023","Poor","There are no comments available for this review","","",""
"Anonymous","India","Deluxe Double Room with 15% off on Food & Soft Beverages","1 night ·","March 2022","Couple","Reviewed: 21 April 2022","Very good","There are no comments available for this review","Hotel response:","We're ecstatic to receive your 8-star rating! Your...",""
"Anonymous","India","Deluxe Double Room with 15% off on Food & Soft Beverages","2 nights ·","September 2021","Solo traveller","Reviewed: 4 December 2021","Very good","There are no comments available for this review","Hotel response:","Thank you for your exceptional 8-star rating! We're...",""
"Anonymous","India","Family","Suite","February 2023","4 nights ·","Reviewed: 16 February 2023","Poor","There are no comments available for this review","","",""
"Anonymous","India","Deluxe Double Room with 15% off on Food & Soft Beverages","1 night ·","December 2023","Couple","Reviewed: 14 December 2023","Bad","There are no comments available for this review","Hotel response:","Thanks for the honest review. Apologies for the issue....",""
"Hakan","Netherlands","Deluxe Double Room with 15% off on Food & Soft Beverages","1 night ·","May 2022","Family","Reviewed: 21 June 2022","Pleasant","There are no comments available for this review","Hotel response:","Your 6-star review is truly special. We're dedicated...",""
"","","","","","","","","","","",""
"","","","","","","","","","","",""
"Ashok","India","Deluxe Double Room with 15% off on Food & Soft Beverages","1 night ·","June 2022","Family","Reviewed: 2 July 2022","Bad","There are no comments available for this review","Hotel response:","We are really sorry that you had a 1 star experience with...",""