"a3332d346a","afac1f68d9","abf093bdfe","abf093bdfe 2","abf093bdfe 3","abf093bdfe 4","abf093bdfe 5","f6431b446c","a53cbfa6de","a53cbfa6de 2"
"Javed","Bangladesh","Executive Double or Twin Room","4 nights ·","November 2022","Family","Reviewed: 18 November 2022","Exceptional Hotel","In one word Excellent hotel.. Excellent Staff and Location. Definitely i will go again with my family.  Thanks to Mr Raj at the Reception 😊","Everything is fine."
"Patrice","Mauritius","Executive Double or Twin Room","9 nights ·","March 2024","Couple","Reviewed: 21 March 2024","Good","Prompt service and clean rooms","Breakfast for foreigners was not varied."
"Ramalingam","United Kingdom","Executive Double or Twin Room","2 nights ·","February 2024","Group","Reviewed: 22 February 2024","Superb","The breakfast and the dinner were fabulous. Very good location for shopping and to other transport. Staff is working there very helpful. We will visit this again and recommend to other holiday people.","N/A"
"Benjamin","Australia","Executive Double or Twin Room","2 nights ·","January 2024","Group","Reviewed: 8 February 2024","Very good","Good location and pretty much what you see is what you get.","Pool is very dirty and the area could use some lounge chairs."
"Altaf","Georgia","Executive Double or Twin Room","2 nights ·","January 2024","Solo traveller","Reviewed: 20 January 2024","Good value for money","Nice location",""
"Motiar","Bangladesh","Executive Double or Twin Room","18 nights ·","December 2023","Family","Reviewed: 23 December 2023","Very good","Hotel staff were so helpful and cooperative. Upgraded without any cost. My family enjoyed the stay. It's worthy of money.",""
"Vishay","South Africa","Executive Double or Twin Room","3 nights ·","December 2023","Family","Reviewed: 21 December 2023","Very good","The staff were incredibly friendly and willing to assist with everything. Housekeeping was very reactive when we needed anything. The staff at reception were very helpful with any request we needed. And the restaurant staff, there are no words to describe how warm and friendly they were. Our stay was so comfortable and it felt like home.","There was not much not to like"
"Latha","United Kingdom","Executive Double or Twin Room","2 nights ·","November 2023","Group","Reviewed: 22 November 2023","Amazing staff, reception staff are lovely specially Sunithira is very helpful.","Clean, near to local amenities.","N/a"
"Saikumaar","Singapore","Executive Double or Twin Room","2 nights ·","November 2023","Family","Reviewed: 19 November 2023","Superb","Sometimes no hot water",""
"Sriram","India","Executive Double or Twin Room","1 night ·","November 2023","Couple","Reviewed: 1 November 2023","Good for short stay.","Room was decent and clean. Food was good. Staff were polite.","Nothing in particular. May be slightly over priced."
"D","Saudi Arabia","Executive Double or Twin Room","1 night ·","August 2023","Solo traveller","Reviewed: 2 September 2023","VALUE  FOR MONEY","BREAKFAST HAD VARIOUS  CHOICES.   TASTY FOOD.  I  TOOK DINNER  ALSO IN THE  RESTAURENT.  VERY GOOD","REQUESTED FOR  SINGLE BED.   BUT THEY OFFER  TWIN COT   BED"
"Parameswari","Australia","Executive Double or Twin Room","2 nights ·","August 2023","Group","Reviewed: 21 August 2023","We got what we wanted","The breakfast was excellent.  
Right location for shopping
Staff were very friendly. 
Able to leave our luggage in their locker since we were checking out that evening. 
Manager Mr. Raja was very helpful","None"
"Pararajasingam","United Kingdom","Executive Double or Twin Room","2 nights ·","July 2023","Group","Reviewed: 6 August 2023","Superb ...","staffs were very friendly and very helpful. They ensured we were comfortable at all times. The rooms were very clean, spacious, and better than expected.  Breakfast was good and had a considerable number of options.","The Internet was a bit slow."
"Gaurav","India","Executive Double or Twin Room","2 nights ·","July 2023","Solo traveller","Reviewed: 7 July 2023","A good hotel for people not in a hurry!","Breakfast was good. Room was spacious and we'll maintained.","Noise from floor above and side rooms. Cost is Little high."
"Ravin","Spain","Executive Double or Twin Room","4 nights ·","May 2023","Family","Reviewed: 12 June 2023","Quality inn súper!!!","Everything fine",""
"Manigam","Malaysia","Executive Double or Twin Room","3 nights ·","June 2023","Family","Reviewed: 6 June 2023","Worthy staying in this hotel.","Nice room and good service","same breakfast. Should have more varieties and different food every day"
"Anthony","Singapore","Executive Double or Twin Room","3 nights ·","December 2022","Family","Reviewed: 24 December 2022","Superb","Excellent service, nearby T Nagar, less than 10 mins bu an auto. Shops nearby.","Room service menu is comprehensive but kitchen doesn't serve most of it."
"Dhiman","India","Executive Double or Twin Room","3 nights ·","December 2022","Couple","Reviewed: 24 December 2022","Stay was very comfortable and very convenient for me . Thank you.","Breakfast was on time and very delicious",""
"Sureshbabu","India","Executive Double or Twin Room","2 nights ·","October 2022","Solo traveller","Reviewed: 12 October 2022","satisfactory","spacious room","Old property. they need to do pest control seriously"
"Nihal","Sri Lanka","Executive Double or Twin Room","1 night ·","September 2022","Group","Reviewed: 10 September 2022","Very satisfied","Good breakfast.  Conveniently located","Quality of the linen"
"","","","","","","","","",""
"","","","","","","","","",""
"Thanabalan","Malaysia","Executive Double or Twin Room","2 nights ·","September 2022","Family","Reviewed: 8 September 2022","very happy","the break is super good... location is convenient and traffic free road....","restaurant staff very slow"
"Thiruselvi","Malaysia","Executive Double or Twin Room","6 nights ·","August 2022","Family","Reviewed: 3 August 2022","Superb","Cleanliness","NIL"
"Abdul","Saudi Arabia","Executive Double or Twin Room","2 nights ·","June 2022","Couple","Reviewed: 22 June 2022","Pleasant stay & Exellent Service","Room,Lounge & Location 
Food is Tasty 
Breakfast is very good","center table in room not suitable for room"
"Rajadurga","India","Executive Double or Twin Room","2 nights ·","March 2024","Couple","Reviewed: 21 March 2024","Stay was safe & comfortable","It was very good","Nothing"
"Yokenth","United Arab Emirates","Executive Double or Twin Room","3 nights ·","February 2024","Family","Reviewed: 29 February 2024","Very good","Hotel location was good and accessible for taxis to move around the city. The hotel is worth the price I paid, and they do a good job to keep it that way.","Could work a little better on the amenities and the extra bed we requested was uncomfortable."
"Palaniappan","United States","Executive Double or Twin Room","4 nights ·","February 2024","Couple","Reviewed: 17 February 2024","Very good","Comfortable stay,clean room,courteous staff, reasonably priced,nice breakfast buffet","Room service prices were exorbitant"
"Pameswary","Malaysia","Executive Double or Twin Room","2 nights ·","February 2024","Family","Reviewed: 16 February 2024","Very good","The hotel environment","The hotel is too calculative and no give and take"
"Deepesh","India","Executive Double or Twin Room","3 nights ·","January 2024","Family","Reviewed: 9 January 2024","1. Reduce food price 2. Serve 300 ml bisleri bottle complimentary","Food so expensive..and breakfast not good for a North indian guest.even they didn't serve complimentary mineral water.they give normal.water in glass bottle that looks so poor feel.","The cost of food"
"Puvanaa","Malaysia","Executive Double or Twin Room","3 nights ·","December 2023","Couple","Reviewed: 7 December 2023","all good and pleasant","simple, clean hotel. Staffs were friendly. They planned well and managed during Cyclone Michaung, by sending breakfast to our rooms, and generator to supply electricity since there's was a power supply stop by local government.",""
"Prokash","India","Deluxe Double or Twin Room","5 nights ·","October 2023","Solo traveller","Reviewed: 14 October 2023","good","yes","cleanliness"
"","","","","","","","","",""
"","","","","","","","","",""
"Angara","India","Executive Double or Twin Room","3 nights ·","September 2023","Couple","Reviewed: 8 September 2023","Enjoyable","Room size.Location Staff was courteous.",""
"Midhath","Maldives","Executive Double or Twin Room","6 nights ·","July 2023","Family","Reviewed: 11 August 2023","My room is very small and they don't even give any upgrade opportunity for genuine customers.","Most of the staff are very helpful but some not fit for the standard.","The breakfast is not good. Lunch and dinner buffet is v expensive. Area is not good for the pedestrian. No good restaurants on working distance."
"Balarajah","United Kingdom","Executive Double or Twin Room","2 nights ·","July 2023","Couple","Reviewed: 11 August 2023","Very good","Good breakfast variety was there","Happy with"
"Vinoth","United States","Executive Double or Twin Room","1 night ·","May 2023","Family","Reviewed: 21 May 2023","Good one , little bit expensive","Location, Breakfast , Staff","Room was too small,  restroom glass was not clean, TV not worked"
"Martha","Malaysia","Executive Double or Twin Room","5 nights ·","April 2023","Couple","Reviewed: 27 April 2023","Enjoyed the stay! Feel safe.","Love the  breakfast 
staff very friendly and helpful
Room was good","Unpleasant odour came from the bathroom. 
iron board need to request
Requested to stay extra hours due to flight delayed, but the chargers for 5 hours was INR3000. So, we have no choice, to check out early and wait at the airport for long."
"Periasamy","Singapore","Executive Double or Twin Room","2 nights ·","April 2023","Couple","Reviewed: 9 April 2023","Was Good","Everything","Na"
"Vinay","India","Executive Double or Twin Room","2 nights ·","January 2023","Solo traveller","Reviewed: 21 January 2023","Good stay but could have been better","Location, room, ac, shower worked great","Internet was too spotty"
"Amirthalingam","New Zealand","Executive Double or Twin Room","3 nights ·","January 2023","Family","Reviewed: 9 January 2023","Very good","location and price","no iron or ironing board in the room."
"Adas86","India","Executive Double or Twin Room","4 nights ·","October 2022","Solo traveller","Reviewed: 1 December 2022","Superb","I went to attend a conference in Chennai and stayed 4 nights. The hotel is a little bit far from the airport but that was not an issue at all. It was comfortable, the buffet breakfast and dinner were delicious. The room was very well lit and spacious and quiet, clean. The location is good with cabs. autos available just outside the hotel.","Nothing"
"Mallikarjuna","India","Executive Double or Twin Room","3 nights ·","November 2022","Family","Reviewed: 28 November 2022","Comfort stay","Tasty","Dining tables were not perfectly installed , they are tilting while having food . Better replace the dining tables with a regular 4 legs pattern"
"","","","","","","","","",""
"","","","","","","","","",""
"Krishna","Australia","Executive Double or Twin Room","1 night ·","October 2022","Couple","Reviewed: 24 October 2022","It was a quiet and comfortable stay","Good","It was fine for our short stay in Chennai
No further comments"
"Balaji","United States","Executive Double or Twin Room","6 nights ·","September 2022","Family","Reviewed: 11 September 2022","Good","good location in Tnagar",""
"Shanker","Singapore","Executive Double or Twin Room","1 night ·","August 2022","Solo traveller","Reviewed: 29 August 2022","Very good","Staff and the breakfast","Some amenities are missing and need to call the room service...a few times"
"Suresh","India","Executive Double or Twin Room","1 night ·","July 2022","Solo traveller","Reviewed: 1 August 2022","Very good","Good food reasonably priced","Small cockroaches in the room"
"Dhanushka","Indonesia","Executive Double or Twin Room","2 nights ·","March 2024","Couple","Reviewed: 23 March 2024","Good","Location and helpful staff","Rooms are old"
"Vandana","India","Deluxe Double or Twin Room","2 nights ·","November 2023","Family","Reviewed: 20 November 2023","Should be more elderly friendly!!","Cleanliness , hot water supply were good! Breakfast is ok. Rooms smelled musty.","We didn't get the rooms we wanted, although we made the booking a month early . Another major issue was the height of the bed and mattress. Too high! My elderly parents cudnt climb the bed. We had to bargain and plead a lot for a change of room.. Just don't understand the logic behind the  increase in  the height of the bed. Very elderly unfriendly.  Also, the shower cubicle is too small for a person to fit in. The bathroom is big,the shower cubicle easily could have been bigger!!"
"Devendranath","India","Executive Double or Twin Room","2 nights ·","July 2023","Family","Reviewed: 7 July 2023","Liked it mainly because it’s located near the huge market hub of T. nagar….","Centrally located … nice rooms.. long mirror helpful for dressing… cooperative staff .. the receptionist Ms.Sumitra was very helpful and even the other two males at the reception are good in dealing with customers ..

The breakfast was simply awesome..  lot of varieties and it tasted really very well.. the hot dosas and omelette were enjoyed by my parents … The waiter staff at the dining were also very courteous and helped us in serving..","Huge tall beds making it very difficult to even sit….very u comfortable for the aged people to climb on it and then rest … The mattress size can really be reduced to 8 -10 inches rather than the ones they have ..

There were cockroaches on the room floor and walls … did tell them about the same to rectify ."
"Koomaran","Malaysia","Executive Double or Twin Room","4 nights ·","April 2023","Family","Reviewed: 25 May 2023","Good","Friendly staff","Please improve on the toilet cleanliness. 

No toilet rolls"
"Khalid","India","Executive Double or Twin Room","2 nights ·","February 2023","Family","Reviewed: 5 February 2023","Good","Lobby was good breakfast was also nice","Room window"
"Perumal","Singapore","Executive Double or Twin Room","9 nights ·","July 2022","Couple","Reviewed: 18 July 2022","My stay-Hotel Quality Inn Sabari Grand.","Distance to T-Nagar is close. Hotel staffs were very friendly and very courteous. Room size was usual. Breakfast was solely of South Indian type. Overall was a good stay and would gladly recommend to others.","Room 412-Mini fridge was not in working condition. Foot massager as stated in the booking was available.One big annoyance- hot water for shower is only available during am/pm peak hours. This is usual of many budget hotels. Hot water wasn't really hot. Water leaked through the curb while showering and bathroom floor was wet everytime."
"","","","","","","","","",""
"","","","","","","","","",""
"Prakash","Singapore","Executive Double or Twin Room","2 nights ·","July 2023","Family","Reviewed: 11 July 2023","A cosy stay","Cosy and nice. Service was good.",""
"Devayani","United States","Executive Double or Twin Room","2 nights ·","January 2023","Couple","Reviewed: 9 January 2023","Very good","Somebody had smoked in the room alloted to us so the staff showing us the room quickly talked with the reception and got us an upgrade. We stayed 2 nights. The breakfast buffet was really good both days. Good enough spread for me who prefers continental and my partner south indian. 
The roof top restaurant has nice views of the city and a beautiful place to hang out in the evening. 
Location is central for all the touristy things Mylapore, the churches, shopping. and not far from airport. 
They also had complementary foot massage for one. My partner tried that and decided to take the whole package. It was very relaxing at the end of our trip.",""
"Deepika","South Africa","Executive Double or Twin Room","2 nights ·","December 2023","Family","Reviewed: 22 January 2024","Exceptional","staff were very friendly and helpful as it was our first time in south  India. Hotel was in good shape rooms were clean .",""
"Julie","Australia","Executive Double or Twin Room","2 nights ·","October 2023","Couple","Reviewed: 28 October 2023","Best possible place to have chosen for start of our trip.","A short stay at the hotel due to our flight problems but leaving with heart felt gratitude to all the staff/management for their invaluable assistance to do so many things for us,","Pool wasn’t operational"
"Ramankrishnan","Singapore","Executive Double or Twin Room","1 night ·","October 2023","Group","Reviewed: 24 October 2023","Exceptional","Friendly and efficient staff, room cleaned daily basis, more food varieties in buffet breakfast","Room service food need more varieties"
"Geethaparan","Canada","Executive Double or Twin Room","2 nights ·","September 2023","Couple","Reviewed: 25 September 2023","Exceptional","The Staff were wonderful, Very helpful",""
"Vaibhav","India","Executive Double or Twin Room","1 night ·","June 2023","Couple","Reviewed: 10 August 2023","The bestest..","They upgraded us to suite as we had infant and trust me that the best..the reception people are really humble and sweet..the female understands very little english but you can say she tries really hard to understand what guests are saying..the room was spacious with king bed..super comfortable room with attached hall..food ordered in room was super delicious.. humble staff.","Only let down was breakfast..the entire buffet breakfast was without salt..infact the live counter of omlette inspite of telling he never added salt to omlette..the muffins and slice cake were of ragi or wheat and that too non sweet and the slice bread was really very sweet... please look into the breakfast..if this is sorted then this is the best hotel too stay..any which ways we will definitely come back to ur hotel.."
"Anisha","United Kingdom","Executive Double or Twin Room","4 nights ·","July 2023","Family","Reviewed: 8 July 2023","Exceptional","The staff were absolutely wonderful! They were always so friendly and caring.","The breakfast could have been better."
"Mathan","Malaysia","Executive Double or Twin Room","1 night ·","June 2023","Family","Reviewed: 27 June 2023","Exceptional","Very nice hotel.. Good restaurant good location and very nice staff all","No comment"
"Debraj","India","Executive Double or Twin Room","1 night ·","April 2023","Couple","Reviewed: 2 May 2023","stay as good I had been  there two times before","Breakfast was very good and location of the property is also very good","Roof Top bar was closed and not family friendly to spent time over there"
"","","","","","","","","",""
"","","","","","","","","",""
"Selvarani","South Africa","Executive Double or Twin Room","3 nights ·","April 2023","Family","Reviewed: 2 April 2023","Excellent overall stay, breakfast was good, dinner was excellent, friendly staff","Room needs a central bright light, too many small lights",""
"Javed","Bangladesh","Executive Double or Twin Room","4 nights ·","January 2023","Family","Reviewed: 8 January 2023","Exceptional","Almost Everything about the hotel is Excellent. I have enjoyed my trip with my family and my daughter loved this place after a long time due to global pandemic. Reception staff are Very good . Specially  Mr.RAJA helped us all and taken care of.  Excellent Staff Excellent Breakfast Menu and Excellent Reception and house keeping thank you very much.","No Complain. Everything OK."
"Sandhya","India","Executive Double or Twin Room","1 night ·","January 2023","Family","Reviewed: 4 January 2023","Exceptional","This place is very good option to stay and the staff is courteous. My sister was actually sick and they actually helped us by providing everything in the room. They were very helpful. Ambience of the hotel is really good","Nothing"
"Mahendran","Malaysia","Executive Double or Twin Room","4 nights ·","December 2022","Family","Reviewed: 23 December 2022","Amazing hotel with Amazing people","Cleanliness and Friendliness","Wifi instability"
"Chandralekha","India","Executive Double or Twin Room","1 night ·","August 2022","Group","Reviewed: 5 September 2022","Comfort Stay","The Breakfast was very nice with lots of variety. Very clean & well maintained","NA"
"Ravin","Malaysia","Executive Double or Twin Room","2 nights ·","July 2022","Family","Reviewed: 22 July 2022","Exceptional","The employee are super friends & provide information at 5star","Lobby area & breakfast area at same place."
"Lavanya","Malaysia","Executive Double or Twin Room","1 night ·","June 2022","Family","Reviewed: 18 June 2022","Exceptional","Excellent place to stay.Worth every single penny we spent.Convenient to city.Overall I  highly recommend this place.",""
"Shai","India","Executive Double or Twin Room","2 nights ·","April 2024","Family","Reviewed: 3 April 2024","Swimming pool so small , did not feel postibe vibes in room , breakfast served cold ..","Location , reception","AC AND Fridge Was not working initially , after 2 3 visits by technicians it works .. have not expected this in this hotel"
"Nishal","Malaysia","Executive Double or Twin Room","1 night ·","February 2024","Couple","Reviewed: 25 March 2024","Exceptional","Was good","Noting"
"Deepasriya","United States","Executive Double or Twin Room","2 nights ·","January 2024","Couple","Reviewed: 16 January 2024","Convenient for shopping and a good value","Proximity to home","Night Room Service is poor"
"","","","","","","","","",""
"","","","","","","","","",""
"Sanjay","United States","Executive Double or Twin Room","2 nights ·","January 2024","Solo traveller","Reviewed: 14 January 2024","Ok for short unscheduled stay when out of options. Cancellation policy is questionable.","Breakfast while plentiful was average. Also too spicy. Coffee was great. Western options passable. Many insects in room. Staff was very very courteous and quick.","Roaches in room. Also A/c not on auto. When you leave room, it shuts off. As it gets very muggy in Chennai year around, takes a while each time for room to cool down."
"Rajoo","South Africa","Executive Double or Twin Room","4 nights ·","October 2023","Couple","Reviewed: 22 October 2023","Overall could be better if hotel staff attempted to find the reason for unpleasant smell in room","The breakfast was the best as compared to the previous 3 hotels that we stayed in, Puttaparthi, Bangalore & Tirupati.","There was an unpleasant smell of pee / urine in the entire room. I contacted reception and a gentleman came and sprayed air freshener , without attempting to find out the core reason for the smell."
"Chandrasekar","Singapore","Executive Double or Twin Room","3 nights ·","May 2023","Family","Reviewed: 8 May 2023","Passable","Location","1. The room access card didn't work when we checked in around 23:30 hours! The room boy helped us to open the room using his master card. The reception told they have fixed the issue... But the access card didn't work the next day morning as well. Had to chase them to sort out the room access card issue.
2. Requested for mere 4 hours of late check-out (for our return flight) and they couldn't consider\offer waiver of additional rental charges. Despite citing the room access card issue, they were adamant in charging for half a day rental (for 4 hours)"
"Cian","Morocco","Executive Double or Twin Room","21 nights ·","February 2023","Solo traveller","Reviewed: 28 February 2023","Passable","the gym was okay.","the wifi was slow, the road was busy with homeless and transvestites outside the whole night. the breakfast was bad."
"Avudaiappan","Canada","Executive Double or Twin Room","2 nights ·","August 2022","Family","Reviewed: 1 September 2022","ok hotel","close to amenities and breakfast is good","wifi doesn’t work even in room and no wifi in lounge"
"Mitra","India","Executive Double or Twin Room","1 night ·","August 2022","Family","Reviewed: 25 August 2022","Moderate","rooms were tidy 
Our checkout was by 12 but they extended till 1 since we said we’l be having lunch there","The staff in the lunch area could have been courteous. We had a toddler who was hungry and they refuse to give a lunch table saying it’s fully booked even though we stayed in the room. If they can’t provide a table for lunch then they should not take up the room booking in first place. Poor management of resources but other than that we had a good stay."
"Hameed","Saudi Arabia","Executive Double or Twin Room","2 nights ·","March 2024","Family","Reviewed: 30 March 2024","Passable","Breakfast","The room entry card was misplaced, and they cost us 1000 rupees. The cost is very high and not acceptable"
"Anna","United Kingdom","Executive Double or Twin Room","2 nights ·","January 2024","Family","Reviewed: 22 January 2024","Could be better","Friendly and helpful staff. Good breakfast. Good location","Unpleasant smell in room. Bathroom had black mould and looked as if it needed a refurb. Sheets on the bed were very thin and slippery- not at all fresh and comfortable."
"Harvend","Malaysia","Executive Double or Twin Room","3 nights ·","August 2023","Family","Reviewed: 2 September 2023","Everage….could be better","Room service is ok","Front counter service is not gd"
"Sreenivas","India","Executive Double or Twin Room","2 nights ·","August 2023","Couple","Reviewed: 25 August 2023","Overall decent stay.","Breakfast was decent.","One of the lift makes a loud sound when it reaches each floor, which can be heard even inside rooms. Very disturbing during the night. No one seems to care."
"","","","","","","","","",""
"","","","","","","","","",""
"Krishnan","Malaysia","Executive Double or Twin Room","4 nights ·","July 2023","Solo traveller","Reviewed: 1 August 2023","I came for work","Was reasonable","Staff was friendly"
"Patel'z","South Africa","Executive Double or Twin Room","10 nights ·","December 2022","Couple","Reviewed: 15 December 2022","Quality Inn Sabari, although affordable, not suitable for stays longer than 3 days. Disappointing!","The breakfast was good.
Restaurant meals were good.
hotel location was good and easy to find.","The hotel is not ideal for a stay longer than 3 days. we stayed for 10. First 4 days were a nightmare until our room was changed. Hotel is suitable for business travel and not leisure stay.  The hotel had mainly male staff. it need some feminine touch especially housekeeping.  The room on the surface looked clean and neat but actually was never thoroughly clean. the breakfast and dining area was always untidy and the tables and table mats never wiped sanitized or cleaned. we had to request for the table to be wiped before partaking of the meals.
serving dishes not maintained properly."
"Jaya","Singapore","Executive Double or Twin Room","1 night ·","November 2022","Couple","Reviewed: 15 November 2022","we have stayed thrice before this. severe drop in quality and performance.","brightly lit up as compared to our prior visits.","TV was never functioning despite numerous calls. remote controls are not easy to use. should hv clear directions on how to use each remote."
"Siva","United Kingdom","Executive Double or Twin Room","1 night ·","February 2024","Group","Reviewed: 20 March 2024","I BOOKED FOR 10 DAYS AND CHECKED OUT WITH IN FEW HOURS OF CHECKED IN.","NOTHING","PROPERTY IS NOT CLEAN AT ALL , MISTY SMELL , CANNOT EVEN KEEP SINGLE CLOTHS IN ROOM CUPBOARD"
"Bijayananda","India","Executive Double or Twin Room","1 night ·","August 2023","Solo traveller","Reviewed: 11 August 2023","Not recommended to stay","No cleanliness. Not hygiene place to stay. Cockroaches roaming freely inside room. Too expensive without proper service",""
"Seetha","Malaysia","Executive Double or Twin Room","4 nights ·","July 2023","Solo traveller","Reviewed: 30 July 2023","Its haunted","I was given a room 216. Started from 12 mid night
Till morning there was irritating noise from other
Rooms pulling chairs, pushing tables and lots more
WAKING ME UP, I WAS RESTLESS. I COMPLAIN GO FRONT DESK. BUT NO ACTION TAKEN TILL THE 3Rd day. Which makes me really worried",""
"Anonymous","Malaysia","Executive Double or Twin Room","2 nights ·","May 2023","Group","Reviewed: 15 May 2023","Very good","The hotel in the centre of town. i like the breakfast with many options. Friendly staff.",""
"Anonymous","Australia","Executive Double or Twin Room","1 night ·","December 2022","Family","Reviewed: 4 January 2023","Staff were very accomodating and helpful and the breakfast was really good. Great location.","Helpful staff and location","rooms need Reno"
"Anonymous","Germany","Executive Double or Twin Room","4 nights ·","September 2022","Solo traveller","Reviewed: 8 October 2022","Passable","The view from the roof top.","The rooms cleanliness was bad for a 4 star hotel. The fridge was not cooling, had to call room service two times, the it was replaced. 
WiFi was weak and is only available on the rooms, no WiFi on the roof top or lobby, breakfast hall. 
The breakfast is more traditional than western. The way how the staff was cleaning the tables during breakfast was horrifying. 
After 7pm, prostitutes are standing on the other side of the road."
"Alicia","Spain","Executive Double or Twin Room","2 nights ·","January 2024","Couple","Reviewed: 9 February 2024","Bueno hotel con rooftop excelente","Habitacion muy espaciosa. Se encuentra en la zona mas desarrollada de la ciudad, se tiene que ir en tuk tuk a Mylapore pero nos gusto estar de esa zona ton estresante. El hotel goza de un rooftop excepcional con piscina. Habitaciones muy comfortables y con buen aire acondicionado.","Algun miembro del personal muy seco."
"","","","","","","","","",""
"","","","","","","","","",""
"Marie","Reunion","Executive Double or Twin Room","2 nights ·","August 2023","Group","Reviewed: 8 August 2023","Très bien. Je recommanderais","Le personnel est très professionnel et sympathique, le prix raisonnable et proche de la ville.",""
"Sutharsan","Norway","Executive Double or Twin Room","3 nights ·","June 2023","Family","Reviewed: 27 June 2023","Very good","Mat",""
"Carmen","Germany","Executive Double or Twin Room","8 nights ·","February 2023","Group","Reviewed: 29 March 2023","Very good","Das indische Frühstück war sehr lecker, frische Zubereitung von Dosa & Eierspeisen im Speisesaal. Eine kleine Auswahl an internationalem Frühstück (im Wechsel Pancakes/ Frenchtoast, Müsli, 1 Wurstvariante, Toast, Marmelade, Kuchen, Muffins etc.) . Das Servicepersonal im ganzen Hotel, Rezeption, Service & Room Service waren alle sehr zuvorkommend und freundlich.","Die Reichweite & Stabilität des Wifis."
"Sila","Netherlands","Executive Double or Twin Room","2 nights ·","November 2023","Couple","Reviewed: 10 November 2023","Gemiddeld prettig verblijf","Rooftop","Badkamer met koud water
Koelkast deed het niet"
"Ghomaid","Argentina","Executive Double or Twin Room","2 nights ·","November 2023","Family","Reviewed: 3 November 2023","Un hotel preparado para el turista internacional. Excelente!","El trato del personal es excelente. Fuimos con mi suegra y nos hicieron sentir como dos reinas. Recomiendo enormemente este hotel en Chennai.",""
"Khandiah","France","Executive Double or Twin Room","3 nights ·","July 2023","Family","Reviewed: 28 July 2023","Exceptional","Good",""
"Devjoh","Reunion","Executive Double or Twin Room","5 nights ·","March 2023","Family","Reviewed: 5 April 2023","Exceptional","Personnel aimable",""
"Devjoh","Reunion","Executive Double or Twin Room","5 nights ·","March 2023","Family","Reviewed: 3 April 2023","Exceptional","Personnel  à l'écoute 
Très propre .",""
"Bhagavati","Reunion","Executive Double or Twin Room","5 nights ·","March 2023","Family","Reviewed: 18 March 2023","Exceptional","Hotel très propre personnel souriant et attentif.",""
"Bhagavati","Reunion","Executive Double or Twin Room","5 nights ·","March 2023","Family","Reviewed: 18 March 2023","Exceptional","Hotel très propre, personnel attentif et souriant.",""
"","","","","","","","","",""
"","","","","","","","","",""
"Joachim","Germany","Executive Double or Twin Room","4 nights ·","November 2023","Solo traveller","Reviewed: 7 November 2023","Pleasant","Das Preis-Leistungsverhältnis passt. Saubere Zimmer, freundliches Personal, gutes Frühstück.","Es liegt in einer verkehrsreichen Straße, wenig Möglichkeiten für akzeptables streetfood sind vorhanden. Ohne Tuck-tuck geht nichts. Insgesamt o.k. Aber wegen der Lage würde ich es nicht nochmal buchen."
"Dylan","France","Executive Double or Twin Room","1 night ·","August 2023","Family","Reviewed: 27 September 2023","Le pire hôtel que j'ai jamais vu !","Le seul point que j'ai aimé est la localisation.","J'ai réservé 2 chambres via booking. Une des deux chambres avait des cafards à côté des lits. Nous avons appelé directement le room service. Ils ont nettoyés la chambre mais malgré cela d'autres cafards étaient encore présent. La chambre n'est pas si grande que ça. La salle de sport est toute petite et il n'y a pas du tout d'équipements. Il avait eu de la pluie la veille du coup énormément d'eau étant présent dans la salle de sport à côté des machines électrique de sport : c'est très dangereux ! Le petit-déjeuner n'était pas terrible. Au moment du check out, en expliquant tout ces points à la réception, ils n'ont fait aucun gestes commerciales sachant que le prix des chambres étaient très élevé."
"Sushma","Singapore","Executive Double or Twin Room","2 nights ·","February 2024","Group","Reviewed: 11 March 2024","Very good","There are no comments available for this review",""
"Reventharan","Malaysia","Executive Double or Twin Room","3 nights ·","December 2023","Family","Reviewed: 28 February 2024","Superb","There are no comments available for this review",""
"Ramalingam","United Kingdom","Executive Double or Twin Room","3 nights ·","February 2024","Family","Reviewed: 12 February 2024","Very good","There are no comments available for this review",""
"Thomas","United Kingdom","Executive Double or Twin Room","2 nights ·","January 2024","Couple","Reviewed: 22 January 2024","Very good","There are no comments available for this review",""
"Sivasankar","Australia","Executive Double or Twin Room","4 nights ·","January 2024","Family","Reviewed: 17 January 2024","Superb","There are no comments available for this review",""
"Divij87","India","Executive Double or Twin Room","1 night ·","January 2024","Family","Reviewed: 14 January 2024","Superb","There are no comments available for this review",""
"Devashinee","Mauritius","Executive Double or Twin Room","6 nights ·","December 2023","Family","Reviewed: 10 December 2023","Good","There are no comments available for this review",""
"Debasish","India","Executive Double or Twin Room","1 night ·","October 2023","Family","Reviewed: 20 November 2023","Very good","There are no comments available for this review",""
"","","","","","","","","",""
"","","","","","","","","",""
"Suja","India","Executive Double or Twin Room","2 nights ·","October 2023","Family","Reviewed: 30 October 2023","Good","There are no comments available for this review",""
"Sivakumar","India","Executive Double or Twin Room","3 nights ·","October 2023","Solo traveller","Reviewed: 14 October 2023","Superb","There are no comments available for this review",""
"L","Malaysia","Executive Double or Twin Room","3 nights ·","June 2023","Family","Reviewed: 27 June 2023","Very good","There are no comments available for this review",""
"Pragadheeshwaran","United Arab Emirates","Executive Double or Twin Room","1 night ·","June 2023","Family","Reviewed: 11 June 2023","Superb","There are no comments available for this review",""
"Sunny","India","Executive Double or Twin Room","1 night ·","April 2023","Family","Reviewed: 23 April 2023","Superb","There are no comments available for this review",""
"Rajeev","India","Executive Double or Twin Room","3 nights ·","April 2023","Family","Reviewed: 10 April 2023","Superb","There are no comments available for this review",""
"Murugesan","Singapore","Executive Double or Twin Room","2 nights ·","April 2023","Family","Reviewed: 9 April 2023","Superb","There are no comments available for this review",""
"Kamalanathan","Malaysia","Executive Double or Twin Room","4 nights ·","February 2023","Couple","Reviewed: 6 February 2023","Very good","There are no comments available for this review",""
"Paripurnananda","Australia","Executive Double or Twin Room","1 night ·","January 2023","Family","Reviewed: 25 January 2023","Superb","There are no comments available for this review",""
"Mathiarasun","Malaysia","Executive Double or Twin Room","3 nights ·","December 2022","Couple","Reviewed: 17 January 2023","Superb","There are no comments available for this review",""
"","","","","","","","","",""
"","","","","","","","","",""
"Sharon","United Kingdom","Executive Double or Twin Room","2 nights ·","December 2022","Couple","Reviewed: 15 January 2023","Very good","There are no comments available for this review",""
"Tripuraneni","India","Executive Double or Twin Room","2 nights ·","December 2022","Family","Reviewed: 31 December 2022","Superb","There are no comments available for this review",""
"Mathiarasun","Malaysia","Executive Double or Twin Room","4 nights ·","December 2022","Group","Reviewed: 22 December 2022","Superb","There are no comments available for this review",""
"Ch","India","Executive Double or Twin Room","1 night ·","December 2022","Family","Reviewed: 6 December 2022","Very good","There are no comments available for this review",""
"Mr","India","Executive Double or Twin Room","1 night ·","November 2022","Couple","Reviewed: 18 November 2022","Very good","There are no comments available for this review",""
"Shravan","India","Executive Double or Twin Room","1 night ·","September 2022","Family","Reviewed: 4 October 2022","Superb","There are no comments available for this review",""
"Maheswari","India","Executive Double or Twin Room","2 nights ·","March 2024","Couple","Reviewed: 17 March 2024","Very good","There are no comments available for this review",""
"Maria","United Kingdom","Executive Double or Twin Room","3 nights ·","March 2024","Solo traveller","Reviewed: 11 March 2024","Superb","There are no comments available for this review",""
"Siva","Australia","Executive Double or Twin Room","2 nights ·","March 2024","Couple","Reviewed: 6 March 2024","Very good","There are no comments available for this review",""
"Kirthiga","Singapore","Executive Double or Twin Room","1 night ·","February 2024","Couple","Reviewed: 4 March 2024","Very good","There are no comments available for this review",""
"","","","","","","","","",""
"","","","","","","","","",""
"Kanthavanam","Australia","Executive Double or Twin Room","3 nights ·","February 2024","Couple","Reviewed: 4 March 2024","Very good","There are no comments available for this review",""
"Danalutchmee","Mauritius","Executive Double or Twin Room","1 night ·","January 2024","Family","Reviewed: 4 February 2024","Special thanks to  Mr Raja and  to all  staffs.","There are no comments available for this review",""
"Premkumar","India","Executive Double or Twin Room","3 nights ·","January 2024","Family","Reviewed: 29 January 2024","Very good","There are no comments available for this review",""
"Ramesh","Australia","Executive Double or Twin Room","3 nights ·","January 2024","Family","Reviewed: 25 January 2024","Very good","There are no comments available for this review",""
"Deepak","India","Executive Double or Twin Room","1 night ·","October 2023","Couple","Reviewed: 30 October 2023","Very good","There are no comments available for this review",""
"Shailender","India","Executive Double or Twin Room","3 nights ·","October 2023","Family","Reviewed: 21 October 2023","Very good","There are no comments available for this review",""
"Pietro","Germany","Executive Double or Twin Room","3 nights ·","October 2023","Solo traveller","Reviewed: 20 October 2023","Very good","There are no comments available for this review",""
"Siva","Singapore","Executive Double or Twin Room","2 nights ·","September 2023","Family","Reviewed: 29 September 2023","Good","There are no comments available for this review",""
"Kamaraj","United Kingdom","Executive Double or Twin Room","3 nights ·","July 2023","Family","Reviewed: 24 August 2023","Very good","There are no comments available for this review",""
"Gokula","India","Executive Double or Twin Room","3 nights ·","June 2023","Family","Reviewed: 1 July 2023","Superb","There are no comments available for this review",""
"","","","","","","","","",""
"","","","","","","","","",""
"Balaji","India","Executive Double or Twin Room","3 nights ·","June 2023","Family","Reviewed: 24 June 2023","Superb","There are no comments available for this review",""
"Anonymous","India","Executive Double or Twin Room","1 night ·","May 2023","Family","Reviewed: 23 May 2023","Very good","There are no comments available for this review",""
"Victor","Malaysia","Executive Double or Twin Room","4 nights ·","April 2023","Family","Reviewed: 13 May 2023","Very good","There are no comments available for this review",""
"Ravi","Malaysia","Executive Double or Twin Room","1 night ·","May 2023","Couple","Reviewed: 2 May 2023","Superb","There are no comments available for this review",""
"Mahesh","India","Executive Double or Twin Room","1 night ·","April 2023","Group","Reviewed: 21 April 2023","Superb","There are no comments available for this review",""
"Yuvaraj","Singapore","Executive Double or Twin Room","2 nights ·","March 2023","Family","Reviewed: 9 March 2023","Good","There are no comments available for this review",""
"Tence","India","Executive Double or Twin Room","2 nights ·","February 2023","Family","Reviewed: 1 March 2023","optimal location and nice service","There are no comments available for this review",""
"Urs","India","Executive Double or Twin Room","2 nights ·","December 2022","Couple","Reviewed: 2 January 2023","Very good","There are no comments available for this review",""
"Ashwini","New Zealand","Executive Double or Twin Room","2 nights ·","December 2022","Family","Reviewed: 14 December 2022","Very good","There are no comments available for this review",""
"Karuppusamy","India","Executive Double or Twin Room","1 night ·","November 2022","Family","Reviewed: 3 December 2022","Very good","There are no comments available for this review",""
"","","","","","","","","",""
"","","","","","","","","",""
"Sandeep","India","Executive Double or Twin Room","1 night ·","November 2022","Solo traveller","Reviewed: 20 November 2022","Good","There are no comments available for this review",""
"Mayur","India","Executive Double or Twin Room","2 nights ·","December 2023","Group","Reviewed: 6 December 2023","Very good","There are no comments available for this review",""
"Raghuraman","India","Executive Double or Twin Room","1 night ·","March 2023","Couple","Reviewed: 10 March 2023","Very good","There are no comments available for this review",""
"Amirthalingam","New Zealand","Executive Double or Twin Room","2 nights ·","January 2023","Family","Reviewed: 7 February 2023","Very good","There are no comments available for this review",""
"Rony","India","Executive Double or Twin Room","2 nights ·","January 2024","Solo traveller","Reviewed: 14 March 2024","Exceptional","There are no comments available for this review",""
"Kv","United States","Executive Double or Twin Room","1 night ·","November 2023","Family","Reviewed: 28 November 2023","Exceptional","There are no comments available for this review",""
"Srimurugan","United Kingdom","Executive Double or Twin Room","7 nights ·","September 2023","Couple","Reviewed: 21 September 2023","Exceptional","There are no comments available for this review",""
"Nitharsan","Canada","Deluxe Double or Twin Room","6 nights ·","August 2023","Group","Reviewed: 11 September 2023","Exceptional","There are no comments available for this review",""
"Nitharsan","Canada","Executive Double or Twin Room","2 nights ·","August 2023","Family","Reviewed: 11 September 2023","Exceptional","There are no comments available for this review",""
"S","Malaysia","Executive Double or Twin Room","4 nights ·","August 2023","Group","Reviewed: 7 September 2023","Exceptional","There are no comments available for this review",""
"","","","","","","","","",""
"","","","","","","","","",""
"Sivamala","Malaysia","Executive Double or Twin Room","4 nights ·","August 2023","Family","Reviewed: 11 August 2023","Exceptional","There are no comments available for this review",""
"Sridhar","India","Executive Double or Twin Room","2 nights ·","July 2023","Solo traveller","Reviewed: 30 July 2023","Excellent Hospitality","There are no comments available for this review",""
"Giri","Sri Lanka","Executive Double or Twin Room","1 night ·","June 2023","Family","Reviewed: 23 June 2023","Exceptional","There are no comments available for this review",""
"Sivaguru6565","Vietnam","Executive Double or Twin Room","3 nights ·","April 2023","Solo traveller","Reviewed: 19 June 2023","Exceptional","There are no comments available for this review",""
"Udaya","Singapore","Executive Double or Twin Room","1 night ·","May 2023","Solo traveller","Reviewed: 3 June 2023","Exceptional","There are no comments available for this review",""
"Naggy","United Kingdom","Executive Double or Twin Room","9 nights ·","March 2023","Family","Reviewed: 20 March 2023","Exceptional","There are no comments available for this review",""
"Irshad","Sri Lanka","Executive Double or Twin Room","4 nights ·","March 2023","Family","Reviewed: 15 March 2023","Exceptional","There are no comments available for this review",""
"Nagaraju","Malaysia","Executive Double or Twin Room","1 night ·","March 2023","Family","Reviewed: 2 March 2023","Exceptional","There are no comments available for this review",""
"Chithra","Canada","Executive Double or Twin Room","10 nights ·","February 2023","Family","Reviewed: 20 February 2023","Exceptional","There are no comments available for this review",""
"Kalidass","Malaysia","Executive Double or Twin Room","7 nights ·","January 2023","Family","Reviewed: 10 January 2023","Exceptional","There are no comments available for this review",""
"","","","","","","","","",""
"","","","","","","","","",""
"Ramaiah","India","Executive Double or Twin Room","3 nights ·","November 2022","Family","Reviewed: 6 November 2022","Exceptional","There are no comments available for this review",""
"Nargis","United Kingdom","Executive Double or Twin Room","2 nights ·","February 2024","Group","Reviewed: 20 March 2024","Passable","There are no comments available for this review",""
"Rekha","India","Executive Double or Twin Room","2 nights ·","December 2023","Couple","Reviewed: 20 December 2023","Exceptional","There are no comments available for this review",""
"Bhat","India","Executive Double or Twin Room","1 night ·","September 2023","Solo traveller","Reviewed: 5 October 2023","Pleasant","There are no comments available for this review",""
"Dev","Malaysia","Executive Double or Twin Room","2 nights ·","September 2023","Family","Reviewed: 28 September 2023","Pleasant","There are no comments available for this review",""
"Divyesh","India","Executive Double or Twin Room","2 nights ·","June 2023","Solo traveller","Reviewed: 30 June 2023","Disappointing","There are no comments available for this review",""
"Arunraj","United States","Executive Double or Twin Room","2 nights ·","March 2023","Solo traveller","Reviewed: 15 March 2023","Passable","There are no comments available for this review",""
"Sowmiya","United Kingdom","Executive Double or Twin Room","3 nights ·","February 2024","Family","Reviewed: 13 March 2024","Poor","There are no comments available for this review",""
"Haile-mariam","United States","Executive Double or Twin Room","3 nights ·","March 2024","Solo traveller","Reviewed: 10 March 2024","Pleasant","There are no comments available for this review",""
"Sandrasegeran","Malaysia","Executive Double or Twin Room","2 nights ·","February 2024","Group","Reviewed: 24 February 2024","Pleasant","There are no comments available for this review",""
"","","","","","","","","",""
"","","","","","","","","",""