"a3332d346a","afac1f68d9","abf093bdfe","abf093bdfe 2","abf093bdfe 3","abf093bdfe 4","abf093bdfe 5","f6431b446c","a53cbfa6de","a53cbfa6de 2"
"Sumayya","United States","Deluxe Triple Room","2 nights ·","February 2024","Solo traveller","Reviewed: 5 March 2024","The staff is really helpful with getting taxis and all","The breakfast was really good, with a lot of vegan options.","Nothing. I liked everything."
"Kkpandit","United States","King Room with Two King Beds","2 nights ·","February 2024","Couple","Reviewed: 7 March 2024","good place to stay. will stay here again for US consulate visits.","great location. conveniet to go to the US consulate, easy to get uber.
Room was nice and big. Room service was very responsive.","The dinner was not very good. Bathroom fitting was very flimsy. the shower did not have control for hot/cold water."
"Bhardwaj","India","Deluxe Triple Room","2 nights ·","February 2024","Family","Reviewed: 24 February 2024","Very good","Waiting time for room service and restaurant can be managed better.",""
"Sleepybexhill","United Kingdom","Couple","Studio with Balcony","February 2024","2 nights ·","Reviewed: 19 February 2024","Good accommodation near a Metro station.","We had a studio with a balcony. An unusual balcony because it is actually an extension to the room, making it a good size. It had a very new and modern feel. Staff were helpful, letting us store our luggage after check out, and breakfast was fine. The Metro station is only a few minutes walk away with direct access to the airport. Good value for money.",""
"Narinder","Netherlands","Deluxe Room","3 nights ·","November 2023","Solo traveller","Reviewed: 6 February 2024","Very good, five star rated stay property, genunly priced and generally responsive","I booked the property for my son, who travelled from US for US Visa purpose. He told me the property was best placed, best room, best amenities, best people and best service. He said, very genuinly priced property. Just cant expect such a nice property, so genuinly priced. He could not enjoy breakfast due to jetlag so no comments. He, however apprecited the sweet redbeatroot dish like anything. I guess, the breakfast might be very nice.","The guest was refused just 2 A4 size balnk papers even against price. I still wonder!!! Why!!!"
"Amir","Singapore","King Room with Two King Beds","1 night ·","February 2024","Family","Reviewed: 1 February 2024","Superb","Satya, Rajini and Priscilla were very helpful. The connected king-rooms were one of a kind. We were able to maintain our privacy and at the same time be close to our loved ones ❤️ Location was excellent - near city central. Try food at Amma Mess and walk down Pondy Bazaar.","There were no high floors and the views were not good for these rooms. We were at level 1 but that was okay because the rooms were big with high floors"
"Isabelle","Switzerland","Deluxe Room","3 nights ·","January 2024","Couple","Reviewed: 31 January 2024","Superb","very friendly and helpful staff, we felt like at home. Quiet location for Chennai, nice rooms.",""
"Oommen","India","Deluxe Room","4 nights ·","January 2024","Group","Reviewed: 24 January 2024","great","Very good breakfast...staff service excellent. very clean and spacious rooms ,efficient ac., ,comfortable bed. reception staff greet you with a warm smile very helpful. All together enjoyed the stay.","nothing"
"Solomon","India","Deluxe Room","1 night ·","January 2024","Couple","Reviewed: 9 January 2024","It was good","The staff at the reception, Mr Dhanrajan was very warm, cooperative.","The reception hall, could be better"
"Tatiana","United Kingdom","Deluxe Room","2 nights ·","December 2023","Couple","Reviewed: 26 December 2023","Superb","We had a good stay, rooms are spacious, cleaned every day,  breakfast is good, the best thing about this hotel is the staff, very friendly and helpful. Would recommend","A bit noisy in the rooms from outside and inside"
"Shrirang","India","Deluxe Room","2 nights ·","December 2023","Family","Reviewed: 22 December 2023","Superb","Mosquitos in room",""
"Sherry","India","Deluxe Triple Room","2 nights ·","December 2023","Family","Reviewed: 19 December 2023","Totally the stay was awesome.","The property is at a very good location. Easily accessible to Metro train, US Embassy and other city shopping centers. The stay was really very pleasant. All staff are very friendly and cooperative.","The restaurant must be little more spacious. Also more food variety is expected next time. Coordination between the serving staff should improve. Not much aware of the parking facilities."
"Mira","India","Deluxe Room","1 night ·","December 2023","Family","Reviewed: 13 December 2023","Superb","Accessible location. Courteous and helpful staff. Very convenient for US Embassy/Consulate visits.",""
"Marston","Australia","Deluxe Triple Room","2 nights ·","December 2023","Group","Reviewed: 13 December 2023","Highly Recommended","Nice new facility. Everything was clean, the showers were hot, the internet super fast and the staff very courteous and helpful - especially the manager on the front desk",""
"Gopalakrishnan","India","Deluxe Room","1 night ·","November 2023","Couple","Reviewed: 27 November 2023","Pleasant and comfortable stay","Good central location, well maintained , staff were courteous and breakfast was tasty too","Front office looks cramped and also restaurant space is less , when more people come at same time."
"Sampath","India","Deluxe Room","2 nights ·","October 2023","Couple","Reviewed: 13 October 2023","will recommend to others","Nice hotel and very good staff",""
"Rino","India","Deluxe Triple Room","2 nights ·","September 2023","Group","Reviewed: 22 September 2023","Very good","Nice",""
"Sunil","India","Deluxe Room","1 night ·","September 2023","Solo traveller","Reviewed: 22 September 2023","Good Stay for US Consulate Interviews","not only the breakfast, all food they served was excellent, Dining Area is clean","there are no shops nearby, so we need to walk long to buy something or we have to take an auto"
"Raghava","India","Deluxe Room","2 nights ·","July 2023","Solo traveller","Reviewed: 20 September 2023","Superb","Room was spacious, clean. Good, central location. Breakfast could have been better. Would have been great of there was a gym in house.",""
"Kumar","India","Deluxe Triple Room","3 nights ·","September 2023","Family","Reviewed: 6 September 2023","Staff were great. Stay was great, quiet place and room was spacious and clean. Food was exceptional.","Staff were great. Stay was great, quiet place and room was spacious and clean. Food was exceptional. Breakfast was great with all South Indian flavors and lunch/dinner menu had all the options.",""
"","","","","","","","","",""
"","","","","","","","","",""
"Prabodh","Nepal","Deluxe Room","4 nights ·","August 2023","Solo traveller","Reviewed: 28 August 2023","To sum it up - good value for money spent.","Rathna Residency is well maintained, newly open (less than year) hotel in Chennai. Room was neat, very spacious and comfortable (stayed in Deluxe Room). 

Breakfast was decent - Not vey much fancy, but they had good range of varieties of dishes. I asked them if they can prepare item other than offered on buffet, and they happily served me - big plus point.  

Location wise the hotel is around 700 mtrs away from Metro station. Auto rikshaws are mostly standby in front of hotel premise. And its close to shopping area (T-Nagar).

Staffs were polite and hospitable.","They could have provided Safe deposit lock in the room for guests to lock their valuables."
"Sandeep","India","Deluxe Room","3 nights ·","July 2023","Solo traveller","Reviewed: 19 August 2023","Decent property for short stay. Location, cleanliness and wifi are excellent. Restaurant and staff are good but needs so","Location is brilliant. Rooms are very clean and spacious. Bathroom is equally well maintained and modern. Check-in and Check-out was smooth. Staff are kind and courteous.","1. The restaurant is small. Unless you are early for breakfast it can become irritating not only because you have to queue up but have to wait (standing with your plate) to get a seat. Secondly, the replenishment of the food during the morning breakfast is too slow.
2. Food is good with ample portion but can get too salty which to avoid; it’s always good to tell the chef to use less salt once order is placed.
3. This nice hotel deserves a decent gym and a pool which it so lacks for this nice hotel.
4. Lastly, considering that this property gets travellers from all parts of India and perhaps foreigners, staff needs to speak some form of decent English. From room service to housekeeping there were only perhaps one or two people who could comprehend English (and hindi). Without these two personnel, things can get annoying; including delay in your orders or request."
"Radosri","India","Deluxe Room","2 nights ·","July 2023","Solo traveller","Reviewed: 3 August 2023","Excellent location , hospitable &friendly staff. Hope to see the hotel like this in the near future","B'Fast was good , only request variety for eggs like omlette / scramblled not boiled eggs.","Facial tissues for bathroom & a mini fridge in the room a must."
"Benjamin","United Kingdom","Deluxe Room","2 nights ·","July 2023","Couple","Reviewed: 14 July 2023","Excellent","Very clean, and spacious. The breakfast was really good, and room service was exceptional.",""
"Pradeep","India","Deluxe Room","4 nights ·","March 2023","Solo traveller","Reviewed: 23 March 2023","Good","B&B - Good room Neat and clean","New Property with all basic needs - Neat and clean"
"Bristo","India","Deluxe Room","2 nights ·","February 2023","Solo traveller","Reviewed: 19 March 2023","Vp99","Pr8zupuu7jul((?",""
"Georgina","New Zealand","Deluxe Room","2 nights ·","March 2023","Couple","Reviewed: 16 March 2023","Superb","Staff we’re very friendly and helpful. Room was clean and comfortable and breakfast was delicious.",""
"J","United Kingdom","Couple","Studio with Balcony","February 2023","2 nights ·","Reviewed: 11 March 2023","Very good","Clean, cool,  calm oasis in hot and busy Chennai. Staff were helpful and friendly. Breakfast was delicious and plentiful with options for western and Indian tastes. The doormen in particular helped us get transport and get around negotiated good prices for us. Thank you","There was confusion over upgraded rooms. The standard room is large and comfortable with a decent size bathroom. You shouldn't be tempted by offers of upgrades."
"Srinivasa","India","Deluxe Room","1 night ·","March 2023","Couple","Reviewed: 7 March 2023","Superb","good",""
"J","United Kingdom","Couple","Studio with Balcony","February 2023","2 nights ·","Reviewed: 1 March 2023","Enjoyed our stay","The hotel was very clean and the rooms well appointed. The staff were good especially the doormen who helped us get autos and were friendly and helpful. Breakfast was plentiful and varied European and Indian tastes catered for.","A little difficult to find initially, this hotel is perhaps better located for business than tourists, having said that for a small fee it was easy to secure an auto for everything we wanted to see. Getting back was sometimes trickier until we learnt to ask for the nearest main road and a well known large hotel there!"
"","","","","","","","","",""
"","","","","","","","","",""
"Dylan","United Kingdom","King Room with Two King Beds","1 night ·","February 2023","Family","Reviewed: 20 February 2023","Spacious, clean and great value","We stayed in a room with two King Size Beds and two bathrooms - the rooms were clean, spacious and very comfortable. We arrived early into the morning due to a late arriving flight and this suited our needs perfectly.","No concerns - I didn't have time to check out any other hotel facilities"
"Uma","","Deluxe Room","2 nights ·","February 2023","Family","Reviewed: 15 February 2023","Superb","We liked everything about this hotel.
1) The room was spacious and it was maintained very well.
2) Not only the room is clean, the whole hotel looks very pleasant and clean 
3) All the staff are very very responsible. Really appreciate them. Can't even name a specific person as everyone is doing very well.
4) The breakfast was very delicious, all are prepared freshly from their kitchen. I love the podi thosai.

Wish the team all the best and hope they will maintain the great service always.",""
"Tresa","India","Deluxe Room","1 night ·","February 2023","Solo traveller","Reviewed: 10 February 2023","Very good","location. Room size. Hygiene. Decent food and Room service!","Toilet paper was insufficient. No hand towels. Wi-Fi wasn’t great"
"Samasinaidu","Malaysia","Deluxe Room","2 nights ·","February 2023","Couple","Reviewed: 8 February 2023","Very good","Will recommend to friends.","Cleanness"
"Rao","India","King Room with Two King Beds","1 night ·","February 2023","Family","Reviewed: 1 February 2023","Good","Ambience, comfort and friendly staff","South Indian meals could be included for lunch. Main phone line does not work."
"Shrehan","India","Couple","Studio with Balcony","January 2023","2 nights ·","Reviewed: 28 January 2023","very good","property and staff both were very good","breakfast was not that good. needs improvement in break fast"
"Abhishek","India","Deluxe Room","2 nights ·","December 2022","Solo traveller","Reviewed: 14 December 2022","Nice and comfortable. Service can be improved.","Overall the stay was nice and comfortable. Staff was professional.","Even after paying so much money they charged me for extra water bottles as well.
Limited food menu."
"Sharma","India","Deluxe Room","1 night ·","February 2024","Solo traveller","Reviewed: 25 March 2024","Clean and cozy","Location, room and breakfast",""
"Keshava","India","Deluxe Room","1 night ·","March 2024","Solo traveller","Reviewed: 23 March 2024","Decent stay near US consulate","Staffs were courteous, room was clean, toiletries, hot water, etc was available.
AC, fan, light etc were working fine.
Complementary buffet breakfast was good. Staffs were helpful.
Walkable distance from US consulate.","1. Electric kettle wasn't working.
2. There were couple of mosquitoes flying in the room, even though room and bathroom were clean. Seems like they kept windows open and mosquitoes entered.
3. Only one water bottle was complementary. Additional water was charged."
"Srisubramaniam","Germany","Deluxe Triple Room","3 nights ·","February 2024","Group","Reviewed: 2 March 2024","Every things are fine.","Wonderful team with Mr. Ramesh and front Reveption. Breakfast was nice to enjoy.
Reception workers are very freindly",""
"","","","","","","","","",""
"","","","","","","","","",""
"Martin","Germany","Deluxe Triple Room","2 nights ·","February 2024","Group","Reviewed: 29 February 2024","Ideal accommodation for the first days and to get acclimatized in Chennai after a long intercontinental flight - my abso","- delicious Indian breakfast buffet
- friendly and fantastic hotel staff
- comfortable room and cozy atmosphere",""
"Rukhshad","India","Deluxe Room","1 night ·","February 2024","Solo traveller","Reviewed: 16 February 2024","Overall it was a pleasant stay.","Nice, clean, helpful staff.","A mosquito disturbed me at night. Second, the television plays only Sun TV. No other channels."
"Hubert","Qatar","Deluxe Room","4 nights ·","December 2023","Couple","Reviewed: 31 December 2023","If more dining options and a travel desk is added, it will be value for the money.","Good buffet breakfast. Coffee needs to be served hot, my preference.","One floor mat outside bath area. Else, the bathroom gets slippery."
"Banuri","India","Deluxe Room","1 night ·","December 2023","Couple","Reviewed: 27 December 2023","Superb","Good",""
"Nagan","New Zealand","Deluxe Room","4 nights ·","December 2023","Couple","Reviewed: 20 December 2023","Superb","I ENJOYED THE STAY","Have to improve the shower by p[roviding a shower curtain. This will stop splashing water outside the shower."
"Debasish","India","Deluxe Room","1 night ·","December 2023","Solo traveller","Reviewed: 15 December 2023","Price in the restaurant and bar should be a bit reasonable","Food and location are really good","WiFi is not so great. The drinks are extremely expensive. They are charging 4x to 5x extra on the MRP. For example, the cocacola can was ₹33 MRP and I paid ₹126 for that. The Heineken beer was ₹300 MRP and I paid ₹750 for that."
"Tomson","India","Deluxe Triple Room","1 night ·","November 2023","Group","Reviewed: 14 December 2023","Superb","Over all the property provided a pleasant stay.",""
"Poulosekutty","India","Deluxe Room","1 night ·","December 2023","Couple","Reviewed: 11 December 2023","Reasonably good","Very good",""
"Jay","South Africa","Deluxe Triple Room","1 night ·","November 2023","Couple","Reviewed: 24 November 2023","Very good","Well situated","None"
"Devendra","India","Deluxe Room","1 night ·","October 2023","Couple","Reviewed: 4 November 2023","Very good","very good",""
"","","","","","","","","",""
"","","","","","","","","",""
"Siddhanthi","India","Deluxe Room","1 night ·","September 2023","Solo traveller","Reviewed: 22 September 2023","Home away home","Staff front office understand requirements of guests","Nome"
"Dinesh","India","Deluxe Room","2 nights ·","August 2023","Solo traveller","Reviewed: 18 September 2023","Good","Ok","Hotel service and food costs"
"Nachiamal","Malaysia","King Room with Two King Beds","2 nights ·","July 2023","Group","Reviewed: 11 September 2023","Very good","Friendly staff.","NA"
"Kirosha","Sri Lanka","Deluxe Triple Room","4 nights ·","August 2023","Family","Reviewed: 4 September 2023","All good","All good","Nothing"
"Anil","United States","Deluxe Triple Room","2 nights ·","August 2023","Group","Reviewed: 23 August 2023","Very good","Room is clean","Restaurant prices are high"
"Vignesh","India","Deluxe Room","2 nights ·","August 2023","Couple","Reviewed: 22 August 2023","Comfortable stay -could improve facilities","The breakfast was amazing
Comfortable beds
Friendly staff","Room conditions could be made more better.
Separation between rooms could have been better as we could get the smoke if someone smoked in next room
Could either reduce price of rooms or improve facilities"
"Vaz","India","Deluxe Room","2 nights ·","July 2023","Couple","Reviewed: 24 July 2023","Comfortable","Breakfast was good, with a variety.","The bathroom floor tiles are of the smooth texture. Unsafe.
Moreover the bathroom and bedroom floor levels are the same. Water does flow out if not careful."
"Juneja","India","Deluxe Room","1 night ·","June 2023","Solo traveller","Reviewed: 21 June 2023","over all it was a beautiful property","the rooms were spacious and staff was polite",""
"Abhay","India","Deluxe Room","2 nights ·","June 2023","Solo traveller","Reviewed: 19 June 2023","It's an OK Stay. Bit expensive for the property and facilities.","Rooms, Location and restaurant staff is good. Cleanliness is nice. Food quality is good.","No fitness center. Breakfast menu is limited choice. Very narrow parking area. The reception staff was not able to communicate reasonably in English / Hindi. They charge more than what the property and facility deserves."
"Natasha","Bangladesh","Deluxe Room","6 nights ·","April 2023","Couple","Reviewed: 1 May 2023","Very good","It’s an awesome place to stay for a short trip!. 
Really nice and caring staff.. thank you very much to Uday/ Vallam and Priscilla.. and Satya as well.. 
hope to see you all soon..",""
"","","","","","","","","",""
"","","","","","","","","",""
"Beena","India","Deluxe Room","1 night ·","April 2023","Couple","Reviewed: 17 April 2023","Good place with very good staff!","Really nice and big rooms and very courteous staff. 

Breakfast was nice, nothing spectacular. Idlis were okay, vada was nice with the chutneys.","More variety at breakfast, especially some more fruits would be nice"
"Farzana","Singapore","Deluxe Room","2 nights ·","March 2023","Family","Reviewed: 23 March 2023","Great Spacious Rooms!","Big spacious rooms nearby all necessary amenities and shopping district. Nearby hospitals too. Relatively easy to get transport to and fro. Some miscommunication with the staff but I understand they are all new and still learning however Mr ChandraMouli's service recovery is to be appreciated !","Mozziessss. Lots of them."
"Ravi","United Arab Emirates","Deluxe Room","3 nights ·","March 2023","Solo traveller","Reviewed: 9 March 2023","staff is friendly and the place is clean","location","nothing much"
"Sairamm","India","Deluxe Room","3 nights ·","February 2023","Solo traveller","Reviewed: 26 February 2023","Superb","Everything is fine except the location.","Location"
"Sangeetha","United States","Deluxe Triple Room","1 night ·","February 2023","Family","Reviewed: 8 February 2023","Hotel in nice location with friendly staff","Good location and friendly staff","The floor had tile flooring. Would have been nicer if it was little more cleaner."
"Swagata","India","Deluxe Room","2 nights ·","February 2023","Solo traveller","Reviewed: 4 February 2023","Good","Everything was good. Location, staff, room size, bed , breakfast.","Room and corridor had lots of mosquitoes.."
"Tanya","Netherlands","Deluxe Room","4 nights ·","February 2023","Couple","Reviewed: 4 February 2023","Good","The room was clean which is the most important if you're in India. The bed was comfortable, good breakfast.","Breakfast would end too early (10:00). Other meals you could order were not that good and expensive for what they were. 

The staff was not always polite. Also, you had to pay cash for your whole stay, although on their booking.com page it says they accept cards. It is not specified anywhere that only Indian cards are accepted.

You had to sign in for the Wi-Fi every time you entered the building. Also, sometimes the credentials would stop working and you had to get new ones which is very inconvenient.

Overall, the hotel is a bit overpriced for what it is."
"Kv","India","Family","Studio with Balcony","January 2023","4 nights ·","Reviewed: 1 February 2023","Good","Rooms were comfy with good AC/bed/linen. Good location with easy access to markets.
Complimentary Breakfast was Good.","1. Rooms are not cleaned as a matter of routine every day. Room was not cleaned on 25th. Had to be reminded on 26th & 27th. Water bottles are not replenished in room, had to call up.
2. They charge Rs 40 for a litre of Kinley water, MRP is Rs 20. This should be corrected.
3. Not much of a choice in Room Service Menu. Charges also very high. We ordered food of our choice through Zomato. Delivery guys had to leave the order at Reception. It was then delivered by someone from Front Desk."
"Madhav","India","King Room with Two King Beds","2 nights ·","January 2023","Family","Reviewed: 11 January 2023","Value for money stay","Please let them advice to have breakfast compatible to all parts of India,north,west,east and central part","Good cooperative staff, location, infrastructure"
"Koul","India","Deluxe Room","2 nights ·","March 2024","Solo traveller","Reviewed: 14 March 2024","Good","Earlier I was given one room then whole night AC didn't worked in 402 even after giving call to reception no one looked then in morning room was changed .
Washroom water gets blocked",""
"","","","","","","","","",""
"","","","","","","","","",""
"Sridevi","United States","Deluxe Room","2 nights ·","February 2024","Family","Reviewed: 21 February 2024","Ok place","Very few options and a simple buffet.","Dining room floors were dirty. Free late checkout grace time was just an hour. Expected at least 2 hours. Cutlery were not enough and not placed alongside plates in buffet for ease of use. Dinner menu had least number of options really available and quite pricey."
"Vinodkumar","India","Deluxe Room","2 nights ·","July 2023","Family","Reviewed: 17 July 2023","A pleasant stay, near centre of city","The location and the ambience of the room was good. 
Staffs were humble and helpful when needed. 
There was ample of parking space and which was helpful.","At the price cost there was no hair dryer, Pressing box, there was mosquitos, room was not cleaned and room floor was sticky. 
Based on the price if certain amenities would have been it would have been good."
"Devairakkam","United States","Deluxe Triple Room","1 night ·","May 2023","Solo traveller","Reviewed: 7 June 2023","I will visit again in july","Friendly Staff","Room and Bathroom smells very bad."
"Deepa","India","Deluxe Room","4 nights ·","March 2024","Family","Reviewed: 25 March 2024","Comfortable stay close to the US Consulate","We wanted to stay close to the US consulate due to our visa work there. This was one of the recommendations for that reason.  This hotel is situated within walking distance-700Mts.( But if you take a cab/auto to the consulate then it is close to 2kms due to one-way traffic. Drivers will demand Rs.100). It is situated in a prime location and close to Chennai Central and Marina Beach. 
The food at the restaurant is surprisingly very good. The manager of the restaurant, Ms.Priskilla, was very kind and accommodating. The staff are very friendly and help with all your preferences. The room service was very prompt. All in all, they made our stay very comfortable. 

There is limited parking space. So make sure to inform the hotel to reserve the parking when you are traveling. 

Also, there are no lockers in the room. So if you have any important documents and items, please make proper arrangements for their safety.","It will be good to have lockers in the room as most people choose this hotel as it is close to the US consulate. Considering that the reason for travel is work, there might be a necessity to safely store items such as documents, laptops, phones, etc."
"Yadav","India","Deluxe Room","2 nights ·","March 2024","Family","Reviewed: 19 March 2024","Good and a calm stay.","All of it was good, just a bit of mosquitos though the repellent was provided promptly when asked.","Mosquitos 🦟"
"Samriddhi","India","Deluxe Room","4 nights ·","March 2024","Couple","Reviewed: 15 March 2024","Best for a long time stay with super amazing breakfast.","Everything was fantastic. I was sad that four star hotels I wanted were very far from main Chennai. So I booked Rathna. But boy I was amazed with their services. Specifically the breakfast buffet. 5-7 items but perfectly yummy, balanced and healthy as well. Never have I ever ate this much of healthy South Indian breakfast. I loved the lady manager who was there serving us dosa. From cleanliness to room service everything was great. If you find this on your dates.. do book.","Mosquito is everywhere in Chennai, so in my room also, but asked for mosquito repellent and then we were good. 
Just a little problem that my bathroom drainage was not working. Whenever we bathe, the water accumulated in the whole bathroom area. We dealt with it every-time we bathe.
Also one of the receptionist didn’t helped in my cab booking as I was unable to understand Tamil language of the cab driver, so that was little hurtful. Apart from that our stay was amazing."
"Murugaiyan","India","King Room with Two King Beds","4 nights ·","March 2024","Family","Reviewed: 14 March 2024","Exceptional","The stay in the hotel was good... located in the heart of the city n is accessible by any means of transportation...","Food was not up to the mark... room service was not at all efficient...."
"Ganesh","India","Deluxe Triple Room","1 night ·","February 2024","Solo traveller","Reviewed: 26 February 2024","Exceptional","Very friendly and helpful and also help by giving correct suggestions when needed",""
"M","India","Deluxe Triple Room","1 night ·","February 2024","Family","Reviewed: 6 February 2024","Exceptional","Hotel is in real great location just 10 min walk to US consulate, rooms are really good, food is good",""
"Ramaprasas","India","Deluxe Room","1 night ·","January 2024","Group","Reviewed: 24 January 2024","Awesome","Staff bevahvour cleaniness hyginic in total awsome experience",""
"","","","","","","","","",""
"","","","","","","","","",""
"Anthonyraj","India","Deluxe Triple Room","3 nights ·","January 2024","Family","Reviewed: 14 January 2024","Clean, spacious room, great staff, and convenient location for US Embassy","Convenient location for US Consulate or Singapore Consulate work, and for US biometric and medical appointments. The concierge and restaurant staffs are amiable and helpful. I was easily able to communicate speaking only English. Parking is on-premises, and there is an auto stand just outside the gate. Breakfast is a small but ample selection of mostly south Indian fare. Room service and laundry services are available, and housekeeping is well-staffed. Triple room is a good size with a desk and coffee table, and wifi connectivity is adequate.

I would definitely stay here again if I have work in the area.","No gym or lounge"
"Pattan","India","Deluxe Triple Room","1 night ·","December 2023","Family","Reviewed: 25 December 2023","Very satisfied & comfort stay, which is very near to US Consulate.","Very nice","Nothing about"
"Mohana","India","Deluxe Triple Room","3 nights ·","November 2023","Family","Reviewed: 24 November 2023","We had a very nice stay , full of satisfaction.","Very tasty and full of variety.","No comments ."
"Julian","Germany","Deluxe Room","2 nights ·","November 2023","Solo traveller","Reviewed: 9 November 2023","Loved it","The service",""
"Harish","India","Deluxe Room","1 night ·","November 2023","Solo traveller","Reviewed: 7 November 2023","Overall, it was a nice stay and good ambience.","There was not much of items choice and no menu available in the dining hall.","Quality of Idli and vada should have been better."
"Himanshu","India","Deluxe Room","3 nights ·","September 2023","Couple","Reviewed: 27 October 2023","Great location especially if you are visiting chennai for US visa","Very nice hospitality. Staff is extremely cordial. Rooms are very clean.",""
"Kalyan","India","Deluxe Room","2 nights ·","October 2023","Solo traveller","Reviewed: 7 October 2023","Exceptional","Very well maintained property and aptly described.","Room could have a mini fridge"
"Sam","India","Deluxe Room","4 nights ·","September 2023","Solo traveller","Reviewed: 22 September 2023","Exceptional","The room were really good and clean 
The stuff is soo friendly and accommodating",""
"Sundaravalli","Singapore","King Room with Two King Beds","4 nights ·","July 2023","Family","Reviewed: 31 July 2023","Exceeded our expectations. A home away from home - that was how we felt!","Both Sathya and Kamal at reception was very accommodating and helpful. All of our requests were met with a smile and acceded quickly. Rajkumar was always there to get a cab or auto and to carry our things to the room.
Priscilla and Udaya at restaurant were friendly, and quick to suggest alternatives. They have excellent cooks as we had most of our meals there.","Each room should be given 2 room keys. Towel rack in shower should be lower. Have a rack to keep soap and other stuff at the shower area. Bathroom should have non slip tiles."
"Arvind","India","Deluxe Triple Room","3 nights ·","July 2023","Family","Reviewed: 29 July 2023","Exceptional","Excellent stay .I stayed in this hotel for 26 to 29 July 3 nights with my family . The cleanliness, room space , room service and food is excellent and service too but the “night staff “of reception behaviour was very bad. We requested for a early morning cab at 11pm at night they did not cooperate well and behaved very bad. I ask the owner to correct it so I doesn’t happen with other families . We choose this for service.",""
"","","","","","","","","",""
"","","","","","","","","",""
"Shiham","Maldives","Deluxe Triple Room","5 nights ·","July 2023","Family","Reviewed: 28 July 2023","Wonderful stay","The hotel is new. Very clean. The staff exceptionally helpful.","Having a safe and a mini fridge in the room would have made the stay perfect."
"Thanasilan","Australia","King Room with Two King Beds","2 nights ·","July 2023","Family","Reviewed: 18 July 2023","Very good service","Great service","Why iron box not inside in the room"
"Muba7","Maldives","Deluxe Room","1 night ·","June 2023","Family","Reviewed: 14 June 2023","A fine hotel to relax and enjoy your time","The hotel is great, new and the staffs are extremely helpful and kind.",""
"Ambrose","India","Deluxe Room","1 night ·","May 2023","Couple","Reviewed: 14 June 2023","More than what I expected.","Everything was well handled. The staff were kind and caring. Excellent service by the entire team. Hats off to the management.",""
"Asokan","India","King Room with Two King Beds","3 nights ·","May 2023","Family","Reviewed: 18 May 2023","My family enjoyed stay in this hotel, it's good experience for my kids.","Room space, cleaness and friendly support staffs","None"
"Arun","India","Deluxe Room","4 nights ·","May 2023","Couple","Reviewed: 8 May 2023","I would like to say thanks to Hotel Staff","Location is awesome and it's near by US Consulate and Gurudwara.","Nothing like that, staff is very good."
"Jost","Germany","Deluxe Room","4 nights ·","March 2023","Solo traveller","Reviewed: 16 April 2023","Exceptional","Staff was super nice, great food, rooms very modern, clean and with air con and fan. Will love to come again!",""
"Brinda","United States","King Room with Two King Beds","1 night ·","April 2023","Family","Reviewed: 4 April 2023","Pleasant","location and cleanliness","room booking mentioned 1 room with 2 king beds  but charged double price for 2 rooms . Poor value for money . Breakfast was limited . Cereal was there and did not have milk . lunch menu did not have the prices listed and ended up being too high with little value for the money ."
"Babu","India","Deluxe Triple Room","1 night ·","March 2023","Family","Reviewed: 25 March 2023","Excellent stay","break fast",""
"Kartik","Kuwait","King Room with Two King Beds","1 night ·","March 2023","Family","Reviewed: 18 March 2023","Short and Sweet","The staff was very kind and they still had catered all requirements on our midnight Arrivals. Thank you for the stay, hope to see you again.","There were no rooms for complaints"
"","","","","","","","","",""
"","","","","","","","","",""
"Nitin","India","Deluxe Room","1 night ·","March 2023","Solo traveller","Reviewed: 7 March 2023","Exceptional","Supporting staff
Cleanliness
Food",""
"Rajendran","India","Deluxe Room","1 night ·","March 2023","Family","Reviewed: 5 March 2023","Exceptional","Everything",""
"Gabriel","Netherlands","King Room with Two King Beds","2 nights ·","March 2023","Family","Reviewed: 2 March 2023","Wonderful gem in the heart of Chennai. Great for families.","The rooms were quite spacious, beds comfortable and the air conditioning was strong making for a pleasant sleep. The staff was extremely kind and thoughtful. Great central and an amazing breakfast that I wish I could have every morning!","Nothing! I wish we had time to stay longer! I cannot wait to come and visit again!"
"Sudhir","United States","Deluxe Room","1 night ·","February 2023","Solo traveller","Reviewed: 11 February 2023","Awesome  place and great value for money","Great Location, spacious room and good helpful and cheerful staff. Great attentive service in the  breakfast and tasty and healthy breakfast options. Walkable from the US Consulate.",""
"Mihir","India","Deluxe Room","2 nights ·","February 2023","Solo traveller","Reviewed: 11 February 2023","Exceptional","The property is lavish, has good food and nice staff.
I would surely stay here if I go to Chennai again.","I asked to get a wake up call at 9am and they confirmed but didn't do.
But they apologised for it later and hope they will take care about this for other customers."
"Arnav","United States","Group","Studio with Balcony","January 2023","2 nights ·","Reviewed: 21 January 2023","Exceedingly polite staff. Amazingly clean rooms. Tremendous value for money.","Wonderful breakfast. delicious food.",""
"Aditya","United States","Deluxe Room","2 nights ·","January 2023","Solo traveller","Reviewed: 20 January 2023","Exceptional","Breakfast options were varied and catered to many people. Both the general areas and the rooms were extremely clean and the staff courteous.","Nothing I could think of."
"Guruprasad","India","Deluxe Room","1 night ·","December 2022","Solo traveller","Reviewed: 27 December 2022","Exceptional","From usher to manager, everyone deserves 10/10. Let's hope it remains this way.",""
"Gopi","India","Deluxe Room","3 nights ·","December 2022","Solo traveller","Reviewed: 19 December 2022","A very pleasant stay.","Great hotel. The staff was very good. The food was great as well. Would consider staying again when visiting chennai again.","Nothing that I can think of."
"Shakeb","India","Deluxe Triple Room","1 night ·","December 2022","Solo traveller","Reviewed: 10 December 2022","Our stay was very comfortable, the staff is really courteous and helpful.","The location was very convenient and staff very helpful and courteous.","NA"
"","","","","","","","","",""
"","","","","","","","","",""
"Himanand","India","Deluxe Triple Room","2 nights ·","April 2024","Group","Reviewed: 3 April 2024","Exceptional","Very helpful staff and great location","Could have been a little bit more clean considering the price."
"Ramappan","India","Deluxe Room","1 night ·","March 2024","Family","Reviewed: 1 April 2024","Exceptional","Clean and comfortable rooms and Great food","Insufficient toiletries"
"Namrath","India","Deluxe Room","2 nights ·","March 2024","Couple","Reviewed: 29 March 2024","Pleasant","Location to the us consulate","Price was a bit steep"
"Basgod","India","Deluxe Triple Room","2 nights ·","February 2024","Family","Reviewed: 28 February 2024","The stay was reasonable. It was quite pricey at 14000 INR net for 3 pax occupancy","Closeness to US Consulate  and the facility was relatively new.","The Beds and blankets. 
The towels- not very clean…
Smell bad, as it appears they were washed with no good water."
"Sudipto","India","Deluxe Room","3 nights ·","February 2024","Solo traveller","Reviewed: 27 February 2024","Wont recommend to anyone.","The primary problem being most of the staff cant speak english.The restaurant staff was helpful,particularly one lady who normally dealt with me.
The people at the reception were OK.Though some of them were absolutely useless.On the day of arrival,I did not get a bottle of water even after repeated requests over phone and even personally went to the reception requesting for the same.But I never got the additional bottle of water,even though I was ready to pay for it.","Some of the staff,food price very high"
"Krishna","India","Deluxe Room","1 night ·","December 2023","Couple","Reviewed: 12 December 2023","Sad facilities for the insanely expensive prices","Breakfast","No hot water, bad drains, delayed service, expensive"
"Sathis","United Arab Emirates","Deluxe Room","2 nights ·","September 2023","Solo traveller","Reviewed: 12 October 2023","Not worth for money","Nil","The Rooms and the hotel was over rated"
"Sandeep","India","Deluxe Room","1 night ·","August 2023","Family","Reviewed: 22 August 2023","Staff need to handle customers well and ensure smooth check-in and check-out process","Spacious room and nice array of breakfast - non spicy and good taste. Courteous staff and close proximity to main road and easy accessibility.","We had booked 2 rooms and had to wait for over 1 hour to have the room ready. They used a lot of chemical to mop the floor while we were waiting and due to lack of ventilation the room was smelling chemical for the whole night- as we were travelling with kid and elderly we had to manage on our own. Check out process was delayed by 30 mins as the server were down. Staff need to handle customers well and ensure smooth check-in and check-out process as we pay a good amount to stay here."
"Sandeep","India","Couple","Studio with Balcony","February 2023","1 night ·","Reviewed: 12 March 2023","Suits Business Stay!","Just for The Location! Small Room, Small Bathroom, Small Breakfast Area, Only Good Thing is the Location!","Little Bit more Spacious Rooms and Bathrooms"
"Antara","United Arab Emirates","Deluxe Room","4 nights ·","February 2023","Family","Reviewed: 28 February 2023","Passable","cordial staff","mosquito infested rooms, lack of basic amenities, not value for the price"
"","","","","","","","","",""
"","","","","","","","","",""
"Richard","India","Deluxe Triple Room","2 nights ·","March 2024","Group","Reviewed: 19 March 2024","A businessmen’s hotel. Not tourist friendly.","Limited selection.","No fridge in the room.
Room has no ambience."
"Nemani","India","Deluxe Triple Room","1 night ·","February 2024","Couple","Reviewed: 13 March 2024","Little coatly but good for short stay if you are with family.","It was close to conaulate, staff behavior was good. Complementary breakfast was good.","The tv didn't work until someone f4om staff fixed it. No hot water shower, bugs, and flies in AC hotel room."
"Nrupen","India","Deluxe Triple Room","1 night ·","February 2024","Couple","Reviewed: 9 February 2024","Very poor","Nothing. House of mosquito","Mosquito house. Poor commmunication and welcome by staff"
"Nagashree","United Kingdom","Deluxe Room","1 night ·","January 2024","Couple","Reviewed: 28 January 2024","Disappointing","Good breakfast","No automatic payment through booking.com , had to struggle to pay before room key was given, also no help with booking cabs to airport and back. Not good value for money. For the amount taken, was expecting better facilities and better hospitality"
"Ankit","India","Deluxe Room","2 nights ·","November 2023","Family","Reviewed: 8 November 2023","Only location and new hotel building is advantage nothing else.","The hotel building is new so it's clean and is at a good location so everythig is nearby.","Still a new hotel and staff is learning how to deal with customers. Wish they are more courteous and professional as they are in hospitality sector."
"Rajat","India","Deluxe Room","1 night ·","October 2023","Solo traveller","Reviewed: 19 October 2023","Decent stay","The rooms were very clean. Breakfast was good. The staff was courteous. Excellent location if someone is looking for US Visa Interview.

A few things which could have been better are...

1) Couldn't sleep due to mosquitos in the room. Need to improve on this.
2) High cost for a small size room","Mosquitos in the room."
"Dr","India","Deluxe Room","1 night ·","February 2023","Solo traveller","Reviewed: 1 February 2023","Bad","High rate food - Food delivery too late","Service food"
"Bharat","India","Deluxe Room","2 nights ·","March 2024","Solo traveller","Reviewed: 29 March 2024","Bad","The hotel tariff doesn't match the facilities offered. In breakfast, masala tea is chargeable, while breakfast is complimentary. Hotel has idiotic design scheme of sanitary ware. While washing, wager spillage happens, as tap touches the washbasin slab. Shower is at roof top height that you cannot teach to adjust it. Breakfast places doesn't offer you table salt and pepper. It seems like a Sarai of ancient times. Lift are very dirty.","Nothing"
"Charles","France","Deluxe Room","1 night ·","February 2024","Couple","Reviewed: 1 March 2024","Poor","The staff, cleanliness and the room.","We could not sleep in the night as there was a group of men drinking in a room on the same floor as our room. They created a lot of noise and commotion."
"Annie","Malaysia","Deluxe Triple Room","3 nights ·","February 2024","Group","Reviewed: 16 February 2024","Bad","Lier pour menegme t",""
"","","","","","","","","",""
"","","","","","","","","",""
"Anupam","Germany","King Room with Two King Beds","2 nights ·","January 2024","Family","Reviewed: 13 February 2024","Disappointed especially with loud strange noises at night in the room. Too many mosquitoes.","Location and Food was good","Too many mosquitoes in the room
Loud strange noises at night in room, difficult to sleep.
Does not look a hotel , more of an apartment studio."
"Gprabhu","India","Deluxe Room","1 night ·","January 2024","Couple","Reviewed: 23 January 2024","Surprised to get troubled by the mosquitoes....","Very good  .... food , service and spread were all excellent",""
"Jayaprakash","India","Deluxe Room","1 night ·","December 2023","Couple","Reviewed: 10 December 2023","Bad","Nothing","No restaurant,  no bar, ambiance not matching the price, staff lacks training but were sweet and humble."
"Siddhanthi","India","Deluxe Room","1 night ·","October 2023","Solo traveller","Reviewed: 31 October 2023","Night marw an","Lousy approach managers don't take booking directly gives rates don't book ans cheat asking to book through booking.com hotel have given me 3750 plus tax and never confirmed me despite of many emails through booking .Com charged me 5100 it's a day light robbery worst culture staff don't give higher up contact details to complain just say they do not have their manager dhanjay or dhanraj is biggest criminal","Everything is bad very service never go to this hotel ever again"
"Saibanu","India","Deluxe Room","6 nights ·","July 2023","Family","Reviewed: 25 July 2023","Very poor","Breakfast was good. Restaurant crew was great. Understaffed.",""
"Pradeep","India","Deluxe Triple Room","3 nights ·","February 2024","Group","Reviewed: 4 March 2024","Everything good except a reception and food etc","In this hotel there is no lobby. Even three person  guests cannot sit in reception. At reception people not very cooperative. I am vegetarian and like Jain food. I requested to prepare a few Jain food item . They refused,","There should be at least one small lobby have
Ing at least  3- 4 chairs or sofa. Some attention on Jain foods"
"Anonymous","United States","King Room with Two King Beds","2 nights ·","April 2023","Family","Reviewed: 5 April 2023","extremely satisfying with family","the property was nice and rooms were spacious, staffs were very courteous and helpful, food was very good and very close to US embassy too.","no gym, swimming pool"
"Anonymous","Sweden","Deluxe Room","4 nights ·","January 2024","Solo traveller","Reviewed: 6 January 2024","Pleasant","Good location, decent breakfast and basic room amenities for the price. Bed linens and towels were not in good condition and needs a refresh.","The staff at the reception is intimidating and non-communicative. The service staffs and kitchen crew were service minded. I will definitely not come here again for the bad reception service especially at check-out. Pay a little extra and stay in a safer and welcoming place."
"Małgorzata","Poland","Deluxe Room","7 nights ·","February 2024","Couple","Reviewed: 29 February 2024","Czysto i pyszne śniadania","Pokój przestronny z dużym, wygodnym łóżkiem i sprawnie działającą klimatyzacją. Czysto, codziennie świeże ręczniki, kosmetyki i woda. Pozytywne wrażenie robi ekipa z restauracji - uśmiechnięta, pomocna i dobrze doradzi w kwestii posiłków. Pyszne śniadania w lokalnym stylu, ale znajdzie się też coś dla Europejczyka ;) Warto skorzystać z restauracji na obiad lub kolację. Wybór dań szeroki i wszystko bardzo smaczne.
Hotel w centrum, ale w naszym pokoju (409) nie było słychać hałasu z ulicy. Hotel posiada prywatny, zadaszony parking.","Mimo rezerwacji, musieliśmy czekać na pokój pół godziny o drugiej w nocy. W końcu otrzymaliśmy pokój, ale inny niż w rezerwacji. Na następny dzień poproszono nas o przeprowadzkę. Na właściwy pokój czekaliśmy do późnych godzin nocnych...

Kiedy poprosiliśmy o możliwość późniejszego check out (o 1-2 godziny) zamiast częściowej opłaty zażądano od nas kwotę za całą dobę, co w związku z wcześniejszymi problemami z pokojem zostawiło niesmak."
"Nicolas","France","Deluxe Room","1 night ·","April 2023","Couple","Reviewed: 10 April 2023","Adapté pour une arrivée en douceur à Chennai","Très bon Hotel pour une arrivée à Chennai 
Facile d’accès depuis l’aéroport grâce au métro et à distance « proche » des lieux de vie de Chennai, mais pas à pied. Tuktuk ou taxi indispensable.
Petit dejeuner indien de qualité
Localisation à l’écart du bruit de la ville","Pas forcément le plus adapté pour les conseils touristiques mais ils ont fait l’effort de nous aider 
Il gagnerait à avoir des plans de la ville à disposition."
"","","","","","","","","",""
"","","","","","","","","",""
"Marta","Spain","Deluxe Room","2 nights ·","March 2024","Couple","Reviewed: 24 March 2024","Good","El tamaño de la habitación y del baño. La ubicación estaba bien. Es semi nuevo","En el ascensor había un ventilador que el aire que salia olia fatal. Las sábanas no estaban bien limpias. El café no era de maquina dolo de sobre. Y el desayuno en sí no habia mucha variedad. Nos pareció caro para lo que ofrecen."
"Anne","France","Deluxe Triple Room","3 nights ·","February 2024","Family","Reviewed: 26 February 2024","Top","Tout","L'odeur de cigarette dans la chambre 😔"
"Anonymous","Switzerland","Deluxe Triple Room","6 nights ·","August 2023","Group","Reviewed: 29 August 2023","Super Hotel, sehr komfortabel und in Western-Style.","Das Hotelzimmer ist sehr sauber. Jeden Tag reinigt das Personal die Zimmer und macht die Betten. Auch der Security-Herr hat stets höfllich uns immer mit unseren vielen Tragtaschen geholfen. Das Personal ist sehr aufmerksam.

Man kann frische Dosai beim Frühstück bestellen.","Das Frühstück war in Ordnung. Manchmal hat es keinen Platz gehabt und wir mussten dann länger warten bis ein Tisch frei wurde und dieser Tisch wurde dann auch nicht sauber gemacht."
"Anonymous","France","King Room with Two King Beds","3 nights ·","August 2023","Group","Reviewed: 14 September 2023","Good","propreté","bruit extérieur horrible"
"Aprajit","India","Deluxe Room","1 night ·","March 2024","Solo traveller","Reviewed: 19 March 2024","Very good","There are no comments available for this review",""
"Shriya","India","Deluxe Triple Room","2 nights ·","March 2024","Group","Reviewed: 13 March 2024","Superb","There are no comments available for this review",""
"Bharath","India","Deluxe Triple Room","1 night ·","February 2024","Family","Reviewed: 1 March 2024","Superb","There are no comments available for this review",""
"Karthikraj","India","King Room with Two King Beds","2 nights ·","February 2024","Family","Reviewed: 27 February 2024","Superb","There are no comments available for this review",""
"Nihal","India","Deluxe Triple Room","1 night ·","February 2024","Family","Reviewed: 26 February 2024","Superb","There are no comments available for this review",""
"K","Japan","Deluxe Room","7 nights ·","February 2024","Solo traveller","Reviewed: 23 February 2024","Very good","There are no comments available for this review",""
"","","","","","","","","",""
"","","","","","","","","",""
"Claire","Poland","Deluxe Room","2 nights ·","February 2024","Solo traveller","Reviewed: 18 February 2024","Superb","There are no comments available for this review",""
"Chandrashekhar","India","Deluxe Room","1 night ·","February 2024","Solo traveller","Reviewed: 16 February 2024","Very good","There are no comments available for this review",""
"Doncy","India","Deluxe Triple Room","2 nights ·","February 2024","Family","Reviewed: 6 February 2024","Superb","There are no comments available for this review",""
"Augustin","India","Deluxe Room","2 nights ·","January 2024","Group","Reviewed: 1 February 2024","Good","There are no comments available for this review",""
"Parthiban","India","Deluxe Triple Room","1 night ·","January 2024","Family","Reviewed: 26 January 2024","Very good","There are no comments available for this review",""
"Arumay","India","Deluxe Room","3 nights ·","January 2024","Solo traveller","Reviewed: 17 January 2024","Superb","There are no comments available for this review",""
"Abhishek","India","Deluxe Room","1 night ·","January 2024","Couple","Reviewed: 13 January 2024","Superb","There are no comments available for this review",""
"Radhakrishnan","India","Deluxe Room","1 night ·","January 2024","Solo traveller","Reviewed: 12 January 2024","Superb","There are no comments available for this review",""
"Sowmya","India","Deluxe Triple Room","3 nights ·","October 2023","Family","Reviewed: 24 December 2023","Superb","There are no comments available for this review",""
"Mishra","India","Deluxe Room","2 nights ·","November 2023","Couple","Reviewed: 9 December 2023","Superb","There are no comments available for this review",""
"","","","","","","","","",""
"","","","","","","","","",""
"Adeepak","India","Deluxe Triple Room","1 night ·","November 2023","Family","Reviewed: 22 November 2023","Superb","There are no comments available for this review",""
"Chokkalingam","India","Deluxe Room","2 nights ·","November 2023","Solo traveller","Reviewed: 8 November 2023","Superb","There are no comments available for this review",""
"Srikanth","India","Deluxe Room","1 night ·","November 2023","Solo traveller","Reviewed: 4 November 2023","Very good","There are no comments available for this review",""
"Mahesh","India","Deluxe Triple Room","2 nights ·","October 2023","Group","Reviewed: 8 October 2023","Superb","There are no comments available for this review",""
"Raghava","India","Deluxe Triple Room","1 night ·","September 2023","Group","Reviewed: 20 September 2023","Very good","There are no comments available for this review",""
"Patel","India","Deluxe Triple Room","2 nights ·","August 2023","Family","Reviewed: 29 August 2023","Superb","There are no comments available for this review",""
"Ginny","India","Deluxe Room","1 night ·","August 2023","Couple","Reviewed: 24 August 2023","Superb","There are no comments available for this review",""
"Surya","India","Deluxe Triple Room","2 nights ·","August 2023","Family","Reviewed: 6 August 2023","Superb","There are no comments available for this review",""
"R","Malaysia","King Room with Two King Beds","3 nights ·","June 2023","Family","Reviewed: 17 June 2023","Very good","There are no comments available for this review",""
"Ankitaa","India","Deluxe Triple Room","3 nights ·","June 2023","Couple","Reviewed: 17 June 2023","Superb","There are no comments available for this review",""
"","","","","","","","","",""
"","","","","","","","","",""
"Nandini","India","King Room with Two King Beds","2 nights ·","May 2023","Family","Reviewed: 5 May 2023","Superb","There are no comments available for this review",""
"Divya","India","King Room with Two King Beds","1 night ·","April 2023","Family","Reviewed: 12 April 2023","Superb","There are no comments available for this review",""
"Saxena","India","King Room with Two King Beds","3 nights ·","March 2023","Family","Reviewed: 11 April 2023","Superb","There are no comments available for this review",""
"Ankur","India","Deluxe Room","1 night ·","March 2023","Solo traveller","Reviewed: 21 March 2023","Superb","There are no comments available for this review",""
"Paruvella","United States","King Room with Two King Beds","3 nights ·","March 2023","Group","Reviewed: 19 March 2023","Very good","There are no comments available for this review",""
"Goutham","Australia","Deluxe Room","1 night ·","February 2023","Solo traveller","Reviewed: 18 March 2023","Superb","There are no comments available for this review",""
"Charles","France","King Room with Two King Beds","1 night ·","December 2022","Family","Reviewed: 17 March 2023","Very good","There are no comments available for this review",""
"Shinde","India","Deluxe Room","2 nights ·","March 2023","Solo traveller","Reviewed: 13 March 2023","Good","There are no comments available for this review",""
"Mallela","United States","Deluxe Room","1 night ·","March 2023","Family","Reviewed: 10 March 2023","Superb","There are no comments available for this review",""
"Rdk","Malaysia","Deluxe Room","2 nights ·","February 2023","Couple","Reviewed: 9 March 2023","Very good","There are no comments available for this review",""
"","","","","","","","","",""
"","","","","","","","","",""
"Raja","India","Deluxe Room","1 night ·","March 2023","Couple","Reviewed: 7 March 2023","Superb","There are no comments available for this review",""
"Ravi","Netherlands","King Room with Two King Beds","3 nights ·","February 2023","Family","Reviewed: 2 March 2023","Superb","There are no comments available for this review",""
"Manikandan","India","Deluxe Room","1 night ·","February 2023","Solo traveller","Reviewed: 19 February 2023","Very good","There are no comments available for this review",""
"Sivamani","India","Deluxe Room","2 nights ·","February 2023","Solo traveller","Reviewed: 11 February 2023","Superb","There are no comments available for this review",""
"Bhowmick","India","King Room with Two King Beds","3 nights ·","February 2023","Group","Reviewed: 8 February 2023","Very good","There are no comments available for this review",""
"Anil","India","Deluxe Room","1 night ·","January 2023","Solo traveller","Reviewed: 13 January 2023","Superb","There are no comments available for this review",""
"Latheesh","India","Deluxe Room","1 night ·","March 2024","Couple","Reviewed: 2 April 2024","Good","There are no comments available for this review",""
"Avinash","India","Deluxe Room","2 nights ·","February 2024","Solo traveller","Reviewed: 26 March 2024","Good","There are no comments available for this review",""
"Sangeetha","United States","Deluxe Triple Room","2 nights ·","February 2024","Group","Reviewed: 25 March 2024","Very good","There are no comments available for this review",""
"Malini","United Kingdom","Deluxe Triple Room","2 nights ·","March 2024","Group","Reviewed: 25 March 2024","Very good","There are no comments available for this review",""
"","","","","","","","","",""
"","","","","","","","","",""
"Ravi","India","Deluxe Room","2 nights ·","February 2024","Group","Reviewed: 1 March 2024","Very good","There are no comments available for this review",""
"Mayank","India","Deluxe Room","2 nights ·","February 2024","Group","Reviewed: 21 February 2024","Very good","There are no comments available for this review",""
"Gopinath","India","Deluxe Room","1 night ·","January 2024","Couple","Reviewed: 18 January 2024","Superb","There are no comments available for this review",""
"Pyani","United Kingdom","Deluxe Triple Room","5 nights ·","January 2024","Group","Reviewed: 2 January 2024","Superb","There are no comments available for this review",""
"Subramani","India","Deluxe Room","1 night ·","November 2023","Solo traveller","Reviewed: 26 December 2023","Very good","There are no comments available for this review",""
"Mithun","India","Deluxe Room","1 night ·","November 2023","Family","Reviewed: 30 November 2023","Superb","There are no comments available for this review",""
"Fazlur","United Kingdom","Deluxe Room","2 nights ·","November 2023","Solo traveller","Reviewed: 30 November 2023","Very good","There are no comments available for this review",""
"Vidyadhar","India","Deluxe Room","3 nights ·","October 2023","Family","Reviewed: 15 November 2023","Good","There are no comments available for this review",""
"Leela","United States","Deluxe Triple Room","2 nights ·","November 2023","Group","Reviewed: 10 November 2023","Superb","There are no comments available for this review",""
"Shashi","India","Deluxe Triple Room","1 night ·","September 2023","Family","Reviewed: 10 October 2023","Very good","There are no comments available for this review",""
"","","","","","","","","",""
"","","","","","","","","",""