"a3332d346a","afac1f68d9","abf093bdfe","abf093bdfe 2","abf093bdfe 3","abf093bdfe 4","abf093bdfe 5","f6431b446c","a53cbfa6de","a53cbfa6de 2","a3332d346a 2","a53cbfa6de 3"
"Laletha","Malaysia","Studio","3 nights ·","June 2023","Family","Reviewed: 11 June 2023","Exceptional","Nice hotel very clean and value for money","A bit annoying to handle auto drivers infront of hotel. Some are good ,some are very charging","Hotel response:","Dear Laletha,
We very much appreciate your comments..."
"Sudha","India","Suite","1 night ·","August 2023","Family","Reviewed: 22 August 2023","Okaish. Decent","Rooms","Staff isn’t considerate","Hotel response:","Dear Sudha,
We thank you for your valuable feedback and..."
"Anthoni","India","Studio","2 nights ·","July 2023","Family","Reviewed: 16 July 2023","Decent hotel but customer service needs to be improved.","The location of the hotel is very good .","Parking in and out entrance signage needs to be changed.","Hotel response:","Dear Anthoni,
We very much appreciate your comments..."
"Nahlinahdevi","Malaysia","Studio","2 nights ·","March 2023","Couple","Reviewed: 16 March 2023","S Hotel - good hotel","Superb location, close to temple, shopping street and restaurants. Stayed there for 3 nights, clean & friendly staff. Breakfast choice was good too..","","Hotel response:","Dear Nahilnadevi, 
We very much appreciate your comments..."
"Raghavendra","India","Studio","3 nights ·","November 2022","Solo traveller","Reviewed: 27 November 2022","Very good","This hotel charges for the empty plates if you get the food from outside restaurant. I paid for the empty ceramic hotel plates for the first time in my life out of my 22 years of travel and stay in more than hundreds of hotels. I was very disappointed with this kind of service.","1 person found this review helpful.","Hotel response:","Dear Raghavendra, 
We very much appreciate your comments..."
"Nicholas","United Kingdom","Studio","3 nights ·","September 2022","Family","Reviewed: 30 September 2022","Enjoyable and will be back again","The location, cleanliness, helpful and attentive staff","Breakfast service. Having to wait long for items to be refilled/topped-up.
Some of the bath towels were not very clean and had to request a replacement.","Hotel response:","Dear Nicholas, 
We very much appreciate your comments..."
"Gangadharan","India","Studio","3 nights ·","September 2022","Couple","Reviewed: 1 September 2022","A COMFORTABLE STAY COULD HAVE BEEN BETTER FOR BETTER CUSTOMER RESPONSE","VERY GOOD LOCATION IDEAL FOR ATTENDING MARRIAGES NEAR BY
OVERALL COMFORT VERY GOOD","Breakfast could have been better limited spread for the buffet and small dining room, 
Staff not very helpful and overall customer service is FAIR-NEEDS IMPROVEMENT
ROOM CLEANING NOT DONE AS PER SCHEDULE AND LOOKS TO BE ON ADHOC BASIS","Hotel response:","Dear Gangadharan, 
We very much appreciate your comments..."
"Ramanathan","India","Studio","2 nights ·","July 2022","Family","Reviewed: 21 August 2022","Overall plee","Breakfast had a good variety.","More vegetarian options during lunch time and dinner time.","Hotel response:","Dear Ramanathan,
We very much appreciate your comments..."
"Rahul","India","Studio","2 nights ·","June 2022","Family","Reviewed: 14 June 2022","Good","Cleanliness","Hot water issue. Little expensive. Not much restuarant nearby for food.","Hotel response:","Dear Rahul, 
We very much appreciate your comments..."
"Battu","India","Studio","3 nights ·","March 2022","Group","Reviewed: 30 March 2022","Very good","Room cleaning","No complimentary breakfast","Hotel response:","Dear Battu, We very much appreciate your comments..."
"Janu","India","Studio","1 night ·","January 2024","Couple","Reviewed: 8 January 2024","Need and good","Yes need and clean","","Hotel response:","Dear Janu,
We very much appreciate your comments..."
"Sandeep","India","Studio","2 nights ·","January 2024","Couple","Reviewed: 7 January 2024","Pleasant","For the cost which you charged does not include a complimentary breakfast which is very bad.","","Hotel response:","Dear Guest,
We very much appreciate your comments..."
"International","Sri Lanka","Studio","2 nights ·","December 2023","Family","Reviewed: 23 December 2023","Almost good","Foods are very delicious and clean.
The kitchen staff provided very good service","My parcel was missing and I informed about to hotel last four day. I told to checked room cctv camera. But hotel was not response yet. I am totally unhappy about that matter.","Hotel response:","Dear Guest,
We very much appreciate your comments..."
"Getrude","Kenya","Studio","1 night ·","November 2023","Group","Reviewed: 13 December 2023","Exceptional.","Availing an iron box in the room.","","Hotel response:","Dear Guest,
We very much appreciate your comments..."
"Gokarna","Nepal","Studio","1 night ·","May 2023","Solo traveller","Reviewed: 28 May 2023","Good","location","need to do more on cleanliness","Hotel response:","Dear Gokarna,
We very much appreciate your comments..."
"Balakrishnan","Malaysia","Studio","6 nights ·","March 2023","Couple","Reviewed: 13 March 2023","was a satisfied stay","good","wifi was at times unstable","Hotel response:","Dear Balakrishnan, 
We very much appreciate your comments..."
"Ravikumar","United Kingdom","Suite","2 nights ·","February 2023","Couple","Reviewed: 7 March 2023","Very good","Breakfast is good.  Nice area.","","Hotel response:","Dear Ravikumar, 
We very much appreciate your comments..."
"|","India","Studio","2 nights ·","October 2022","Solo traveller","Reviewed: 30 October 2022","Pls look at the room spatials","Location and staff","The room space","Hotel response:","Dear Guest, 
We very much appreciate your comments..."
"Senior","India","Studio","3 nights ·","July 2022","Family","Reviewed: 21 July 2022","Very good","1.  Regular cleaning, change of linen and towels.
2.  Good breakfast spread.","Renovation going on 1st floor.","Hotel response:","Dear Guest,
We very much appreciate your comments..."
"Prakash","India","Suite","4 nights ·","July 2022","Solo traveller","Reviewed: 10 July 2022","overall a good hotel with good food. i definitely recommend this hotel.","Good breakfast, Good food
Good location
Clean rooms
Linen could be of better quality
A smile on the face of staff at reception etc. could really help the guset feel at home.","Service with a smile was missing","Hotel response:","Dear Prakash,
We very much appreciate your comments..."
"","","","","","","","","","","",""
"","","","","","","","","","","",""
"Dharishaanth","Malaysia","Studio","4 nights ·","June 2022","Family","Reviewed: 15 June 2022","Comfortable","The location is ideal, just a few hundred metres away from the infamous Pondy bazaar. The rooms were comfortable. The breakfast had south Indian and limited western options. The staffs were great too. They allowed us to store our luggage till night on our day of check out.","No room cleaning services done on certain days despite having pressed the room service button which they have in every room. No hot water!","Hotel response:","Dear Dharishaanth, 
We very much appreciate your comments..."
"K","India","Studio","4 nights ·","April 2022","Couple","Reviewed: 23 April 2022","Okey","Hotels should have smoke zone. It's not practical to go down for smoke on the Road outside the Hotel.","","Hotel response:","Dear Subramaniyam,
We very much appreciate your comments..."
"Iduabale","India","Studio","1 night ·","March 2022","Couple","Reviewed: 2 April 2022","Pleasant","locations","way of staff approaching","Hotel response:","Dear Iduabale, We very much appreciate your comments..."
"Rajanramaswamy","United Arab Emirates","Studio","2 nights ·","January 2022","Family","Reviewed: 30 January 2022","Pleasant","Room was clean could have been better","Poor Lighting
Food was not great
Very limited options for Vegetarians & Jains","Hotel response:","Dear Ramaswamy, We very much appreciate your comments..."
"Anuradha","India","Studio","3 nights ·","December 2021","Group","Reviewed: 10 December 2021","Pleasant","Breakfast spread was great, some staffs particularly from Housekeeping were exceptionally warm and accommodating. Hotel's interior is very well maintained, lobby, restaurant and even rooms looked clean.","Bathroom stinked of sewage so much that if you mistakenly leave the bathroom door open for sometime, the whole bedroom would stink. Had informed Housekeeping, they came in and serviced my bathroom, sprayed room freshener but that ofcourse only helped for a while. Stinky room is the last thing you would want on a holiday:(","Hotel response:","Dear Anuradha,
We very much appreciate your comments..."
"Lal","Canada","Studio","2 nights ·","November 2021","Family","Reviewed: 19 November 2021","Pleasant","Food was good","It was supposed to be non smoking rooms. But a few did smoke on the lobby/entry way and created an awful smell. Then we moved to a different floor in order to get away from the smell.","Hotel response:","Dear Lal,
We very much appreciate your comments regarding..."
"Prabhh","India","Studio","1 night ·","September 2021","Group","Reviewed: 16 September 2021","good","good break fate but need more items 
ex= poori not available in morning  break fate","rooms and location","Hotel response:","Dear Prabhh,
We very much appreciate your comments..."
"Venkatesh","United Kingdom","Suite","3 nights ·","February 2023","Solo traveller","Reviewed: 13 February 2023","Slightly disappointed.","The location of S Hotels is the one I like the most","To my surprise the Hotel was struggling to find my booking on arrival . Not sure whose problem was it . If it was Booking.com or the Hotel itself. The reception staff have to be little bit more customer friendly. The room could be little bit more clean. Few facilities have to be improved within the room like shower, automatic switch on of AC on getting into the room.","Hotel response:","Dear Guest, 
We thank you for your valuable feedback and..."
"Prakash","United Arab Emirates","Studio","2 nights ·","November 2023","Family","Reviewed: 27 November 2023","Great location, efficient and functional rooms, supportive staff and good food. Perfect for a short stay","Great Location, alacrity staff and value for money,","The buffet dinner was pricey though I did not opt for it","Hotel response:","Dear Prakash,
We very much appreciate your comments..."
"Shankar","India","Suite","3 nights ·","July 2023","Solo traveller","Reviewed: 30 July 2023","Great place to stay and definitely worth the prices.","Great location and the staff were very prompt and polite. Great place to stay in chennai.","","Hotel response:","Dear Shankar,
We very much appreciate your comments..."
"","","","","","","","","","","",""
"","","","","","","","","","","",""
"Ahuja","India","Studio","1 night ·","March 2023","Solo traveller","Reviewed: 28 March 2023","Superb","Everything was neat and clean. Well organised and good budget hotel.","","Hotel response:","Dear Ahuja,
We very much appreciate your comments..."
"Josh","New Zealand","Suite","5 nights ·","January 2023","Couple","Reviewed: 3 January 2023","disappointment","nice room","poor service 

no wifi 

bad linen","Hotel response:","Dear Josh,
We very much appreciate your comments..."
"Hrithik","India","Studio","1 night ·","June 2022","Couple","Reviewed: 25 June 2022","","This review has been hidden because it doesn't meet our guidelines.","","",""
"Avinash","India","Studio","2 nights ·","March 2022","Couple","Reviewed: 17 April 2022","Great place for a good budget stay. Clean","Location and cleanliness was good","Staff could have been faster at responding but that was OK","Hotel response:","Dear Avinash, We very much appreciate your comments..."
"Pancham","India","Studio","2 nights ·","March 2022","Solo traveller","Reviewed: 20 March 2022","Superb","Cleanliness, location","No Smoking Room","Hotel response:","Dear Pancham, We very much appreciate your comments..."
"Diwakar","India","Studio","2 nights ·","March 2022","Couple","Reviewed: 4 March 2022","Nice Stay","Location is good, staff behaviour is also good, but Room Service is Slow","Charges is high compare to other","Hotel response:","Dear Diwakar, We very much appreciate your comments..."
"Manduru","India","Studio","1 night ·","February 2022","Family","Reviewed: 5 February 2022","Exceptional","Overall good service and response.","Please ensure expired snacks / cool drinks to be not kept in mini fridge","Hotel response:","Dear Manduru, We very much appreciate your comments..."
"Devdas","India","Studio","2 nights ·","December 2021","Solo traveller","Reviewed: 8 December 2021","Look forward to staying again","Good location  Polite and attentive staff. Good room service and restaurant","","Hotel response:","Dear Guest,
I thank you for choosing to stay at S Hotels,..."
"Retnakumar","India","Studio","2 nights ·","October 2021","Family","Reviewed: 13 October 2021","Superb","Room was clean and room service was good","Toiletries were less. There was no shaving kit and comb","Hotel response:","Dear Retnakumar,
We very much appreciate your comments..."
"Dheeraj","India","Studio","1 night ·","September 2021","Solo traveller","Reviewed: 12 October 2021","Exceptional","Very nice room at this price","Nil","Hotel response:","Dear Guest,
I thank you for choosing to stay at S Hotels,..."
"","","","","","","","","","","",""
"","","","","","","","","","","",""
"Devdas","India","Suite","3 nights ·","October 2021","Group","Reviewed: 8 October 2021","Value for money","Good breakfast, very neat rooms and more importantly very convenient as well as quiet locality","1 person found this review helpful.","Hotel response:","Dear Guest,
I thank you for choosing to stay at S Hotels,..."
"Thibyaa","United Kingdom","Family","Presidential Suite","February 2024","1 night ·","Reviewed: 20 February 2024","Could have been better","The property itself was actually quite nice aesthetically and modern.","On arrival, it was evident that hospitality would not be this hotel’s strong suit. There was no-one to help us with our luggage up the stairs and the staff were not attentive in comparison to other hotels in the area. The front lady had a lot of unnecessary attitude which was unfortunate as I was looking forward to my stay. This left quite a bad taste in my mouth and I think the team would benefit from paying more attention to general respect towards their customers. On a side note, this hospital does not have an in house phone so you will not be able to contact anyone as a foreigner unless you’ve have an Indian number on your own phone.","",""
"Saratha","Singapore","Suite","1 night ·","September 2022","Couple","Reviewed: 6 September 2022","Disappointing","the external environment","Every small thing is chargeable. paid for 3rd person but no additional bed provided . Separate charges. not accommodating to customers. not worth the money","Hotel response:","Dear Saratha, 
We very much appreciate your comments..."
"Pratheep","India","Studio","1 night ·","May 2022","Family","Reviewed: 17 May 2022","The property was awesome but the late night receptionist was bit rude.","The room was nice and comfy to stay in.","The TV wasn’t working, I was not provided with a basic toiletries pack, though most of the basic level hotels provide it to the customers. The room corners were full of beach sand and a bit dirt. How could I not say about the late night receptionist sir, an outstanding level of hospitality, Anyone will feel as if they live on free of cost on the receptionist’s property. Worst level of gesture at the front desk.","Hotel response:","Dear Pratheep,
We thank you for your valuable feedback..."
"Moumita","India","Studio","3 nights ·","May 2022","Family","Reviewed: 3 May 2022","Very bad experience","Location, food","Things mentioned in facilities of room while booking, not provided. Eg. Bathrobe, conditioner. And even after asking multiple time the response was ""we will check and get back to you"". But withing my 3 days stay no one came back. Bathroom shower tap was broken and not working. Towels were washed but not clean same with bedsheets and pilow covers.
They charged us 20 rs per plate when I asked for plates to eat. This is first time in my life I saw that hotel is charging for empty plates.","Hotel response:","Dear Moumita,
We thank you for your valuable feedback and..."
"Nedungadi","India","Studio","1 night ·","March 2022","Family","Reviewed: 10 April 2022","Safe and peaceful stay for couple , family & friends.","Overall satisfied.","Expect a little space in the room and car parking to be given inside and not outside.","Hotel response:","Dear Nedungadi, We very much appreciate your comments..."
"Mohamed","Malaysia","Studio","3 nights ·","February 2022","Solo traveller","Reviewed: 13 February 2022","Superb","good","smoking smell","Hotel response:","Dear Mohamed,
We very much appreciate your comments..."
"Husain","India","Studio","1 night ·","November 2021","Couple","Reviewed: 4 November 2021","Good place","Heart of City very silent place atmosphere good","Everything very good","Hotel response:","Dear Guest,
I thank you for choosing to stay at S Hotels,..."
"Emmimal","India","Studio","1 night ·","April 2021","Couple","Reviewed: 7 April 2021","Passable","No view from the room it was shut completely.And the bed sheets wer torn and dirty.","","Hotel response:","Dear Emmimal,
We very much appreciate your comments..."
"Palani","Malaysia","Studio","2 nights ·","March 2024","Family","Reviewed: 16 March 2024","Poor","They got iron boxes
Security people was good and also the staff in restaurants was friendly","The wifi worst
All receptionist not friendly and approachable","",""
"","","","","","","","","","","",""
"","","","","","","","","","","",""
"Vivekanandan","India","Studio","2 nights ·","June 2023","Couple","Reviewed: 6 June 2023","house keeping require complete overhaul. business travellers to avoid this place.","location and restaurant","not clean. no hand towels. delay in check in. no spare key card. smelly bathroom without freshness. congested space for two occupants","Hotel response:","Dear Vivekanandan,

We thank you for your valuable..."
"Hajau","India","Studio","1 night ·","April 2023","Couple","Reviewed: 1 May 2023","Bad","Ac","i asked for single bed but i got the twin bed","Hotel response:","Dear Hajua,
We very much appreciate your comments..."
"Lali","Singapore","Studio","6 nights ·","November 2022","Family","Reviewed: 10 November 2022","Disappointing","1. Hot water to shower was not hot. 
2. No WiFi in my room
3. Same breakfast everyday","","Hotel response:","Dear Ann, 
We very much appreciate your comments..."
"Rashidul","Germany","Suite","2 nights ·","August 2022","Family","Reviewed: 7 November 2022","Ok.","Room was spacious.","Staff behaviour. They were very slow to respond.
I had to ask 4 times to get an extra pillow for my Mom.","Hotel response:","Dear Guest, 

We thank you for your valuable feedback and..."
"James","United Kingdom","Studio","2 nights ·","July 2022","Family","Reviewed: 10 August 2022","We don't want to stay again.","The breakfast was good.","The rooms were not at all clean and staffs response was very poor.","Hotel response:","Dear James,
We very much appreciate your comments..."
"Shiny","India","Studio","1 night ·","June 2022","Family","Reviewed: 7 June 2022","Bad","food","staff","Hotel response:","Dear Shiny, We very much appreciate your comments..."
"Rajanramaswamy","United Arab Emirates","Studio","2 nights ·","January 2022","Family","Reviewed: 4 January 2022","Passable","Rooms were Good","Not Adequate Lightings
Cleanliness was not up to the mark
Basic Facilities like Water should have been given in more quantity.
Television was very bad. Remote not working
Not enough channels
No options for Jain or Vegan
Breakfast Buffet could have been better","Hotel response:","Dear Ramaswamy,
We very much appreciate your comments..."
"Mahalatcumy","Malaysia","Studio","6 nights ·","June 2023","Group","Reviewed: 19 June 2023","","This review has been hidden because it doesn't meet our guidelines.","","",""
"Murugia","Singapore","Studio","2 nights ·","July 2022","Couple","Reviewed: 4 August 2022","Bad","Close by for shopping","Was not clean and alot of mosquito in room as well as the lobby.
Manager didn't accept our complain
So we cancel our 6 days of stay move another hotel.","Hotel response:","Dear Murugia,
We thank you for your valuable feedback and..."
"Satish","India","Studio","3 nights ·","October 2021","Family","Reviewed: 7 October 2021","Poor","Location","Room was not clean. Can find dust every.
Toiletry and towels were not provide inspire of two occupant only one is been provided. 

And WiFi is dead slow. Bathroom and toilet hygiene was not up to the expectations.","Hotel response:","Dear Satish,
We thank you for your valuable feedback and..."
"","","","","","","","","","","",""
"","","","","","","","","","","",""
"Anonymous","India","Studio","4 nights ·","July 2022","Family","Reviewed: 6 July 2022","Really good!","The property is really good. All the staff were also really good! The cleaning was on time. we are travelling alone or with your friends or family, this is a good place to stay!","Nothing as such, everything went smooth for us!","Hotel response:","Dear Guest,
We very much appreciate your comments..."
"Anonymous","India","Studio","1 night ·","October 2021","Couple","Reviewed: 3 October 2021","I very like hotel place","I very like this place hotel atmosphere very like very need","This place heart Chennai near al route very silent place","Hotel response:","Dear Guest,
I thank you for choosing to stay at S Hotels,..."
"Anonymous","India","Studio","3 nights ·","December 2022","Couple","Reviewed: 17 December 2022","Bad","very bad and uncomfortable stay .bad service 😔","","Hotel response:","Dear Guest, 

We thank you for your valuable feedback and..."
"Anonymous","Germany","Studio","4 nights ·","September 2022","Family","Reviewed: 10 September 2022","Sauberkeit ist dort ein Fremdwort.","Personal war sehr nett und hilfsbereit. Essen war lecker!","Bettwäsche war sehr dreckig und sehr unhygienisch.
Umgebung war sehr laut. Für den Preis war es leider nicht gerecht.","Hotel response:","Dear Guest, 
We very much appreciate your comments..."
"Fatimah","Sri Lanka","Studio","4 nights ·","November 2023","Family","Reviewed: 6 December 2023","Very good","There are no comments available for this review","","",""
"Manurgar","Malaysia","Studio","2 nights ·","September 2023","Group","Reviewed: 22 September 2023","Very good","There are no comments available for this review","","",""
"Bubloo","India","Studio","1 night ·","May 2023","Family","Reviewed: 28 July 2023","Very good","There are no comments available for this review","","",""
"Arun","India","Studio","1 night ·","July 2023","Couple","Reviewed: 16 July 2023","Very good","There are no comments available for this review","","",""
"Waniyah","Malaysia","Studio","1 night ·","November 2022","Couple","Reviewed: 9 December 2022","Very good","There are no comments available for this review","","",""
"Ganesh","Malaysia","Suite","3 nights ·","November 2022","Family","Reviewed: 25 November 2022","Very good","There are no comments available for this review","","",""
"","","","","","","","","","","",""
"","","","","","","","","","","",""
"Ravi","India","Studio","1 night ·","June 2022","Group","Reviewed: 9 July 2022","Good","There are no comments available for this review","","",""
"Vijay","India","Studio","2 nights ·","March 2022","Family","Reviewed: 14 March 2022","Very good","There are no comments available for this review","","",""
"S","India","Studio","3 nights ·","February 2022","Family","Reviewed: 3 March 2022","Very good","There are no comments available for this review","","",""
"Aravind","India","Studio","1 night ·","November 2021","Solo traveller","Reviewed: 19 November 2021","Very good","There are no comments available for this review","","",""
"Mahesh","India","Studio","1 night ·","August 2021","Family","Reviewed: 18 August 2021","Very good","There are no comments available for this review","","",""
"Sithambaram","South Africa","Studio","3 nights ·","April 2024","Family","Reviewed: 5 April 2024","Very good","There are no comments available for this review","","",""
"Kumar","India","Studio","1 night ·","February 2024","Family","Reviewed: 24 March 2024","Very good","There are no comments available for this review","","",""
"E","Canada","Studio","2 nights ·","January 2024","Family","Reviewed: 16 January 2024","Good","There are no comments available for this review","","",""
"Manohar","India","Studio","2 nights ·","December 2023","Couple","Reviewed: 1 January 2024","Very good","There are no comments available for this review","","",""
"Thivyaa","Malaysia","Studio","1 night ·","October 2023","Family","Reviewed: 30 November 2023","Good","There are no comments available for this review","","",""
"","","","","","","","","","","",""
"","","","","","","","","","","",""
"Prajoth","India","Studio","2 nights ·","October 2023","Family","Reviewed: 26 October 2023","Good","There are no comments available for this review","","",""
"Nivin","India","Studio","2 nights ·","September 2023","Couple","Reviewed: 24 September 2023","Good","There are no comments available for this review","","",""
"Mohamed","Hong Kong","Studio","1 night ·","August 2023","Group","Reviewed: 2 September 2023","Good","There are no comments available for this review","","",""
"Jacob","India","Studio","1 night ·","August 2023","Solo traveller","Reviewed: 28 August 2023","Good","There are no comments available for this review","","",""
"Das","India","Studio","2 nights ·","August 2023","Family","Reviewed: 26 August 2023","Very good","There are no comments available for this review","","",""
"Büşra","Turkey","Suite","2 nights ·","July 2023","Couple","Reviewed: 17 August 2023","Very good","There are no comments available for this review","","",""
"Dave","India","Studio","1 night ·","June 2023","Couple","Reviewed: 18 June 2023","Very good","There are no comments available for this review","","",""
"Nishanthineshwari","India","Studio","1 night ·","April 2023","Group","Reviewed: 2 May 2023","Good","There are no comments available for this review","","",""
"Jagadeesan","India","Studio","1 night ·","March 2023","Couple","Reviewed: 22 April 2023","Pleasant","There are no comments available for this review","","",""
"Muralikrishnan","India","Studio","1 night ·","December 2022","Solo traveller","Reviewed: 29 December 2022","Good","There are no comments available for this review","","",""
"","","","","","","","","","","",""
"","","","","","","","","","","",""
"Abbishek","India","Studio","1 night ·","November 2022","Couple","Reviewed: 13 December 2022","Good","There are no comments available for this review","","",""
"Lali","Singapore","Studio","1 night ·","November 2022","Family","Reviewed: 10 November 2022","Good","There are no comments available for this review","","",""
"Karuppayah","Malaysia","Suite","3 nights ·","August 2022","Family","Reviewed: 3 September 2022","Good","There are no comments available for this review","","",""
"Rahul","India","Studio","1 night ·","May 2022","Family","Reviewed: 6 May 2022","Very good","There are no comments available for this review","","",""
"Bharath","India","Suite","3 nights ·","March 2022","Family","Reviewed: 20 March 2022","Good","There are no comments available for this review","","",""
"Rohan","India","Studio","1 night ·","March 2022","Couple","Reviewed: 11 March 2022","Good","There are no comments available for this review","","",""
"Sabijan","India","Suite","2 nights ·","February 2022","Group","Reviewed: 12 February 2022","Good","There are no comments available for this review","","",""
"Lyrics","India","Studio","1 night ·","December 2021","Family","Reviewed: 24 January 2022","Good","There are no comments available for this review","","",""
"Vasudevan","India","Studio","2 nights ·","January 2022","Group","Reviewed: 24 January 2022","Good","There are no comments available for this review","","",""
"Senthilkumar","India","Studio","1 night ·","December 2021","Couple","Reviewed: 5 December 2021","Very good","There are no comments available for this review","","",""
"","","","","","","","","","","",""
"","","","","","","","","","","",""
"Nihas","India","Studio","1 night ·","October 2021","Group","Reviewed: 17 November 2021","Good","There are no comments available for this review","","",""
"Eswaran","India","Studio","1 night ·","September 2021","Couple","Reviewed: 16 October 2021","Very good","There are no comments available for this review","","",""
"Raaga","India","Studio","1 night ·","September 2021","Group","Reviewed: 22 September 2021","Good","There are no comments available for this review","","",""
"Sha","India","Studio","1 night ·","September 2021","Couple","Reviewed: 4 September 2021","Good","There are no comments available for this review","","",""
"Preetham","India","Studio","1 night ·","May 2021","Couple","Reviewed: 9 May 2021","Very good","There are no comments available for this review","","",""
"Saurabh","India","Studio","1 night ·","November 2023","Solo traveller","Reviewed: 14 January 2024","Pleasant","There are no comments available for this review","","",""
"Senthu","Canada","Studio","1 night ·","June 2022","Family","Reviewed: 2 June 2022","Good","There are no comments available for this review","","",""
"Sudipta","Germany","Studio","2 nights ·","August 2022","Solo traveller","Reviewed: 22 August 2022","Pleasant","There are no comments available for this review","","",""
"Don","India","Suite","1 night ·","March 2024","Couple","Reviewed: 13 March 2024","Exceptional","There are no comments available for this review","","",""
"Arjun","India","Suite","1 night ·","November 2023","Group","Reviewed: 4 December 2023","Exceptional","There are no comments available for this review","","",""
"","","","","","","","","","","",""
"","","","","","","","","","","",""
"Swetha","India","Suite","1 night ·","September 2023","Family","Reviewed: 28 September 2023","Exceptional","There are no comments available for this review","","",""
"Krishna","India","Studio","1 night ·","July 2023","Couple","Reviewed: 24 August 2023","Superb","There are no comments available for this review","","",""
"Budhoo","Mauritius","Studio","6 nights ·","August 2023","Couple","Reviewed: 3 August 2023","Exceptional","There are no comments available for this review","","",""
"Ginelle","United Arab Emirates","Family","Presidential Suite","July 2023","2 nights ·","Reviewed: 8 July 2023","Exceptional","There are no comments available for this review","","",""
"Manesh","India","Studio","1 night ·","June 2023","Couple","Reviewed: 26 June 2023","Exceptional","There are no comments available for this review","","",""
"Ravikrishnan","India","Studio","1 night ·","June 2023","Couple","Reviewed: 22 June 2023","Superb","There are no comments available for this review","","",""
"Ar","India","Studio","1 night ·","April 2023","Couple","Reviewed: 5 June 2023","Exceptional","There are no comments available for this review","","",""
"Engka","Malaysia","Suite","1 night ·","February 2023","Solo traveller","Reviewed: 13 March 2023","Superb room.","There are no comments available for this review","","",""
"Vivek","","Studio","1 night ·","January 2023","Family","Reviewed: 20 February 2023","Exceptional","There are no comments available for this review","","",""
"Subir","India","Suite","1 night ·","January 2023","Group","Reviewed: 16 February 2023","Exceptional","There are no comments available for this review","","",""
"","","","","","","","","","","",""
"","","","","","","","","","","",""
"Puva","Malaysia","Suite","3 nights ·","January 2023","Couple","Reviewed: 6 January 2023","Superb","There are no comments available for this review","","",""
"Malani","India","Studio","1 night ·","September 2022","Couple","Reviewed: 10 December 2022","Exceptional","There are no comments available for this review","","",""
"Lali","Singapore","Studio","2 nights ·","November 2022","Family","Reviewed: 8 December 2022","Exceptional","There are no comments available for this review","","",""
"Lali","Singapore","Studio","1 night ·","November 2022","Family","Reviewed: 8 December 2022","Exceptional","There are no comments available for this review","","",""
"Dr","India","Studio","4 nights ·","October 2022","Couple","Reviewed: 16 November 2022","Exceptional","There are no comments available for this review","","",""
"Sunny","India","Studio","1 night ·","October 2022","Couple","Reviewed: 14 October 2022","Passable","There are no comments available for this review","","",""
"Yuganeshwaran","Malaysia","Studio","3 nights ·","September 2022","Solo traveller","Reviewed: 19 September 2022","Exceptional","There are no comments available for this review","","",""
"Hridi","India","Studio","1 night ·","September 2022","Family","Reviewed: 16 September 2022","Exceptional","There are no comments available for this review","","",""
"Raseswar","India","Studio","1 night ·","August 2022","Family","Reviewed: 6 August 2022","Superb","There are no comments available for this review","","",""
"Varatharajan","France","Suite","4 nights ·","June 2022","Couple","Reviewed: 25 June 2022","Exceptional","There are no comments available for this review","","",""
"","","","","","","","","","","",""
"","","","","","","","","","","",""