"a3332d346a","afac1f68d9","abf093bdfe","abf093bdfe 2","abf093bdfe 3","abf093bdfe 4","abf093bdfe 5","f6431b446c","a53cbfa6de","a53cbfa6de 2"
"Tan","Malaysia","Elite Room","7 nights ·","August 2022","Couple","Reviewed: 24 August 2022","Nice location and very clean 👌","Truly enjoyed the accommodation and very clean and nice location to stay 👌 👍","Only the noise of the bar"
"Srujana","India","Couple","Elegant Room","October 2023","1 night ·","Reviewed: 30 October 2023","Good hotel with friendly customer service. Rooms were very clean and I loved breakfast menu.","Room and the breakfast",""
"Priyadarsan","India","Family","Elegant Room","September 2023","3 nights ·","Reviewed: 11 September 2023","Overall felt very good. Nice location also","Breakfast was good. Rooms were nice and clean. Good staff","Restaurant prices are on the costly side."
"Sara","Netherlands","Solo traveller","Elegant Room","June 2023","1 night ·","Reviewed: 30 June 2023","Comfortable, clean and nice staff","The staff was very helpful.",""
"Ramamurthi","India","Premium Twin Bed Room","1 night ·","June 2023","Group","Reviewed: 27 June 2023","Superb","Location",""
"Romeliza","Saudi Arabia","Elite Room","2 nights ·","May 2023","Solo traveller","Reviewed: 19 May 2023","Good","one staff just barge in in the room while im in bed saying that he found money in the corridor and wants to ask me if its mine. he can just knock or use the doorbell. why barging in the room without knocking.. and im already in bed getting ready for sleep",""
"Venkat","India","Family","Belstead Suite Room","May 2023","1 night ·","Reviewed: 14 May 2023","Very good","Excellent roomm friendly staff. Clean n worth the money","Can be a bit more quicker regards to service"
"Dominic","India","Family","Family Room","April 2023","1 night ·","Reviewed: 26 April 2023","Very good","Staff were not helpful or friendly at all. Otherwise everything was good. Good location..nice clean big rooms. Good location.",""
"Sugan","India","Couple","Elegant Room","April 2023","2 nights ·","Reviewed: 20 April 2023","Good","everything was good expect the food from restaurant . It's very ordinary taste and most of the dishes were blunt . for the price we pay we expect quality and tasty food",""
"Sangeetha","United States","Couple","Elegant Room","January 2023","3 nights ·","Reviewed: 21 January 2023","Good place to stay","Comfortable,  clean and spacious room and bathroom. Comfortable bed, good shower. Staff were attentive, good service. Wall a/c in room. Great breakfast and excellent location, in the heart of the city. We had a pleasant stay. Laundry service was available and took a day but we did not use it.","Safe was unusable."
"Iftakhar","Bangladesh","Elite Room","5 nights ·","December 2022","Family","Reviewed: 26 December 2022","Very good","cleanliness,food,location",""
"Priya","India","Elite Room","3 nights ·","July 2022","Couple","Reviewed: 27 August 2022","Superb","It was complete value for money, the amenities were good, the price was right, the staff was pleasant nothin to complain about","Nothing it was all fine"
"Ramesh","India","Elite Room","5 nights ·","August 2022","Couple","Reviewed: 25 August 2022","very comfortable-","cleanliness & helpful & courteous staff.","everything was OK!!"
"Chandrasekhar","India","Elite Room","5 nights ·","August 2022","Couple","Reviewed: 15 August 2022","Good and Satisfied.","Cleanliness and the complimentary breakfast.","Didn't like the check-in time. The timing is too late compared to other hotels. Also, a lot of timings gap between checkin and checkout."
"Shahil","Nepal","Family","Family Room","August 2022","1 night ·","Reviewed: 8 August 2022","Comfortable","Cleanliness
Accessibility 
Unique in terms of art and murals around the hotel
Good sized rooms 
Good in house restaurant with room service. Friendly courteous staff.
Family friendly 
Wide selection in breakfast buffet.",""
"Stephen","India","Elite Room","2 nights ·","August 2022","Group","Reviewed: 6 August 2022","Hospitable","Stuffs like some coconut oil sashe and brushing kit can be provided...not given on demand",""
"Vibha","India","Family","Elegant Room","July 2022","1 night ·","Reviewed: 3 July 2022","Excellent place, would recommend to others","Ambience, location, staff, service","Bathroom doesn’t have a hand shower, which is common in most hotels these days"
"Pinaki","Sweden","Elite Room","1 night ·","June 2022","Family","Reviewed: 23 June 2022","Overall, the experience was very good. I’ll visit again and will strongly recommend others.","Extremely good location. The hotel was super clean, staffs were very cooperative, breakfast was super. Altogether, it is a really  nice hotel at a very reasonable price.","The AC was preset to stop at 2 AM. Towels and toiletries were a bit inadequate."
"Subramanian","India","Elite Room","3 nights ·","June 2022","Family","Reviewed: 8 June 2022","Nice location.","The Breakfast was good. Has improved a lot than earlier.","The price is on higher side"
"Karan","India","Couple","Elegant Room","June 2022","2 nights ·","Reviewed: 1 June 2022","paisa vasool","location is good","water supply in the morning was distributed for some time"
"","","","","","","","","",""
"","","","","","","","","",""
"Majumder","India","Premium Twin Bed Room","2 nights ·","May 2022","Family","Reviewed: 31 May 2022","Excellent","Everything",""
"Mayukh","India","Premium Twin Bed Room","4 nights ·","May 2022","Family","Reviewed: 25 May 2022","Very good","The breakfast is exceptional, Itz a buffet breakfast with some Indian (South Indian/North Indian) cuisine as well as European/Continental style.

The room was very spacious and I got an upgrade from a Twin Room to a delux room  at no extra cost which was really nice. 

Location was very nice, with all the daily needs easily accessible. Autos, Uber, Ola all know the place. Metro is a little far off, but accessible via an auto ride which would cost you ₹80-90/-. If you need to grab a drink there's the pub/bar Lord of the Drinks just below the hotel.

The staff at hotel was overall cooperative and accomodating.","Hardly anything that we didnt like about our stay. 
But a few things on which there is some room for improvement :-
-> Housekeeping/Room service should improve a little.
-> Some complains with the landline phone/Intercom and bedside light, shampoo n bodywash dispenser, which needs to be looked into.
-> Challenges faced with the room key (access card), door locking system."
"Gerard","Malaysia","Elite Room","2 nights ·","May 2022","Family","Reviewed: 23 May 2022","Superb","Good place with clean room. Restaurant on site was good and area was nice","Good staff"
"Daniel","India","Elite Room","2 nights ·","May 2022","Family","Reviewed: 8 May 2022","Very good","breakfast, room size, clean, but TV, Phone not working properly and seems to have minor maintenance issues.",""
"Pranob","India","Family","Belstead Suite Room","March 2022","2 nights ·","Reviewed: 29 March 2022","Good","Breakfast is ok.Location near to JKCN.",""
"Bharath","United States","Elite Room","1 night ·","February 2022","Solo traveller","Reviewed: 9 March 2022","it was awesome and had a good stay","it was pretty neat, affordable and at great location. Breakfast was nice","Only thing i missed is parking facility"
"Islam","India","Premium Twin Bed Room","1 night ·","January 2022","Family","Reviewed: 31 January 2022","Very good","breakfast","closing time of restaurant"
"Sudeb","India","Family","Belstead Suite Room","December 2021","6 nights ·","Reviewed: 1 January 2022","Stay at the Belstead","The location is good. Five star. Comfortable rooms with neat linen and towels. Helpful staff. Checking and checkout process smooth.","The restaurant is small with respect to this property. The food is good but you need to have an early breakfast if u want a decent one. Closure times are at 930 pm which is a bit early."
"Jose","India","Family","Family Room","December 2021","1 night ·","Reviewed: 18 December 2021","Superb","Should try to change the sheets",""
"Nalini","United States","Family","Elegant Room","December 2021","2 nights ·","Reviewed: 18 December 2021","Very good","good clean room and nice breakfast",""
"","","","","","","","","",""
"","","","","","","","","",""
"Balaji","India","Premium Twin Bed Room","1 night ·","December 2021","Family","Reviewed: 11 December 2021","Good hotel, pleasant stay","breakfast","Nothing to specify."
"Maria","India","Family","Family Room","October 2021","3 nights ·","Reviewed: 13 October 2021","Superb","Food and service and the staff was very nice and friendly.","Breakfast quantity could have been more. Everything was over by 9.00a.m."
"Manisha","India","Group","Elegant Room","August 2021","2 nights ·","Reviewed: 25 September 2021","Good","The room was clean and maintained well but when we checked in at night time there was no one to assisst us with checking in or in helping us get facilities that we wanted once we checked in. We had to wait throughout night to receive things we requested like toileteries from the reception.","when we checked in at night time there was no one to assisst us with checking in or in helping us get facilities that we wanted once we checked in. We had to wait throughout night to receive things we requested like toileteries from the reception."
"Aneesh","India","Elite Room","1 night ·","August 2021","Solo traveller","Reviewed: 1 September 2021","Fantastic!","I expected a bit more of dishes..but fine..",""
"Satyajit","India","Couple","Elegant Room","August 2021","2 nights ·","Reviewed: 16 August 2021","Great room and location!","Room is spacious and comfortable. Hotel is centrally located in Nungambakkam and is super convenient. Staff is extremely polite and accommodated our special requests - they packed sandwiches for us since we had to checkout early in the morning.","Some facilities in the room were missing - hairdryer, hand towels, iron and ironing board. Not sure if this was due to covid."
"Narasimharaj","India","Couple","Elegant Room","July 2021","1 night ·","Reviewed: 12 August 2021","Comfort stay","All the three went on well",""
"Aayush","India","Family","Elegant Room","July 2021","2 nights ·","Reviewed: 23 July 2021","Superb","Hygiene, food and ambience are just perfect.","It’s too pricey."
"Abha","India","Solo traveller","Belstead Suite Room","May 2021","3 nights ·","Reviewed: 11 May 2021","Superb","The room was quite big and spacious and had everything that I needed. The staff was fantastic - super helpful and super polite. Service was excellent and the room very well designed - had good natural light and very well equipped","I wish there were more food option but their menu was reduced because of Covid restrictions and regulations, so not their fault. I hope to stay here during non Covid time and enjoy the meal."
"Philip","India","Solo traveller","Elegant Room","November 2023","2 nights ·","Reviewed: 20 January 2024","Good","Very nice",""
"Gandhi","India","Couple","Elegant Room","November 2023","2 nights ·","Reviewed: 24 November 2023","It was ok...","Breakfast was very good...","Room and toilet floor having sand particles....
TV was not ok on the day when room was allotted ..."
"","","","","","","","","",""
"","","","","","","","","",""
"Lingeshakumar","Malaysia","Elite Room","5 nights ·","November 2023","Family","Reviewed: 14 November 2023","Good stay for a short trip in Chennai. Rooms were spacious and clean. Beds were comfy and nice food.","Prime location with easy access to Autos. Requests which were made during booking were fulfilled. Breakfast was good and had variety. Staff were helpful and kind. Comfortable beds.","The room walls were not soundproof. Some soundproofing should help. It will be also great if the wifi connectivity and speed are improved. A larger smart TV would be a good addition too :)"
"Lingeshakumar","Malaysia","Group","Belstead Suite Room","November 2023","5 nights ·","Reviewed: 14 November 2023","Excellent stay at the Belstead with very capable and courteous staff. Breakfast was good and hotel cleanliness is defini","Prime location. Easy access to Autos. Clean and tidy. Rooms were spacious and beds were comfortable. Special requests were also fulfilled.","Room walls were not soundproof but it’s not too bad. Some soundproofing should resolve it."
"Minal","India","Solo traveller","Elegant Room","November 2023","1 night ·","Reviewed: 8 November 2023","Superb","Room size was adequate. Breakfast spread was decent and so is the food quality. Overall the property is clean and well-maintained. Staff is polite. Multiple eating and shopping options are within walking distance.",""
"Saptarshi","India","Family","Elegant Room","October 2023","1 night ·","Reviewed: 30 October 2023","Good","Good location, decent food. Basic facilities are all available for the price.",""
"Shyam","India","Elite Room","3 nights ·","October 2023","Solo traveller","Reviewed: 21 October 2023","Good","Cleanliness, choice of breakfast","Rooms were too small for two of my colleagues, not enough place to even turn around."
"Roopali","India","Elite Room","2 nights ·","October 2023","Solo traveller","Reviewed: 16 October 2023","Superb","Central Location","Loud music from lord of drinks nearby"
"Anand","United States","Solo traveller","Elegant Room","September 2023","3 nights ·","Reviewed: 2 October 2023","Very good","Breakfast is decent and check in and front desk Staff are great.","Room Cleaning could be improved and New Bed sheets need to be changed."
"Gowtham","India","Family","Elegant Room","July 2023","1 night ·","Reviewed: 31 July 2023","Very good","breakfast could have been better",""
"Bhuvanesuwaran","United States","Family","Family Room","July 2023","2 nights ·","Reviewed: 22 July 2023","Good","Breakfast was good. Had good varieties.","Cleanliness of the restroom could have been better."
"S","India","Family","Belstead Suite Room","April 2023","2 nights ·","Reviewed: 20 April 2023","I would rate 7 out of 10","Liked the ambience, room and staffs, they wer cordial and friendly","The extra bed given in the suite was terribly uncomfortable and the blanket given with it was poor. I had to request two to three times to change the blanket and then they provided. But the extra bed was very very poor. The breakfast food must include more variety of dishes. Some dishes are not good to taste. Also no chinese dishes are not available which is uncanny at this stage."
"","","","","","","","","",""
"","","","","","","","","",""
"Jitaditya","United Kingdom","Elite Room","2 nights ·","April 2023","Solo traveller","Reviewed: 18 April 2023","Very good","Very good value for money","I had a room on the 2nd floor and it was quite loud at night from the bar below."
"Gavali","India","Family","Belstead Suite Room","February 2023","2 nights ·","Reviewed: 14 February 2023","Best and Safe place to stay with family","Staff was very helpful and supportive, they guided us very well, food was very good, restaurant is clean and food was very tasty.
I will recommend this place and will visit again.",""
"Sivakumar","India","Family","Belstead Suite Room","November 2022","2 nights ·","Reviewed: 7 February 2023","Very good","parking",""
"Jaime","United Kingdom","Family","Elegant Room","January 2023","1 night ·","Reviewed: 19 January 2023","Good","Breakfast was excellent. Location was ideal and centrally located.","Room toilets were not clean at all. We had to change the room after an hour of check in."
"Rajesh","Germany","Premium Twin Bed Room","5 nights ·","January 2023","Family","Reviewed: 7 January 2023","Nice and neat location with slight disturbance","The location is very nice, the staffs were very friendly.","The disco bar near this hotel was pretty loud, especially at nights."
"Habibul","United Kingdom","Family","Elegant Room","December 2022","3 nights ·","Reviewed: 29 December 2022","Good","Location was good","Two things I lost when I shifted my room as the man brought my bags lost the cloths on the way to room. Later I asked about the lost things he denied. Surprisingly when I was departing from Chennai at airport I got a phone call from hotel authority who informed me that your lost things recovered in the laundry. So, it happened due to the carelessness of that nonsense guy who brought my bag to the new room.
This new room floor remained wet consistently. No remedy taken from the hotel management."
"Muralikrishnan","India","Solo traveller","Elegant Room","September 2022","3 nights ·","Reviewed: 9 November 2022","Good Comfortable","Good Comfortable","none"
"Krishnan","India","Elite Room","1 night ·","October 2022","Solo traveller","Reviewed: 29 October 2022","Superb","Location , Ambience",""
"Anand","India","Elite Room","4 nights ·","September 2022","Solo traveller","Reviewed: 29 September 2022","Highly recommend this hotel to anyone looking for good service & great value for money.","Clean & tidy room, friendly staff, good breakfast. The location is great too.",""
"Saranya","India","Family","Belstead Suite Room","September 2022","4 nights ·","Reviewed: 8 September 2022","Good","Location, family friendly, staff help on request","Key card to the room wasn't working for all the days and no effort was taken to fix it permanently. Had to wait for help everytime. Room wasn't swept clean even after specifically requesting."
"","","","","","","","","",""
"","","","","","","","","",""
"Akbar","India","Premium Twin Bed Room","2 nights ·","August 2022","Solo traveller","Reviewed: 22 August 2022","awesome stay","it’s in the centre of the city and we’ll maintained",""
"P","India","Elite Room","1 night ·","August 2022","Group","Reviewed: 12 August 2022","nice budget hotel. breakfast was also quite ok.","the hotel is in heart of chennai. 
check in was fast.","nothing"
"Veejay","India","Elite Room","1 night ·","August 2022","Solo traveller","Reviewed: 9 August 2022","Very good","It's a nice hotel in good location. Rooms are clean and staff are very courteous. Overall very good stay",""
"Manu","India","Premium Twin Bed Room","1 night ·","August 2022","Family","Reviewed: 8 August 2022","Good hotel, in a critical location.","Location
Quality of the overall hotel setup
Basic amenities etc were good.","Bathroom cleanliness, stains & smell. 
Rates as per the platform did not match when requested for a room change."
"Sheeraz","India","Family","Family Room","July 2022","2 nights ·","Reviewed: 20 July 2022","Overall good experience","Breakfast was superb. Location is heart of the city.","Not worth for the amount they charged"
"Munavar","India","Elite Room","2 nights ·","July 2022","Family","Reviewed: 5 July 2022","Superb","The comfort,overall nice place","Should have proper smoking facilities"
"Sidhartha","India","Elite Room","2 nights ·","May 2022","Family","Reviewed: 27 May 2022","Good","Staff was excellent. Good location. Easily reachable. Meals selection limited but tasteful. North Indian dishes served.","The soap dispenser came out of and on from the mount. However, other facilities were satisfactory."
"Dr","Bangladesh","Elite Room","4 nights ·","May 2022","Solo traveller","Reviewed: 15 May 2022","Very good","WiFi connection is very poor",""
"Pavan","India","Family","Belstead Suite Room","May 2022","1 night ·","Reviewed: 9 May 2022","Superb","We had good break fast and location is also good",""
"Sangeetha","India","Elite Room","2 nights ·","April 2022","Solo traveller","Reviewed: 7 April 2022","Good for the price","Location and price. Staff was friendly.","The room was cleaned a little while ago. It was a bit dusty. Kettle was rusty and smelly."
"","","","","","","","","",""
"","","","","","","","","",""
"Ram","India","Premium Twin Bed Room","1 night ·","March 2022","Family","Reviewed: 21 March 2022","Good","Hotel located in the prime area of Chennai and breakfast spread was good. Staff was prompt and the service was good.",""
"Nagaraja","United States","Family","Elegant Room","February 2022","1 night ·","Reviewed: 10 March 2022","Very good","Hygine",""
"Satya","United States","Elite Room","3 nights ·","February 2022","Solo traveller","Reviewed: 2 March 2022","Good","Great breakfast",""
"Pharmaceuticals","India","Family","Belstead Suite Room","January 2022","1 night ·","Reviewed: 22 January 2022","Value for money","The breakfast is really good😄","The cocktail table with chairs located inside the suite room."
"Md","Bangladesh","Family","Elegant Room","December 2021","4 nights ·","Reviewed: 23 December 2021","Good","it was nice for me everything",""
"Prabhakar","India","Premium Twin Bed Room","1 night ·","December 2021","Couple","Reviewed: 20 December 2021","Only suitable to people on 1 night stay.","Not for people who come with private cars as there is no parking available in the hotel.","There is no parking facility,have to only park in the road  and very disturbing and nuisance environment as  restobar with loud music till late night."
"Alan","India","Solo traveller","Elegant Room","December 2021","1 night ·","Reviewed: 11 December 2021","Very good","Well maintained hotel",""
"Hemanth","India","Elite Room","4 nights ·","December 2021","Solo traveller","Reviewed: 10 December 2021","Very good","It was good, clean and comfortable.","getting charged for even 1hr of late check-out."
"Suraje","India","Elite Room","3 nights ·","December 2021","Group","Reviewed: 9 December 2021","Excellent stay, Great staff and central location","The staff and service were amazing, Mr. Clement George was outstanding with his hospitality and was very helpful, The hotel was clean and the service was prompt, because of the service I have already booked my stay for my next trip.",""
"Jeyakuamar","India","Family","Elegant Room","November 2021","1 night ·","Reviewed: 28 November 2021","Superb","It was good...","All ok"
"","","","","","","","","",""
"","","","","","","","","",""
"Crvc","India","Family","Belstead Suite Room","September 2021","2 nights ·","Reviewed: 14 September 2021","Nice to saty. Plan to visit soon after Covid restrictions on inter-state travels.","Good buffet breakfast. Clean, non-smoking room. Friendly staff. Good location. Good security.","During Covd time, they could be able to manage better. I appreciate that. I was informed that more staff will be back very soon."
"Mukthar","United Arab Emirates","Premium Twin Bed Room","4 nights ·","September 2021","Group","Reviewed: 9 September 2021","Checked in on 4 September 2021 , very beginning with smiling and positive vibes receptionist , he made early check in fo","Staffs are excellent , receptionist are quick and responsive with peaceful smile. It would be appreciated if they add a gym facilities. It will helpful for me like martial arts coach. 

Price should be little lesser , for the same price we get 4 and 5star hotel with roof top swimming pool and gym facilities","Nothing like that"
"Chidambararaja","India","Premium Twin Bed Room","2 nights ·","August 2021","Family","Reviewed: 27 August 2021","The belstead  bed down","Helpful staff . Was provided with hair dryer and ironing tabe immediately on request  the room was spacious enough the toilet was functional and clean  .","The bed linen was torn could have been checked and replaced the house keeping team can do better. 
The coffee making tray should have been cleaned well. I the toilet it is better to have small disposable shampoo and bath was fluids. The toilet could have done with better ventilation"
"Sai","India","Elite Room","2 nights ·","June 2021","Solo traveller","Reviewed: 4 July 2021","Superb","Nothing just good price","Ok but price on the high"
"R","India","Solo traveller","Belstead Suite Room","March 2024","2 nights ·","Reviewed: 29 March 2024","Excellent location, staff and Value for Money.","Location, the complimentary breakfast and staff was found to be very good. The hotel is flexible and very accomodative with regard to checkout times upon request. Overall Value for Money.","The noise from the bar at the hotel disturbs till late midnight and I got to know that weekends are really bad with regard to this. The hotel should take this up seriously to address concerns from customers."
"Joseph","India","Family","Family Room","October 2022","2 nights ·","Reviewed: 1 November 2022","Good","Professional experience, worth the money spent","Room service needs improvement, had to remind 3 time, may be one off case. Noise from the adjacent pub was seeping into the room until midnight."
"Ravishankar","India","Elite Room","3 nights ·","September 2022","Solo traveller","Reviewed: 18 September 2022","Overall good as our family has stayed in the past.","Location and breakfast","AC was down through one night and next day. Had to call the staff twice and finally it was resolved"
"Miraz","Bangladesh","Elite Room","5 nights ·","August 2022","Family","Reviewed: 28 August 2022","Average satisfaction.","Breakfast was good, Room was good but cleanliness was not upto the mark. So I suggest that the management of the hotel should take extra care about the housekeeping, room service & cleanliness.","Should take additional care about Housekeeping, room service & cleanliness."
"Aishwarya","India","Elite Room","2 nights ·","May 2022","Family","Reviewed: 1 July 2022","Decent","The location is fab!","cleanliness(had to change rooms) and sound - the cleaning staff kept moving a very noisy trolley - the floors weren’t carpeted so it disturbed my sleep a lot!"
"Vikram","India","Elite Room","1 night ·","June 2022","Family","Reviewed: 16 June 2022","Comfortable, but next door noise can bother you at night..  so not so sound proof.","Cozy and comfortable. Good and elaborate south indian breakfast too. 

Helpful staff","Was allotted a room next to a room where housekeeping staff stays. So door open, closing noise throughout the night for their s we rvice. 

In short, we paid 4000 Rs for a comfortable stay but also ended up having a disturbed sleep"
"","","","","","","","","",""
"","","","","","","","","",""
"Deshmukh","India","Elite Room","1 night ·","February 2022","Solo traveller","Reviewed: 7 February 2022","Good","Lot of noise coming from the bar right besides the hotel. It was so loud that my room floor was vibrating. I had to ask multiple times to hotel manager to help reduce the noise but it didn't help. Finally, I changed my room but it was still noisy.",""
"Ratnadeep","India","Couple","Elegant Room","December 2021","2 nights ·","Reviewed: 25 January 2022","Good","We could not sleep because of the noise from the bar nearby
The room was changed the next day only.",""
"Islam","India","Family","Elegant Room","January 2022","1 night ·","Reviewed: 26 January 2022","Good","fresh food",""
"Thomas","India","Family","Belstead Suite Room","January 2024","2 nights ·","Reviewed: 22 January 2024","Exceptional","1.  fan is compulsory to remove mosquitoes.",""
"Maureen","Australia","Couple","Elegant Room","December 2023","2 nights ·","Reviewed: 3 December 2023","Great value for money","Great hotel. Large room with comfortable bed and chair and writing desk","The water in the shower took a very long time to drain away"
"V","United States","Group","Belstead Suite Room","October 2023","4 nights ·","Reviewed: 10 November 2023","Exceptional","Excellent service",""
"Thomas","India","Family","Family Room","February 2023","2 nights ·","Reviewed: 27 February 2023","Great stay great services 👍","Room was so spacious and the large room could have been accommodated for 4people, but we were only 3. Their services are so awesome. W e received in few seconds whatever we asked for, that's really great.","Nothing"
"Suraj","India","Family","Belstead Suite Room","February 2023","2 nights ·","Reviewed: 2 February 2023","Exceptional","Rooms were spacious and clean. Staff was very helpful and service exceptional. Aloe the restaurant had good variety of food, food was delicious and right portions.",""
"Abu","Bangladesh","Couple","Elegant Room","December 2022","2 nights ·","Reviewed: 14 December 2022","six star from us","everything","nothing"
"Abu","Bangladesh","Couple","Elegant Room","December 2022","1 night ·","Reviewed: 14 December 2022","best stay","everything","nothing"
"","","","","","","","","",""
"","","","","","","","","",""
"Ahnusiyah","Malaysia","Elite Room","2 nights ·","November 2022","Family","Reviewed: 22 November 2022","Exceptional","clean spacious for family room. Breakfast was nice",""
"Joydeb","India","Family","Belstead Suite Room","September 2022","7 nights ·","Reviewed: 1 October 2022","A great stay in Chennai","The staff are very friendly. The restaurant is a must. We stayed for a week but didn't have to try restaurants outside.","The front desk should be friendly."
"Bhuvaneswari","India","Premium Twin Bed Room","1 night ·","September 2022","Family","Reviewed: 10 September 2022","Exceptional","very helpful staff.. property always smell fresh and love the ambience",""
"Anushya","India","Elite Room","1 night ·","September 2022","Family","Reviewed: 9 September 2022","The stay was nice. Expected a bit more customer centric service for the price paid.","In room dining was not up to the mark.",""
"Keerthi","India","Elite Room","2 nights ·","June 2022","Family","Reviewed: 30 August 2022","Exceptional","Clean rooms","Nothing"
"Gautam","India","Group","Elegant Room","August 2022","1 night ·","Reviewed: 15 August 2022","Exceptional","The rooms were clean, very comfortable and the staff were very polite. Front desk is extremely efficient, pleasant and helpful. The hotel is located is in the heart of the city and easily accessible to many prime places. I would recommend this place to my friends and family for any further visit.",""
"Jason","Australia","Elite Room","1 night ·","July 2022","Group","Reviewed: 4 August 2022","Exceptional","Stayed here for the first time and really pleased. This will be my choice whenever I visit Chennai next.",""
"Prasanna","India","Elite Room","1 night ·","July 2022","Family","Reviewed: 2 August 2022","Good Stay in Nungambakkam","The location is good. Nice boutique hotel. Breakfast spread was good. There are lots of good eateries nearby.","The cot was only Queen size so travelers need to keep this in mind"
"Pv","India","Premium Twin Bed Room","4 nights ·","June 2022","Family","Reviewed: 1 August 2022","A must stay","Pleasant helpful staff..spacious and clean rooms..and the location",""
"Jason","Australia","Elite Room","1 night ·","July 2022","Group","Reviewed: 20 July 2022","Fantastic location, clean hotel and good staff","Clean room. However, a couple of the rooms were quite small.","Out of 4 rooms that we booked for the same price, a couple of rooms were smaller."
"","","","","","","","","",""
"","","","","","","","","",""
"Sanjay","India","Couple","Elegant Room","July 2022","2 nights ·","Reviewed: 5 July 2022","very good stay","Location","Heavy traffic outside hotel road"
"Pv","India","Family","Elegant Room","June 2022","9 nights ·","Reviewed: 11 June 2022","Exceptional","Breakfast buffet and staff courteouseness and cleanliness",""
"Rajesh","India","Group","Family Room","June 2022","1 night ·","Reviewed: 10 June 2022","Great stay","The food quality was good . And the room was at its best","No comments"
"Rohan","India","Solo traveller","Belstead Suite Room","June 2022","4 nights ·","Reviewed: 8 June 2022","Ideal, convenient and homely.","Great reception and staff, restaurant room service was very quick and the food was always fresh, with the best quality and immaculate flavour.","The idea of using glass reusable bottles was great but the Water refills were a bit of
hassle, if the locations of the water dispensers on each floor are made known to the guests that would make things very convenient."
"Aslam","India","Family","Belstead Suite Room","May 2022","2 nights ·","Reviewed: 30 May 2022","Exceptional","Good Location. Great complimentary breakfast. Located at centre of city. Ease of access to different places thru different modes of transport. Food can be booked there ( Food had homemade taste). All best restaurants of Chennai are located in walkable distance ( u can book thru Swiggy/Zomato). Great assistance from staffs. Room was very clean and access is immediately provided. Looking back to stay again. Enjoyed a memorable trip with my family","Nothing"
"Gautham","India","Group","Family Room","May 2022","1 night ·","Reviewed: 24 May 2022","Exceptional","Everything","Nothing"
"Yashwant","India","Elite Room","2 nights ·","March 2022","Solo traveller","Reviewed: 20 March 2022","Exceptional","Mr. George and his team gave the best. I am traveler ( Dubai Tamizhan ) YouTube channel and this hotel is the best in all ways. Plus the food chicken club sandwich is the best in Chenna i ever had after Leela palace. Overall superb stay and thanks to all from the door men's till the end. U guys must check out this place","I wanted to stay more but the hotel is full 🙂 so I felt bad but i will be back again"
"Arina","Russia","Couple","Elegant Room","February 2022","1 night ·","Reviewed: 9 March 2022","Big nice clean hotel, we liked our stay","Breakfast was tasty,
Room was clean and beds were comfy. 
Good sound insulation.
The people are very kind and supportive.
They helped to book a cab, because we couldn't do this in application -without local sim card. 
And they allowed us to check out 1 hour later, I think because they had enough time to clean the room after us before new guests come. And we had a nice sleep that we needed so much. Thank you !","When we checked out, we went to walk in the city before the next flight. Our baggage was locked in the store room. And when we required our baggage back, we had to wait for quite a long time, because the guy finished work and another guy didn't know where the key was. =) Luckily we had enough time before the flight."
"Rashi","United States","Elite Room","1 night ·","January 2022","Solo traveller","Reviewed: 24 January 2022","Exceptional","Great service by staff and great breakfast",""
"Venkata","United States","Premium Twin Bed Room","3 nights ·","January 2022","Solo traveller","Reviewed: 15 January 2022","Exceptional !!","awesome",""
"","","","","","","","","",""
"","","","","","","","","",""
"Dinesh","India","Elite Room","2 nights ·","December 2021","Family","Reviewed: 13 December 2021","Stay was very good . Hotel staff were good to us","Breakfast and restaurant is good , room is very comfortable . Good mattress and shower with hot water. Room was very clean","Nothing everything was fine"
"Sundaram","India","Elite Room","4 nights ·","December 2021","Solo traveller","Reviewed: 13 December 2021","Exceptional","Excellent. Every time I visit chennai, I will stay only at THE BELSTEAD. Everything was excellent and exceptional.The room, amenities, the staff,Food in the restaurant.💯💯💯💯","-----"
"Sonam","India","Family","Family Room","November 2021","3 nights ·","Reviewed: 18 November 2021","Execellently located. Good, value for money hotel.","Good breakfast spread. Superb location. 
The staff is also prompt.","Slight glitch at our dinner, however that was sorted with full apologies."
"Yokesh","India","Elite Room","2 nights ·","October 2021","Family","Reviewed: 18 October 2021","Amazing","The hotel is situated in a great location and the rooms are clean family friendly, and the staffs were very friendly and helpful. This is a great hotel with a great value for money.",""
"Aayush","India","Premium Twin Bed Room","2 nights ·","June 2021","Family","Reviewed: 1 July 2021","Exceptional","The price could be lowered a bit.",""
"Aatif","India","Elite Room","1 night ·","August 2022","Couple","Reviewed: 11 September 2022","Pleasant","Prime location. Very accessible and decent value for money.","Very basic and no early check in or late check out"
"Seyed","Saudi Arabia","Elite Room","2 nights ·","July 2022","Group","Reviewed: 23 July 2022","no worthy","location only","no 24 hours check in accepted but while during the booking it says available, room is not comfortable for two persons, not worthy"
"Pankaj","Australia","Family","Elegant Room","May 2022","2 nights ·","Reviewed: 24 May 2022","Good location ,nice food ,courteous staff. Expensive compared to what you get.","Breakfast was very good.Rooms were clean .The manager George was very good.","Infrastructure needs to be looked after well.The place needs a cosmetic makeover in the rooms.Noise was bit of an issue.
Also standard of room service needs to improve."
"Thyagarajan","United States","Elite Room","1 night ·","May 2022","Group","Reviewed: 24 May 2022","Poor","The location was great and the rooms were quite clean.","Definitely not worth the money. My fridge and landline wasn't working. Not all of the TV's remote buttons work (volume goes up but not down). They didn't have ice and the staff couldn't care less about any of these issues. I expect this at cheaper hotels, not here. Please avoid and book anything else."
"Ganesh","India","Elite Room","1 night ·","May 2022","Couple","Reviewed: 15 May 2022","Bad","Lady staff was arrogant in giving replies",""
"","","","","","","","","",""
"","","","","","","","","",""
"Reddy","India","Group","Belstead Suite Room","May 2022","1 night ·","Reviewed: 8 May 2022","passable","the prices were increased while checking out and the guy at the reception was rude",""
"Anikazaman","Bangladesh","Family","Belstead Suite Room","December 2021","5 nights ·","Reviewed: 20 December 2021","Poor","The location
The view
The food
Most of the staff is well behaved and very cooperative.","The stuff seemed untrained.

We ordered room service and they delivered the different items at around 10 mins intervals so by the time the final dish arrived the first dish was already cold. 

While checking out this morning the guy at at the reception desk (7.30 am, 20.12.21) gave us different amounts as our total bill but as we already knew what our total was, we kept saying him to check again and on the third try he gave us the right total. Then he claimed that we didnt give him right amount of money, we again kept saying we did and he should check again; but he refused saying we didnt. Then we told him to check the CCTV footage and then he finally we were right. Also, he guy coaxed us to leave ny 8.30 am while our flight was around 1.40 pm. He also refused to share a printed copy of the bill with us, we had to repeatedly ask him to share that and then he finally did. CCTV footage can be checked for this whole incident."
"Mukthar","United Arab Emirates","Group","Elegant Room","October 2021","2 nights ·","Reviewed: 3 November 2021","excellent","perfect property for stay .",""
"Ron","United States","Family","Elegant Room","March 2024","4 nights ·","Reviewed: 7 March 2024","Poor","Nothing","Everything"
"Vanikumari","United States","Family","Elegant Room","November 2023","2 nights ·","Reviewed: 5 December 2023","Pleasant","Location","Cleaning - not cleaned even we told them"
"Rajeshkumar","India","Family","Elegant Room","February 2023","1 night ·","Reviewed: 25 February 2023","Charged full night for 2 hours of day time","Valet parking","Too loud noise from road
Wifi was slow"
"Ziaur25","Ireland","Family","Belstead Suite Room","October 2022","1 night ·","Reviewed: 14 October 2022","Passable","Charged 2000rs extra than the quoted amount in booking.com",""
"Santosh","India","Elite Room","2 nights ·","September 2022","Solo traveller","Reviewed: 4 September 2022","Would like to request the management team to ask someone to check the things are happening or not.","The breakfast somewhat okay which i like about. 
The location alos good which is completed impressed.","Rooms are also very small & there is no ventilation, It's smalling too. Floor was not cleaned properly even the hotel stuffs are checking whether it has cleaned, Hot water alos not available even some basic kits are not available which as an It should be."
"Raghu","Australia","Elite Room","3 nights ·","August 2022","Couple","Reviewed: 29 August 2022","Pleasant","breakfast","housekeeping staff- to get tv remote, it took 3 days, end of our stay."
"Sivakumar","India","Family","Belstead Suite Room","July 2022","2 nights ·","Reviewed: 15 July 2022","Bad","Room is clean and larger","The staff:- they are so irresponsible especially the cleaners one of them had tried to rob the money, but fortunately I enetered the room and the money was saved, he did not expect me at that time so he dropped the money bag behind the table and gave some irresponsive answers when the matter taken to the front desk some 3 persons came there and assure me of an indentification parade of their staff but nothing of that sort occured till the next day. If you want to loose the money stay there."
"","","","","","","","","",""
"","","","","","","","","",""
"Manoj","India","Elite Room","1 night ·","March 2022","Family","Reviewed: 16 March 2022","Manageable stay, poor food options, courteous staff","Location was on the main road and easily accessible by transport (car/can).","Quality of room (load of mosquitoes and old smell in the room). Even after using a mosquito repellent liquid all night, we were still molested by mosquitoes throughout the stay. I wanted to stay for an extra day, but preferred moving out and taking a stay at the Hilton"
"Mandrew","India","Group","Elegant Room","December 2021","1 night ·","Reviewed: 2 January 2022","Waste of money.  People can go here if u have a lot of money and want to waste it.","Only room stay was gud. No breakfast,  extra charge close to 400 rs even though we got offer for 2700 in the booking app.","Breakfast was mentioned as complimentary. When we went to have bf they mentioned it was closed at around 11am. Spend close to 3k for less than 24 hours . Didn't even allow us to stay together complete 24 hours even though we paid completely and also missed breakfast . Some lady in the reception mentioned breakfast would be provided to our room itself around 8 am . Later no responce from that lady. 
Not sure who she was. Total waste of money.  Disappointed"
"Maztrix4136","Canada","Family","Family Room","December 2021","2 nights ·","Reviewed: 20 December 2021","Pleasant","The price charged was that of a 4-star hotel but basically its a 3-star hotel. Food wasn't good, except for the breakfast.",""
"Manish","India","Elite Room","3 nights ·","December 2021","Family","Reviewed: 15 December 2021","Just Ok.","Location was good. Breakfast was good with variety of choice. Staff are polite.","There is a PUB adjacent to hotel. Till midnight it was too noisy as loud music was played at the PUB. This is disturbing in sound sleep. On complain the staff told that they will change the room, but haven't and gives excuses. They have not provided the food bill. When asked they told not finding now and will sent over mail. But didn't sent even I phoned them twice. Moreover, while check out their POS machine was also not working, this have to make cash payment of balance."
"Johnkirkwood986","India","Couple","Elegant Room","November 2021","1 night ·","Reviewed: 1 December 2021","The less said the better.","Nothing","Nothing"
"Anupam","Bangladesh","Premium Twin Bed Room","7 nights ·","October 2021","Family","Reviewed: 27 October 2021","Costly stay compared to their overall service.","The breakfast were poor. They couldn't have adequate quantity of their regular item.","The keep open their walkie talkie with loud voice even they requested guests and posted to remain low voice specially at night."
"Ashwin","India","Solo traveller","Elegant Room","October 2021","3 nights ·","Reviewed: 7 October 2021","Passable","Food was good.. breakfast readiness was generally delayed than expected","Property is relatively old and all amenities are accordingly not up to date! 
Service is pretty slow and does not seem professionally managed"
"Hiren","India","Family","Elegant Room","March 2023","1 night ·","Reviewed: 30 March 2023","Wont recommend to some family, all in all an average stay","Peaceful inside.","Lack of variety in case of breakfast provided. Idli was repeated everyday. 
No one available to guide. Juices were watery and not natural. Reception staff was new and had no clue about wherabouts."
"Muhammad","Bangladesh","Family","Elegant Room","November 2022","5 nights ·","Reviewed: 18 November 2022","rather few facilitate issues, location wise it’s a good stay. I got tremendous support from Mr. Teja Charan","location, u can get ur requirements in near by.","facilities r not working. few things need fixed"
"Miraz","Bangladesh","Elite Room","5 nights ·","August 2022","Family","Reviewed: 19 September 2022","Must look to their room maintainance, cleanliness","Location & breakfast.","Cleanliness"
"","","","","","","","","",""
"","","","","","","","","",""
"Mayooran","Germany","Group","Belstead Suite Room","August 2022","1 night ·","Reviewed: 5 August 2022","Not the best experience I had. I will not stay there anymore.","The hotel was pushing all their faults to the customer. I have modified my upcoming stay in booking.com. Booking.com offered me an upgrade to a suite. I took that offer, when ai reached the hotel, they were not aware of it and were blaming me, that I did some mistake. They even didn‘t agree on their mistake which was very disappointing. For this act I would habe given no starts for this hotel, but the helping staff at the hotel were good, so that I gave some stars. 

The washrooms are not clean enough.",""
"Arvind","India","Family","Belstead Suite Room","July 2022","4 nights ·","Reviewed: 19 July 2022","Bad experience","The service was poor and louse
Staff was not suportabl
There is not icebuket facility
Early closed resturent it was boring experience
Idont like stey any time in this hotel","Nothing"
"Pranath","United States","Elite Room","3 nights ·","May 2022","Family","Reviewed: 20 June 2022","Do not recommend","Location","The rooms were bad. Room was above a pub and we could hear the loud music and dj all the way till 2am.
Water overflows from the bathroom into the kitchen when taking a shower
Felt very unsafe when checking in at night"
"Poonkhothai","Seychelles","Couple","Elegant Room","May 2022","2 nights ·","Reviewed: 18 May 2022","Bad","Nothing !","I had booked this room for my parents to stay for 2 nights. They checked in the hotel at 10 pm and found that the phone was not working. The charger points were not working as after a long flight they could not charge their phones hence could not  communicate with us. The TV remote was not working. Such a waste of money. Then they checked out the next day itself. Doesn't the hotel staff check the technicalities before the guests check-in the room ? The bathroom had no hand shower. Please do not book this hotel at any cost !"
"Roopa","India","Elite Room","3 nights ·","May 2022","Group","Reviewed: 3 May 2022","Disappointing","Breakfast was good","It was more noisy during night"
"Abdul","Oman","Premium Twin Bed Room","1 night ·","March 2022","Family","Reviewed: 2 April 2022","I do not recommend anyone to go more than once to this hotel","Some members of the staff were helpful. 

The rooms were good in terms of space and size.","The room was open all the time and service people were coming in and out the room at anytime without any prior notice, they were informed not to come in at any time but no use. 

The people staying nearby our room were making so much noise. 

The sounds of the cars driving on the road nearby the hotel were making so much noise, we could not sleep quietly. 


Also, many times we walked to the hotel personally to book a room, we were told that there is no vacancy, while the booking website showed vacant rooms every time we checked. 

The day we wanted to check out, the guys working in the reception acted weirdly. They were so nice during out stay."
"Anonymous","India","Elite Room","2 nights ·","January 2023","Solo traveller","Reviewed: 18 January 2023","Exceptional","Cleanliness, location, food",""
"Anonymous","Vietnam","Premium Twin Bed Room","2 nights ·","July 2021","Family","Reviewed: 26 July 2021","Less value than what we paid. Wrong photos of property online than actual.","Location is good. Staff is supportive.","The property photos are different than actual. Wash room was not clean. No handwash inside.  No napkins."
"Aleksandr","Russia","Solo traveller","Elegant Room","February 2022","1 night ·","Reviewed: 8 February 2022","Good","Персонал отзывчивый. George Clement был добр к нам и помог вызвать такси до аэропорта за хорошую цену. Более-менее быстро решили проблему с бельем.","Белье постельное - грязное, заменили все и пододеяльник все равно грязный достался. Решили, что лучшего белья мы не добьемся - легли спать"
"Kawther","Saudi Arabia","Premium Twin Bed Room","11 nights ·","July 2023","Family","Reviewed: 31 July 2023","كانت هذه هي الاقامة الثانية لي في نفس الفندق وما شاء الله جميع طاقم الفندق متعاونين والفندق نظيف","الفندق نظيف وطاقم العمل متعاون",""
"","","","","","","","","",""
"","","","","","","","","",""
"Ravi","United States","Couple","Elegant Room","November 2023","7 nights ·","Reviewed: 25 November 2023","Good","There are no comments available for this review",""
"Shakthi","India","Couple","Elegant Room","November 2023","1 night ·","Reviewed: 9 November 2023","Very good","There are no comments available for this review",""
"Vyoma","India","Family","Elegant Room","November 2023","1 night ·","Reviewed: 7 November 2023","Very good","There are no comments available for this review",""
"Shakthi","India","Couple","Elegant Room","October 2023","1 night ·","Reviewed: 12 October 2023","Very good","There are no comments available for this review",""
"Pc","India","Family","Elegant Room","September 2023","3 nights ·","Reviewed: 9 October 2023","Superb","There are no comments available for this review",""
"Raj","India","Family","Elegant Room","August 2023","4 nights ·","Reviewed: 14 August 2023","Very good","There are no comments available for this review",""
"Aditya","Australia","Family","Elegant Room","May 2023","2 nights ·","Reviewed: 23 June 2023","Superb","There are no comments available for this review",""
"Debasish","India","Solo traveller","Elegant Room","April 2023","4 nights ·","Reviewed: 22 April 2023","Superb","There are no comments available for this review",""
"Khawaja","Bangladesh","Premium Twin Bed Room","3 nights ·","April 2023","Group","Reviewed: 16 April 2023","Superb","There are no comments available for this review",""
"Lahari","Singapore","Couple","Elegant Room","December 2022","3 nights ·","Reviewed: 15 February 2023","Very good","There are no comments available for this review",""
"","","","","","","","","",""
"","","","","","","","","",""
"San","India","Elite Room","3 nights ·","January 2023","Solo traveller","Reviewed: 9 February 2023","Very good","There are no comments available for this review",""
"Ratan","Bangladesh","Couple","Elegant Room","February 2023","4 nights ·","Reviewed: 3 February 2023","Very good","There are no comments available for this review",""
"Sudipto","Ireland","Premium Twin Bed Room","4 nights ·","November 2022","Couple","Reviewed: 27 January 2023","Very good","There are no comments available for this review",""
"Kaustub","India","Family","Belstead Suite Room","December 2022","4 nights ·","Reviewed: 14 January 2023","Superb","There are no comments available for this review",""
"Shakthi","India","Couple","Elegant Room","December 2022","1 night ·","Reviewed: 22 December 2022","Very good","There are no comments available for this review",""
"Sarath","United States","Family","Belstead Suite Room","December 2022","2 nights ·","Reviewed: 12 December 2022","Very good","There are no comments available for this review",""
"Santosh","India","Elite Room","2 nights ·","November 2022","Solo traveller","Reviewed: 8 December 2022","Good","There are no comments available for this review",""
"Ravishankar","India","Elite Room","4 nights ·","November 2022","Solo traveller","Reviewed: 20 November 2022","Superb","There are no comments available for this review",""
"Akbar","India","Elite Room","1 night ·","November 2022","Solo traveller","Reviewed: 12 November 2022","Superb","There are no comments available for this review",""
"Manikandan","United Arab Emirates","Family","Elegant Room","August 2022","4 nights ·","Reviewed: 5 November 2022","Very good","There are no comments available for this review",""
"","","","","","","","","",""
"","","","","","","","","",""
"Noel","Kenya","Premium Twin Bed Room","1 night ·","October 2022","Solo traveller","Reviewed: 28 October 2022","Good","There are no comments available for this review",""
"Rakesh","India","Elite Room","1 night ·","September 2022","Couple","Reviewed: 3 October 2022","Very good","There are no comments available for this review",""
"Prakash","India","Elite Room","1 night ·","October 2022","Solo traveller","Reviewed: 2 October 2022","Very good","There are no comments available for this review",""
"Pv","India","Premium Twin Bed Room","3 nights ·","August 2022","Family","Reviewed: 21 September 2022","Superb","There are no comments available for this review",""
"San","India","Elite Room","3 nights ·","September 2022","Family","Reviewed: 9 September 2022","Superb","There are no comments available for this review",""
"Tarekjubair","Bangladesh","Elite Room","2 nights ·","August 2022","Group","Reviewed: 6 September 2022","Superb","There are no comments available for this review",""
"Mishra","India","Elite Room","1 night ·","August 2022","Family","Reviewed: 13 August 2022","Superb","There are no comments available for this review",""
"Mohamed","India","Couple","Elegant Room","August 2022","3 nights ·","Reviewed: 12 August 2022","Superb","There are no comments available for this review",""
"Manasa","India","Elite Room","1 night ·","August 2022","Couple","Reviewed: 8 August 2022","Superb","There are no comments available for this review",""
"Navarin","India","Family","Elegant Room","August 2022","1 night ·","Reviewed: 3 August 2022","Superb","There are no comments available for this review",""
"","","","","","","","","",""
"","","","","","","","","",""
"Jakaria","Bangladesh","Premium Twin Bed Room","3 nights ·","July 2022","Group","Reviewed: 26 July 2022","Very good","There are no comments available for this review",""
"Mimi","Germany","Premium Twin Bed Room","6 nights ·","May 2022","Family","Reviewed: 19 July 2022","Superb","There are no comments available for this review",""
"San","India","Elite Room","4 nights ·","June 2022","Solo traveller","Reviewed: 1 July 2022","Very good","There are no comments available for this review",""
"Neetha","India","Elite Room","3 nights ·","June 2022","Family","Reviewed: 30 June 2022","Superb","There are no comments available for this review",""
"Annadurai","India","Family","Belstead Suite Room","June 2022","2 nights ·","Reviewed: 23 June 2022","Superb","There are no comments available for this review",""
"Vijay","India","Elite Room","2 nights ·","June 2022","Family","Reviewed: 11 June 2022","Good","There are no comments available for this review",""
"Majumder","India","Family","Belstead Suite Room","May 2022","1 night ·","Reviewed: 31 May 2022","Superb","There are no comments available for this review",""
"Pious","India","Group","Belstead Suite Room","February 2022","1 night ·","Reviewed: 24 March 2022","Very good","There are no comments available for this review",""
"Saravanan","India","Group","Belstead Suite Room","January 2022","1 night ·","Reviewed: 25 February 2022","Very good","There are no comments available for this review",""
"Aayushi","India","Elite Room","1 night ·","February 2022","Family","Reviewed: 23 February 2022","Superb","There are no comments available for this review",""
"","","","","","","","","",""
"","","","","","","","","",""
"Kuruvilla","India","Premium Twin Bed Room","1 night ·","February 2022","Family","Reviewed: 19 February 2022","Superb","There are no comments available for this review",""
"Charles","Australia","Group","Belstead Suite Room","February 2022","2 nights ·","Reviewed: 18 February 2022","Superb","There are no comments available for this review",""
"Nalini","United States","Family","Elegant Room","November 2021","1 night ·","Reviewed: 16 February 2022","Very good","There are no comments available for this review",""
"Sandeep","India","Couple","Elegant Room","February 2022","3 nights ·","Reviewed: 16 February 2022","Very good","There are no comments available for this review",""
"Raghu","India","Family","Elegant Room","February 2022","1 night ·","Reviewed: 14 February 2022","Superb","There are no comments available for this review",""
"Raghu","India","Family","Elegant Room","February 2022","2 nights ·","Reviewed: 14 February 2022","Superb","There are no comments available for this review",""
"Pathanjali","India","Elite Room","1 night ·","February 2022","Family","Reviewed: 6 February 2022","Superb","There are no comments available for this review",""
"Sandhya","India","Premium Twin Bed Room","1 night ·","January 2022","Group","Reviewed: 31 January 2022","Very good","There are no comments available for this review",""
"Shaik","India","Solo traveller","Elegant Room","December 2021","1 night ·","Reviewed: 2 January 2022","Good","There are no comments available for this review",""
"Sailesh_kumar","United Kingdom","Elite Room","3 nights ·","December 2021","Solo traveller","Reviewed: 24 December 2021","Superb","There are no comments available for this review",""
"","","","","","","","","",""
"","","","","","","","","",""
"Ronit","India","Family","Elegant Room","December 2021","3 nights ·","Reviewed: 2 December 2021","Very good","There are no comments available for this review",""
"Kalaivani","India","Elite Room","2 nights ·","October 2021","Family","Reviewed: 2 November 2021","Superb","There are no comments available for this review",""
"Raul","India","Couple","Elegant Room","October 2021","1 night ·","Reviewed: 25 October 2021","Very good","There are no comments available for this review",""
"Ritu","India","Elite Room","1 night ·","September 2021","Family","Reviewed: 12 September 2021","Very good","There are no comments available for this review",""
"Narain","India","Elite Room","1 night ·","August 2021","Solo traveller","Reviewed: 7 September 2021","Very good","There are no comments available for this review",""
"Ashwath","India","Group","Elegant Room","August 2021","1 night ·","Reviewed: 16 August 2021","Good","There are no comments available for this review",""
"Vishnumohan","India","Solo traveller","Elegant Room","February 2024","1 night ·","Reviewed: 2 March 2024","Superb","There are no comments available for this review",""
"Teja","India","Couple","Elegant Room","February 2024","1 night ·","Reviewed: 29 February 2024","Very good","There are no comments available for this review",""
"Avinash","India","Family","Elegant Room","December 2023","7 nights ·","Reviewed: 29 December 2023","Good","There are no comments available for this review",""
"Huma","India","Family","Elegant Room","November 2023","1 night ·","Reviewed: 22 November 2023","Very good","There are no comments available for this review",""
"","","","","","","","","",""
"","","","","","","","","",""
"Sanil","India","Elite Room","2 nights ·","November 2023","Solo traveller","Reviewed: 16 November 2023","Very good","There are no comments available for this review",""
"Tanzia","Bangladesh","Family","Belstead Suite Room","November 2023","1 night ·","Reviewed: 15 November 2023","Superb","There are no comments available for this review",""
"Tanzia","Bangladesh","Family","Family Room","November 2023","5 nights ·","Reviewed: 15 November 2023","Superb","There are no comments available for this review",""
"Vinod","India","Couple","Elegant Room","November 2023","2 nights ·","Reviewed: 9 November 2023","Superb","There are no comments available for this review",""
"Vagabond","India","Elite Room","1 night ·","July 2023","Solo traveller","Reviewed: 19 September 2023","Good","There are no comments available for this review",""
"Kamal","India","Solo traveller","Elegant Room","September 2023","1 night ·","Reviewed: 5 September 2023","Good","There are no comments available for this review",""
"Noel","United Arab Emirates","Elite Room","2 nights ·","August 2023","Solo traveller","Reviewed: 14 August 2023","Good","There are no comments available for this review",""
"Sy","India","Couple","Elegant Room","January 2023","4 nights ·","Reviewed: 10 February 2023","Very good","There are no comments available for this review",""
"Chaitanya","India","Elite Room","1 night ·","January 2023","Solo traveller","Reviewed: 18 January 2023","Very good","There are no comments available for this review",""
"Trupti","India","Elite Room","2 nights ·","January 2023","Solo traveller","Reviewed: 18 January 2023","Good","There are no comments available for this review",""
"","","","","","","","","",""
"","","","","","","","","",""
"Banupriya","Singapore","Elite Room","14 nights ·","January 2023","Solo traveller","Reviewed: 11 January 2023","Good","There are no comments available for this review",""
"Sarjean","Bangladesh","Group","Belstead Suite Room","December 2022","2 nights ·","Reviewed: 26 December 2022","Good","There are no comments available for this review",""
"Dhananjai","India","Couple","Elegant Room","October 2022","1 night ·","Reviewed: 16 December 2022","Very good","There are no comments available for this review",""
"Nalini","United States","Family","Elegant Room","November 2022","2 nights ·","Reviewed: 4 December 2022","Superb","There are no comments available for this review",""
"Gareth","India","Elite Room","3 nights ·","October 2022","Solo traveller","Reviewed: 1 November 2022","Good","There are no comments available for this review",""
"Vivek","India","Family","Elegant Room","October 2022","2 nights ·","Reviewed: 26 October 2022","Very good","There are no comments available for this review",""
"S","India","Couple","Elegant Room","October 2022","1 night ·","Reviewed: 22 October 2022","Superb","There are no comments available for this review",""
"Raghuprakash","India","Elite Room","1 night ·","August 2022","Solo traveller","Reviewed: 21 October 2022","Superb","There are no comments available for this review",""
"Arvind","India","Elite Room","2 nights ·","October 2022","Couple","Reviewed: 19 October 2022","Good","There are no comments available for this review",""
"Parul","India","Elite Room","1 night ·","October 2022","Solo traveller","Reviewed: 15 October 2022","Very good","There are no comments available for this review",""
"","","","","","","","","",""
"","","","","","","","","",""
"Asif","Bangladesh","Elite Room","6 nights ·","October 2022","Family","Reviewed: 11 October 2022","Superb","There are no comments available for this review",""
"Dr","Bangladesh","Elite Room","4 nights ·","September 2022","Solo traveller","Reviewed: 19 September 2022","Very good","There are no comments available for this review",""
"Kp","India","Elite Room","1 night ·","August 2022","Family","Reviewed: 16 August 2022","Good","There are no comments available for this review",""
"Sathak","United States","Family","Elegant Room","August 2022","4 nights ·","Reviewed: 16 August 2022","Very good","There are no comments available for this review",""
"Kumaraswamy","India","Premium Twin Bed Room","2 nights ·","August 2022","Family","Reviewed: 9 August 2022","Good","There are no comments available for this review",""
"Sudipto","India","Elite Room","1 night ·","June 2022","Family","Reviewed: 24 July 2022","Superb","There are no comments available for this review",""
"Sayed","India","Family","Family Room","July 2022","2 nights ·","Reviewed: 20 July 2022","Very good","There are no comments available for this review",""
"Barath","India","Elite Room","1 night ·","June 2022","Group","Reviewed: 2 July 2022","Superb","There are no comments available for this review",""
"Aditi","India","Elite Room","3 nights ·","June 2022","Couple","Reviewed: 23 June 2022","Good","There are no comments available for this review",""
"Ramanathan","India","Family","Belstead Suite Room","June 2022","2 nights ·","Reviewed: 19 June 2022","Good","There are no comments available for this review",""
"","","","","","","","","",""
"","","","","","","","","",""
"Maria","India","Elite Room","2 nights ·","June 2022","Family","Reviewed: 17 June 2022","Very good","There are no comments available for this review",""
"Lokesh","India","Elite Room","1 night ·","June 2022","Group","Reviewed: 14 June 2022","Superb","There are no comments available for this review",""
"Srivatsan","United States","Elite Room","1 night ·","May 2022","Solo traveller","Reviewed: 5 June 2022","Very good","There are no comments available for this review",""
"Rajdeep","India","Elite Room","1 night ·","May 2022","Family","Reviewed: 4 June 2022","Good","There are no comments available for this review",""
"Giridhar","India","Elite Room","1 night ·","May 2022","Couple","Reviewed: 30 May 2022","Very good","There are no comments available for this review",""
"Ankush","India","Elite Room","1 night ·","May 2022","Couple","Reviewed: 26 May 2022","Very good","There are no comments available for this review",""
"Sudipto","Ireland","Elite Room","2 nights ·","March 2022","Couple","Reviewed: 19 May 2022","Very good","There are no comments available for this review",""
"Sudipto","Ireland","Couple","Elegant Room","March 2022","3 nights ·","Reviewed: 19 May 2022","Very good","There are no comments available for this review",""
"Rajeev","India","Couple","Elegant Room","May 2022","4 nights ·","Reviewed: 17 May 2022","Very good","There are no comments available for this review",""
"Roomana","India","Elite Room","1 night ·","May 2022","Family","Reviewed: 16 May 2022","Good","There are no comments available for this review",""
"","","","","","","","","",""
"","","","","","","","","",""
"S","India","Elite Room","1 night ·","May 2022","Family","Reviewed: 14 May 2022","Very good","There are no comments available for this review",""
"Sriramamoorthy","India","Family","Elegant Room","May 2022","2 nights ·","Reviewed: 11 May 2022","Very good","There are no comments available for this review",""
"Nalini","United States","Elite Room","4 nights ·","March 2022","Solo traveller","Reviewed: 22 April 2022","Superb","There are no comments available for this review",""
"Azmathulla","India","Elite Room","1 night ·","April 2022","Family","Reviewed: 18 April 2022","Very good","There are no comments available for this review",""
"Gautham","Netherlands","Solo traveller","Elegant Room","January 2022","2 nights ·","Reviewed: 18 April 2022","Very good","There are no comments available for this review",""
"Mayank","India","Couple","Elegant Room","March 2022","2 nights ·","Reviewed: 26 March 2022","Very good","There are no comments available for this review",""
"Arun","India","Couple","Elegant Room","February 2022","1 night ·","Reviewed: 23 March 2022","Good","There are no comments available for this review",""
"Vijay","India","Family","Elegant Room","March 2022","2 nights ·","Reviewed: 13 March 2022","Good","There are no comments available for this review",""
"Mishra","India","Elite Room","1 night ·","February 2022","Family","Reviewed: 24 February 2022","Good","There are no comments available for this review",""
"Stravinsky","Sri Lanka","Elite Room","4 nights ·","February 2022","Solo traveller","Reviewed: 21 February 2022","Superb","There are no comments available for this review",""
"","","","","","","","","",""
"","","","","","","","","",""
"R","India","Solo traveller","Elegant Room","December 2021","2 nights ·","Reviewed: 16 February 2022","Superb","There are no comments available for this review",""
"Shatz","India","Couple","Elegant Room","February 2022","1 night ·","Reviewed: 15 February 2022","Good","There are no comments available for this review",""
"Ramesh","India","Family","Family Room","January 2022","1 night ·","Reviewed: 30 January 2022","Very good","There are no comments available for this review",""
"Gautam","Netherlands","Family","Elegant Room","January 2022","1 night ·","Reviewed: 28 January 2022","Good","There are no comments available for this review",""
"Giridhar","India","Elite Room","1 night ·","January 2022","Couple","Reviewed: 26 January 2022","Very good","There are no comments available for this review",""
"Pharmaceuticals","India","Group","Belstead Suite Room","January 2022","1 night ·","Reviewed: 22 January 2022","Superb","There are no comments available for this review",""
"Steve","India","Couple","Belstead Suite Room","January 2022","1 night ·","Reviewed: 5 January 2022","Superb","There are no comments available for this review",""
"Mathew","India","Premium Twin Bed Room","2 nights ·","December 2021","Family","Reviewed: 29 December 2021","Good","There are no comments available for this review",""
"Varun","India","Couple","Elegant Room","December 2021","1 night ·","Reviewed: 26 December 2021","Good","There are no comments available for this review",""
"Vagabond","India","Elite Room","2 nights ·","December 2021","Family","Reviewed: 20 December 2021","Very good","There are no comments available for this review",""
"","","","","","","","","",""
"","","","","","","","","",""
"Thomas","India","Elite Room","1 night ·","December 2021","Solo traveller","Reviewed: 20 December 2021","Very good","There are no comments available for this review",""
"Singh","India","Premium Twin Bed Room","1 night ·","November 2021","Group","Reviewed: 19 December 2021","Superb","There are no comments available for this review",""
"Shaheen","India","Family","Elegant Room","December 2021","1 night ·","Reviewed: 16 December 2021","Good","There are no comments available for this review",""
"Dhruvil","India","Group","Belstead Suite Room","December 2021","1 night ·","Reviewed: 13 December 2021","Good","There are no comments available for this review",""
"Shankar","India","Premium Twin Bed Room","1 night ·","December 2021","Group","Reviewed: 13 December 2021","Superb","There are no comments available for this review",""
"Thannush","India","Family","Elegant Room","September 2021","2 nights ·","Reviewed: 5 December 2021","Very good","There are no comments available for this review",""
"Shah","Bangladesh","Family","Family Room","November 2021","7 nights ·","Reviewed: 30 November 2021","Good","There are no comments available for this review",""
"Aaziq","India","Premium Twin Bed Room","2 nights ·","November 2021","Family","Reviewed: 22 November 2021","Very good","There are no comments available for this review",""
"Arjun","Germany","Family","Elegant Room","October 2021","4 nights ·","Reviewed: 12 November 2021","Very good","There are no comments available for this review",""
"Kavya","India","Couple","Elegant Room","September 2021","1 night ·","Reviewed: 27 October 2021","Good","There are no comments available for this review",""
"","","","","","","","","",""
"","","","","","","","","",""
"Madonna","India","Family","Elegant Room","October 2021","2 nights ·","Reviewed: 25 October 2021","Superb","There are no comments available for this review",""
"Amit","India","Group","Elegant Room","October 2021","2 nights ·","Reviewed: 24 October 2021","Good","There are no comments available for this review",""
"Deepak","India","Elite Room","1 night ·","October 2021","Solo traveller","Reviewed: 10 October 2021","Very good","There are no comments available for this review",""
"Shruti","India","Elite Room","2 nights ·","September 2021","Solo traveller","Reviewed: 28 September 2021","Superb","There are no comments available for this review",""
"P","India","Elite Room","1 night ·","September 2021","Solo traveller","Reviewed: 24 September 2021","Superb","There are no comments available for this review",""
"Sushil","India","Elite Room","1 night ·","September 2021","Solo traveller","Reviewed: 19 September 2021","Good","There are no comments available for this review",""
"Satish","India","Family","Family Room","August 2021","1 night ·","Reviewed: 17 September 2021","Very good","There are no comments available for this review",""
"Mirambo","India","Elite Room","1 night ·","September 2021","Solo traveller","Reviewed: 8 September 2021","Very good","There are no comments available for this review",""
"Manas","India","Premium Twin Bed Room","1 night ·","July 2021","Group","Reviewed: 26 August 2021","Very good","There are no comments available for this review",""
"Muralikrishnan","United Arab Emirates","Premium Twin Bed Room","2 nights ·","July 2021","Solo traveller","Reviewed: 16 August 2021","Very good","There are no comments available for this review",""
"","","","","","","","","",""
"","","","","","","","","",""
"Dhruv","India","Elite Room","2 nights ·","August 2021","Solo traveller","Reviewed: 16 August 2021","Very good","There are no comments available for this review",""
"Gopinath","India","Elite Room","2 nights ·","July 2021","Solo traveller","Reviewed: 4 August 2021","Very good","There are no comments available for this review",""
"Jabir","India","Family","Belstead Suite Room","June 2023","6 nights ·","Reviewed: 15 June 2023","Good","There are no comments available for this review",""
"Rana","Bangladesh","Premium Twin Bed Room","2 nights ·","June 2023","Family","Reviewed: 5 June 2023","Good","There are no comments available for this review",""
"Mohammad","India","Group","Elegant Room","April 2023","1 night ·","Reviewed: 1 May 2023","Good","There are no comments available for this review",""
"Bedabrata","India","Elite Room","1 night ·","September 2022","Family","Reviewed: 19 December 2022","Superb","There are no comments available for this review",""
"Kadir","","Elite Room","2 nights ·","August 2022","Couple","Reviewed: 22 August 2022","Good","There are no comments available for this review",""
"Uttam","India","Elite Room","2 nights ·","June 2022","Family","Reviewed: 1 June 2022","Good","There are no comments available for this review",""
"Harshit","India","Premium Twin Bed Room","1 night ·","September 2021","Family","Reviewed: 14 September 2021","Very good","There are no comments available for this review",""
"David","India","Family","Elegant Room","May 2022","2 nights ·","Reviewed: 15 May 2022","Good","There are no comments available for this review",""
"","","","","","","","","",""
"","","","","","","","","",""
"Manikandan","United Arab Emirates","Elite Room","4 nights ·","February 2022","Solo traveller","Reviewed: 1 March 2022","Superb","There are no comments available for this review",""
"Pradeep","India","Premium Twin Bed Room","3 nights ·","October 2023","Solo traveller","Reviewed: 22 October 2023","Good","There are no comments available for this review",""
"Utkarsha","India","Elite Room","3 nights ·","September 2022","Solo traveller","Reviewed: 27 October 2022","Very good","There are no comments available for this review",""
"Buvanesh","India","Premium Twin Bed Room","1 night ·","June 2022","Family","Reviewed: 18 June 2022","Very good","There are no comments available for this review",""
"Jain","India","Elite Room","1 night ·","June 2022","Family","Reviewed: 16 June 2022","Very good","There are no comments available for this review",""
"Nikhil","India","Family","Family Room","May 2022","1 night ·","Reviewed: 16 May 2022","Very good","There are no comments available for this review",""
"Manikandan","India","Couple","Elegant Room","October 2023","2 nights ·","Reviewed: 27 November 2023","Exceptional","There are no comments available for this review",""
"Nishad","Italy","Family","Elegant Room","November 2023","12 nights ·","Reviewed: 25 November 2023","Exceptional","There are no comments available for this review",""
"Senid","Malaysia","Group","Family Room","November 2023","3 nights ·","Reviewed: 19 November 2023","Exceptional","There are no comments available for this review",""
"Harshad","India","Family","Elegant Room","October 2023","1 night ·","Reviewed: 15 November 2023","Exceptional","There are no comments available for this review",""
"","","","","","","","","",""
"","","","","","","","","",""
"Prithwish","India","Group","Belstead Suite Room","September 2023","2 nights ·","Reviewed: 5 October 2023","Exceptional","There are no comments available for this review",""
"Manikandan","India","Couple","Elegant Room","September 2023","1 night ·","Reviewed: 5 September 2023","Exceptional","There are no comments available for this review",""
"Manikandan","India","Couple","Elegant Room","September 2023","1 night ·","Reviewed: 2 September 2023","Exceptional","There are no comments available for this review",""
"Manikandan","India","Group","Elegant Room","July 2023","1 night ·","Reviewed: 15 August 2023","Exceptional","There are no comments available for this review",""
"Sameer","India","Family","Belstead Suite Room","June 2023","2 nights ·","Reviewed: 5 July 2023","Exceptional","There are no comments available for this review",""
"P","India","Premium Twin Bed Room","7 nights ·","June 2023","Family","Reviewed: 24 June 2023","Exceptional","There are no comments available for this review",""
"Pooja","India","Family","Elegant Room","June 2023","3 nights ·","Reviewed: 19 June 2023","Exceptional","There are no comments available for this review",""
"Vishwam","India","Family","Elegant Room","April 2023","1 night ·","Reviewed: 19 May 2023","Exceptional","There are no comments available for this review",""
"Gavali","India","Family","Belstead Suite Room","February 2023","2 nights ·","Reviewed: 28 February 2023","Exceptional","There are no comments available for this review",""
"Mahua","India","Elite Room","6 nights ·","December 2022","Solo traveller","Reviewed: 26 January 2023","Exceptional","There are no comments available for this review",""
"","","","","","","","","",""
"","","","","","","","","",""
"Mahua","India","Family","Elegant Room","December 2022","3 nights ·","Reviewed: 26 January 2023","Exceptional","There are no comments available for this review",""
"Dr","India","Elite Room","1 night ·","October 2022","Family","Reviewed: 12 January 2023","Exceptional","There are no comments available for this review",""
"Dr","India","Family","Family Room","November 2022","1 night ·","Reviewed: 12 January 2023","Exceptional","There are no comments available for this review",""
"Pradeesh","India","Elite Room","2 nights ·","December 2022","Solo traveller","Reviewed: 13 December 2022","Exceptional","There are no comments available for this review",""
"Harish","India","Elite Room","1 night ·","November 2022","Solo traveller","Reviewed: 19 November 2022","Exceptional","There are no comments available for this review",""
"Ramesh","India","Family","Elegant Room","August 2022","2 nights ·","Reviewed: 29 October 2022","Exceptional","There are no comments available for this review",""
"Avanthikaa","India","Premium Twin Bed Room","1 night ·","September 2022","Couple","Reviewed: 20 October 2022","Exceptional","There are no comments available for this review",""
"Venugopala","India","Family","Family Room","October 2022","1 night ·","Reviewed: 2 October 2022","Exceptional","There are no comments available for this review",""
"Hasitha","Sri Lanka","Elite Room","2 nights ·","August 2022","Couple","Reviewed: 24 August 2022","Exceptional","There are no comments available for this review",""
"Juhi","India","Couple","Elegant Room","August 2022","2 nights ·","Reviewed: 12 August 2022","Exceptional","There are no comments available for this review",""
"","","","","","","","","",""
"","","","","","","","","",""
"Suruchi","India","Family","Belstead Suite Room","July 2022","1 night ·","Reviewed: 29 July 2022","Exceptional","There are no comments available for this review",""
"Shyam","India","Couple","Elegant Room","May 2022","1 night ·","Reviewed: 18 July 2022","Exceptional","There are no comments available for this review",""
"Sangita","India","Family","Belstead Suite Room","June 2022","2 nights ·","Reviewed: 12 July 2022","Exceptional","There are no comments available for this review",""
"Setu","India","Family","Elegant Room","June 2022","2 nights ·","Reviewed: 4 July 2022","Exceptional","There are no comments available for this review",""
"Ramesh","India","Family","Family Room","June 2022","1 night ·","Reviewed: 28 June 2022","Exceptional","There are no comments available for this review",""
"Mohanishrao","India","Elite Room","1 night ·","June 2022","Couple","Reviewed: 21 June 2022","Exceptional","There are no comments available for this review",""
"Jujjavarapu","India","Premium Twin Bed Room","2 nights ·","June 2022","Couple","Reviewed: 18 June 2022","Exceptional","There are no comments available for this review",""
"Sridharan","","Elite Room","1 night ·","May 2022","Couple","Reviewed: 18 June 2022","Exceptional","There are no comments available for this review",""
"Ankhi","India","Couple","Elegant Room","June 2022","3 nights ·","Reviewed: 10 June 2022","Exceptional","There are no comments available for this review",""
"Ritu","India","Couple","Elegant Room","March 2022","1 night ·","Reviewed: 9 June 2022","Exceptional","There are no comments available for this review",""
"","","","","","","","","",""
"","","","","","","","","",""
"Aravindh","India","Couple","Elegant Room","June 2022","1 night ·","Reviewed: 6 June 2022","Exceptional","There are no comments available for this review",""
"Navarin","India","Elite Room","1 night ·","March 2022","Family","Reviewed: 22 April 2022","Exceptional","There are no comments available for this review",""
"Vishal","India","Couple","Family Room","March 2022","1 night ·","Reviewed: 30 March 2022","Exceptional","There are no comments available for this review",""
"Shweta","United States","Family","Family Room","March 2022","1 night ·","Reviewed: 25 March 2022","Exceptional","There are no comments available for this review",""
"Kushal","India","Elite Room","1 night ·","March 2022","Family","Reviewed: 23 March 2022","Exceptional","There are no comments available for this review",""
"Kannan","India","Family","Family Room","March 2022","2 nights ·","Reviewed: 22 March 2022","Exceptional","There are no comments available for this review",""
"Rakul","India","Couple","Elegant Room","March 2022","1 night ·","Reviewed: 21 March 2022","Exceptional","There are no comments available for this review",""
"Stanley","Malaysia","Premium Twin Bed Room","1 night ·","March 2022","Group","Reviewed: 16 March 2022","Exceptional","There are no comments available for this review",""
"Niyas","United States","Solo traveller","Elegant Room","February 2022","1 night ·","Reviewed: 15 March 2022","Exceptional","There are no comments available for this review",""
"Stanley","Malaysia","Premium Twin Bed Room","2 nights ·","March 2022","Couple","Reviewed: 13 March 2022","Pleasant","There are no comments available for this review",""
"","","","","","","","","",""
"","","","","","","","","",""
"Md","Bangladesh","Premium Twin Bed Room","5 nights ·","March 2022","Couple","Reviewed: 11 March 2022","Exceptional","There are no comments available for this review",""
"Deepa","India","Group","Family Room","February 2022","1 night ·","Reviewed: 1 March 2022","Exceptional","There are no comments available for this review",""
"Gowtham","India","Solo traveller","Elegant Room","February 2022","1 night ·","Reviewed: 21 February 2022","Exceptional","There are no comments available for this review",""
"Vishal","India","Family","Belstead Suite Room","February 2022","1 night ·","Reviewed: 17 February 2022","Exceptional","There are no comments available for this review",""
"Srinivasan","India","Family","Elegant Room","February 2022","1 night ·","Reviewed: 16 February 2022","Passable","There are no comments available for this review",""
"Aby","India","Couple","Elegant Room","December 2021","1 night ·","Reviewed: 8 February 2022","Exceptional","There are no comments available for this review",""
"Prabhu","India","Couple","Elegant Room","January 2022","1 night ·","Reviewed: 6 January 2022","Exceptional","There are no comments available for this review",""
"Zabdiel","India","Couple","Elegant Room","December 2021","1 night ·","Reviewed: 31 December 2021","Exceptional","There are no comments available for this review",""
"Nixon","India","Family","Family Room","December 2021","1 night ·","Reviewed: 30 December 2021","Exceptional","There are no comments available for this review",""
"Idrees","Oman","Couple","Belstead Suite Room","December 2021","2 nights ·","Reviewed: 24 December 2021","Exceptional","There are no comments available for this review",""
"","","","","","","","","",""
"","","","","","","","","",""
"Nazmus","Bangladesh","Family","Elegant Room","November 2021","4 nights ·","Reviewed: 9 December 2021","Exceptional","There are no comments available for this review",""
"Chandra","India","Family","Elegant Room","October 2021","2 nights ·","Reviewed: 5 December 2021","Exceptional","There are no comments available for this review",""
"Barasha","India","Premium Twin Bed Room","4 nights ·","October 2021","Family","Reviewed: 26 November 2021","Exceptional","There are no comments available for this review",""
"Sushmita","India","Family","Family Room","November 2021","1 night ·","Reviewed: 6 November 2021","Exceptional","There are no comments available for this review",""
"Venkata","United States","Group","Elegant Room","October 2021","2 nights ·","Reviewed: 23 October 2021","awesome","There are no comments available for this review",""
"Abinaya","India","Group","Elegant Room","September 2021","1 night ·","Reviewed: 15 September 2021","Exceptional","There are no comments available for this review",""
"Barathwaaj","India","Group","Elegant Room","August 2021","1 night ·","Reviewed: 4 September 2021","Exceptional","There are no comments available for this review",""
"Raul","India","Couple","Elegant Room","August 2021","2 nights ·","Reviewed: 22 August 2021","Exceptional","There are no comments available for this review",""
"Varghese","India","Elite Room","2 nights ·","August 2021","Solo traveller","Reviewed: 13 August 2021","Exceptional","There are no comments available for this review",""
"Venkata","United States","Premium Twin Bed Room","4 nights ·","August 2021","Solo traveller","Reviewed: 3 August 2021","Exceptional","There are no comments available for this review",""
"","","","","","","","","",""
"","","","","","","","","",""
"Arup","India","Premium Twin Bed Room","1 night ·","July 2021","Family","Reviewed: 25 July 2021","Exceptional","There are no comments available for this review",""
"Pradeep","India","Elite Room","2 nights ·","April 2021","Solo traveller","Reviewed: 8 April 2021","Exceptional","There are no comments available for this review",""
"Jain","India","Couple","Elegant Room","October 2023","3 nights ·","Reviewed: 29 October 2023","Pleasant","There are no comments available for this review",""
"Dinesh","India","Couple","Elegant Room","October 2023","1 night ·","Reviewed: 27 October 2023","Passable","There are no comments available for this review",""
"Pandey","India","Family","Elegant Room","December 2022","3 nights ·","Reviewed: 20 January 2023","Pleasant","There are no comments available for this review",""
"Aditi","Oman","Family","Elegant Room","December 2022","2 nights ·","Reviewed: 11 December 2022","Exceptional","There are no comments available for this review",""
"Siddique","Bangladesh","Family","Elegant Room","October 2022","1 night ·","Reviewed: 2 November 2022","Pleasant","There are no comments available for this review",""
"Krishnan","India","Elite Room","1 night ·","October 2022","Solo traveller","Reviewed: 28 October 2022","Disappointing","There are no comments available for this review",""
"Viv","India","Group","Elegant Room","August 2022","2 nights ·","Reviewed: 30 August 2022","Very poor","There are no comments available for this review",""
"Vikas","India","Elite Room","1 night ·","August 2022","Family","Reviewed: 20 August 2022","Pleasant","There are no comments available for this review",""
"","","","","","","","","",""
"","","","","","","","","",""
"Hima","India","Family","Family Room","August 2022","1 night ·","Reviewed: 12 August 2022","Pleasant","There are no comments available for this review",""
"Alfuthain","India","Premium Twin Bed Room","2 nights ·","August 2022","Family","Reviewed: 2 August 2022","Pleasant","There are no comments available for this review",""
"Lokesh","India","Family","Belstead Suite Room","August 2022","2 nights ·","Reviewed: 2 August 2022","Exceptional","There are no comments available for this review",""
"Surya","United Arab Emirates","Elite Room","1 night ·","July 2022","Couple","Reviewed: 8 July 2022","Pleasant","There are no comments available for this review",""
"Jaydeb","India","Premium Twin Bed Room","2 nights ·","September 2021","Family","Reviewed: 18 September 2021","Pleasant","There are no comments available for this review",""
"Yoganandha","India","Solo traveller","Belstead Suite Room","September 2021","1 night ·","Reviewed: 14 September 2021","Exceptional","There are no comments available for this review",""
"Mahadevan","India","Couple","Elegant Room","July 2021","1 night ·","Reviewed: 14 August 2021","Pleasant","There are no comments available for this review",""
"Srikanth","India","Premium Twin Bed Room","1 night ·","August 2021","Group","Reviewed: 10 August 2021","Exceptional","There are no comments available for this review",""
"Sengupta","United States","Solo traveller","Elegant Room","December 2023","2 nights ·","Reviewed: 3 December 2023","Pleasant","There are no comments available for this review",""
"Juma","Oman","Family","Family Room","December 2022","5 nights ·","Reviewed: 4 December 2022","Pleasant","There are no comments available for this review",""
"","","","","","","","","",""
"","","","","","","","","",""
"Shrawanti","India","Elite Room","1 night ·","December 2022","Solo traveller","Reviewed: 4 December 2022","Passable","There are no comments available for this review",""
"Chakraborty","India","Elite Room","2 nights ·","November 2022","Couple","Reviewed: 28 November 2022","Passable","There are no comments available for this review",""
"Navin","India","Elite Room","1 night ·","November 2022","Solo traveller","Reviewed: 24 November 2022","Disappointing","There are no comments available for this review",""
"Baldev","India","Family","Elegant Room","October 2022","2 nights ·","Reviewed: 30 October 2022","Disappointing","There are no comments available for this review",""
"Velu","India","Premium Twin Bed Room","4 nights ·","October 2022","Family","Reviewed: 11 October 2022","Disappointing","There are no comments available for this review",""
"Kathak","Bangladesh","Family","Elegant Room","October 2022","6 nights ·","Reviewed: 5 October 2022","Passable","There are no comments available for this review",""
"Dr","India","Family","Belstead Suite Room","September 2022","1 night ·","Reviewed: 14 September 2022","Pleasant","There are no comments available for this review",""
"Jaydeep","India","Solo traveller","Elegant Room","July 2022","1 night ·","Reviewed: 3 July 2022","Poor","There are no comments available for this review",""
"Sreedhar","India","Group","Belstead Suite Room","June 2022","1 night ·","Reviewed: 3 July 2022","Pleasant","There are no comments available for this review",""
"Y","India","Elite Room","1 night ·","June 2022","Couple","Reviewed: 13 June 2022","Pleasant","There are no comments available for this review",""
"","","","","","","","","",""
"","","","","","","","","",""
"Anupam","Bangladesh","Premium Twin Bed Room","6 nights ·","April 2022","Family","Reviewed: 12 April 2022","Disappointing","There are no comments available for this review",""
"Dr","India","Family","Elegant Room","March 2022","2 nights ·","Reviewed: 27 March 2022","Poor","There are no comments available for this review",""
"Mahesh","Brunei Darussalam","Family","Elegant Room","March 2022","4 nights ·","Reviewed: 25 March 2022","Passable","There are no comments available for this review",""
"Kumar","India","Elite Room","1 night ·","February 2022","Solo traveller","Reviewed: 9 February 2022","Passable","There are no comments available for this review",""
"Karthik","India","Solo traveller","Elegant Room","September 2021","1 night ·","Reviewed: 18 September 2021","Disappointing","There are no comments available for this review",""
"Prathiba","United Arab Emirates","Family","Elegant Room","October 2022","2 nights ·","Reviewed: 17 January 2023","It's a basic hotel. Good location.","There are no comments available for this review",""
"Yousuf","India","Elite Room","1 night ·","December 2022","Solo traveller","Reviewed: 5 December 2022","Disappointing","There are no comments available for this review",""
"Leela","India","Premium Twin Bed Room","2 nights ·","September 2022","Family","Reviewed: 18 November 2022","Disappointing","There are no comments available for this review",""
"Manoj","United States","Elite Room","1 night ·","October 2022","Solo traveller","Reviewed: 29 October 2022","Bad","There are no comments available for this review",""
"Prashanth","India","Couple","Elegant Room","August 2022","1 night ·","Reviewed: 11 August 2022","Bad","There are no comments available for this review",""
"","","","","","","","","",""
"","","","","","","","","",""
"Johann","India","Family","Belstead Suite Room","July 2022","1 night ·","Reviewed: 9 August 2022","Bad","There are no comments available for this review",""
"Vikas","India","Group","Family Room","March 2022","1 night ·","Reviewed: 31 March 2022","Bad","There are no comments available for this review",""
"Iyer","India","Elite Room","3 nights ·","November 2023","Solo traveller","Reviewed: 30 November 2023","Disappointing","There are no comments available for this review",""
"Shakthi","India","Premium Twin Bed Room","1 night ·","February 2022","Couple","Reviewed: 27 February 2022","Passable","There are no comments available for this review",""
"Anonymous","India","Family","Elegant Room","May 2023","2 nights ·","Reviewed: 24 May 2023","Superb","There are no comments available for this review",""
"Anonymous","India","Group","Elegant Room","February 2022","1 night ·","Reviewed: 17 March 2022","Exceptional","There are no comments available for this review",""
"Anonymous","India","Elite Room","1 night ·","May 2022","Solo traveller","Reviewed: 8 July 2022","Passable","There are no comments available for this review",""
"Anonymous","Poland","Family","Elegant Room","September 2021","1 night ·","Reviewed: 29 September 2021","Pleasant","There are no comments available for this review",""
"Anonymous","India","Solo traveller","Elegant Room","September 2021","1 night ·","Reviewed: 7 September 2021","I checked in late night and check out was too early","There are no comments available for this review",""
"Anonymous","Maldives","Group","Elegant Room","November 2022","3 nights ·","Reviewed: 19 November 2022","Passable","There are no comments available for this review",""
"","","","","","","","","",""
"","","","","","","","","",""
"Amélie","France","Group","Elegant Room","February 2023","1 night ·","Reviewed: 18 March 2023","Superb","There are no comments available for this review",""
"Lorenzo","France","Elite Room","1 night ·","November 2022","Solo traveller","Reviewed: 7 January 2023","Superb","There are no comments available for this review",""
"Lorenzo","France","Elite Room","2 nights ·","May 2022","Group","Reviewed: 4 June 2022","Exceptional","There are no comments available for this review",""
"Anonymous","Spain","Elite Room","1 night ·","October 2021","Solo traveller","Reviewed: 24 October 2021","Good","There are no comments available for this review",""
"","","","","","","","","",""
"","","","","","","","","",""