"a3332d346a","afac1f68d9","abf093bdfe","abf093bdfe 2","abf093bdfe 3","abf093bdfe 4","abf093bdfe 5","f6431b446c","a53cbfa6de","a53cbfa6de 2","a3332d346a 2","a53cbfa6de 3"
"Ijas","United States","Standard Double Room","2 nights ·","February 2024","Family","Reviewed: 4 March 2024","Very good","The staff was very friendly and considerate . There was a confusion with the payment and they made sure my in-laws are comfortable and allowed them to complete the check in . Appreciate the professionalism the staff showcased .","","",""
"Shilpa","India","Standard Double Room","1 night ·","October 2023","Family","Reviewed: 4 October 2023","Close proximity to US consulate","The property is very close to US consulate. So it was very convenient for us. The staff helped guide us. They made taxi arrangements by talking to taxi fella as the language fluency was the problem. And even manager showed so much consideration for our very late arrival.","The door knobs in our rooms were broken. Specially bathroom","Hotel response:","Dear Ms, Shilpa  Greetings from The King's Park..."
"Prateeksha","India","Standard Double Room","1 night ·","July 2023","Couple","Reviewed: 9 July 2023","Decent stay for a day or two","Very close to US consulate (walkable distance to both biometric and interview)","Towels were not provided initially. Asked and got them late in the morning.
Breakfast is okayish.
Seems expensive.","Hotel response:","Dear Ms Prateeksha, 
Greetings from The Kings Park..."
"Amit","India","Superior Single Room","1 night ·","February 2023","Solo traveller","Reviewed: 15 February 2023","Good","Rooms are very compact and affocative. Wifi is very poor. Can not attend official meeting.","","",""
"Gurunathan","United States","2 nights ·","Family","February 2023","Junior Suite","Reviewed: 3 February 2023","Overall Nice stay","South Indian Breakfast was good","Water bottles extra could have been provided or atleast RO purified water option. No mini bar in room. 
Would be better if provided with Microwave oven in Suite rooms atleast","Hotel response:","Dear Mr Gurunathan, 
Greetings from The King's Park..."
"Krishna","India","Standard Double Room","1 night ·","December 2022","Solo traveller","Reviewed: 23 December 2022","Very hygienic and neatly maintained Rooms. It will be better if the receptionist is little courteous.","Close proximity to all major government and business establishments with affordable pricing.","Food quality is not worth.","Hotel response:","Dear Mr.Krishna, 
Greetings from The King's Park..."
"Anirjit","India","2 nights ·","Family","December 2022","Standard Twin Room","Reviewed: 6 December 2022","Good stay.","We had a 2 night stay at this hotel and overall it was a good stay. The staff was helpful and friendly, there was complimentary breakfast,though the food wasn't the best but it was manageable.
The room service was good but they took a lot of time to deliver the food.
The beds were cozy and there was a smart tv.
Wifi was provided and the speed was decent enough.
Overall the stay here was good and i would recommend it to people who would like to visit Chennai and especially for visa to book a room here.
Btw the US Consulate was just 800m far and walkable distance.","The room service was a little delayed both the times we ordered.
The complimentary breakfast had limited varieties and they weren't so tasty.
The doors were a lot of hardwork , they fall back very fast after the door is opened and u gotta hold them.","Hotel response:","Dear Mr.Anirjit Reddy,  
Greetings from The Kings Park..."
"Femina","India","Standard Double Room","1 night ·","November 2022","Family","Reviewed: 15 November 2022","Very good","Location is good","","",""
"Venkata","India","2 nights ·","Family","September 2022","Family Suite","Reviewed: 6 November 2022","Good","The hotel is very close to American Consulate - you can actually walk to the consulate. The rooms are good and hygienic. Valet parking available.
However… DO NOT book a Family Suite on the first floor. This is right above the pub and you can hear LOUD music until 3:00 AM. We had elderly people and small kids in our trip. Both of them including ourself could not sleep until 3:00 AM. We called the front desk multiple times to reduce the volume but of no use. I guess it will be the same with all rooms on the first floor. The hotel should do something about this as it causes lot of inconvenience to the guests. 
However, the staff obliged our request to move us to the second floor the next day.","Loud noise from the pub. Avoid first floor.","",""
"Arun","India","Superior Single Room","1 night ·","September 2022","Solo traveller","Reviewed: 22 September 2022","Good","I was reached the hotel at 12:15 pm  and they asked me to wait for 10 minutes and i got the room at 1:45 pm","I was reached the hotel at 12:15 pm  and they asked me to wait for 10 minutes and i got the room at 1:45 pm","Hotel response:","Dear Mr Arun, Thank you for taking the time to review our..."
"Rao","India","1 night ·","Family","July 2022","Family Suite","Reviewed: 6 July 2022","Comfy Beds and home like environment.","I took a family suite, it came with two rooms each room had enough beds to accommodate 2 people each. 
both rooms had a TV. the suite also had a sofa, table and a kettle and safes. bathrooms were modern and clean.
rooms were well lit and had all amenities for an extended stay.
Room service was prompt and food was good.
Prices for in-room dining is okay.
Comes with valet parking","The king room had wet wood smell in it so we had to air it out for sometime before use.
The hotel has a lounge/ pub attached to it which was active from 11:00 to 1:00 am though the room has good sound proofing I couldn't sleep with the sporadic booms.","Hotel response:","Dear Mr Rao, Thank you for taking the time to review our..."
"Bhagyashri","India","Standard Double Room","2 nights ·","May 2022","Family","Reviewed: 10 June 2022","Good","Location and room","Bar","Hotel response:","Dear Ms Bhagyashri, Thank you for the great review of our..."
"Sanil","United States","Standard Double Room","1 night ·","June 2022","Family","Reviewed: 6 June 2022","Very good","location and staffs","Rooms are too small","Hotel response:","Dear Mr Sanil, Thank you for the great review of our..."
"Vishnubhatla","India","1 night ·","Family","May 2022","Deluxe Double Room","Reviewed: 21 May 2022","Very good","Good hotel in prime location","Not having restaurant. Only in room dining.","Hotel response:","Dear Mr Vishnu Bhatla, Thank you for the great review of..."
"Santhosh","India","Standard Double Room","1 night ·","May 2022","Solo traveller","Reviewed: 16 May 2022","Good stay. Felt comfortable.","Hotel is clean and new, room was kept neat and value for money. Staff are very friendly and good people.","Food, breakfast was delivered late and i ordered masala dosa, i think its was one of worst masala i had. Lunch was also too spicy for me. May be we should tell that when ordering.","Hotel response:","Dear Mr Santhosh, Thank you for taking the time to review..."
"Akshay","India","Standard Double Room","3 nights ·","May 2022","Couple","Reviewed: 12 May 2022","Very good","cleanliness, quality and location","breakfast","",""
"Ajay","India","3 nights ·","Family","March 2024","Standard Twin Room","Reviewed: 25 March 2024","Average stay","Close to the US consulate.","Despite knowing that two pax are staying, only one tea cup was kept in the room. Over 3 nights and 4 days, the room was not cleaned even once. Dustbin overflowed. Housekeeping asked me to contact reception for an extra cup. They also forgot to keep a napkin in the bathroom.","",""
"Abhilash","France","2 nights ·","Family","December 2023","Family Suite","Reviewed: 4 February 2024","Good","Spacious room. Was within walking distance of US consulate.","Though room was spacious the upkeep was poor. This was noticable in the restaurant also. Seemed to suffer from staff shortage.","",""
"Nihal","United States","Standard Double Room","1 night ·","December 2023","Solo traveller","Reviewed: 10 January 2024","Very good","Very close to the us consulate . I walked there","There was mold on the ceiling of the restroom at my room..I just needed a night stay and it worked out.","",""
"Lakshmi","United States","1 night ·","Family","December 2023","Standard Twin Room","Reviewed: 30 December 2023","Practical to stay if you need to be close to the US Embassy","Very close to the US Embassy. Good to stay for a night. Food at the restaurant upstairs was good.","We got torn towels in the room, which the staff then replaced after requesting. Torn wallpapers.","",""
"","","","","","","","","","","",""
"","","","","","","","","","","",""
"Abhilash","France","Standard Double Room","3 nights ·","December 2023","Family","Reviewed: 15 December 2023","Good enough for a short stay.","Good location. The rooms have good fittings.","The place is seriously under staffed. Not enough people to clean the rooms and common areas properly.","",""
"Ramesh","India","1 night ·","Family","October 2023","Family Suite","Reviewed: 14 October 2023","Very good","The loud music from the bar was very annoying and went on till midnight","","",""
"Ind","India","7 nights ·","Solo traveller","August 2023","Standard Twin Room","Reviewed: 4 September 2023","Good","The location, staff was good, good food","Few things like the amount i paid i feel like i paid too much for a lil room.","",""
"Prabhu","India","2 nights ·","Solo traveller","August 2023","Standard Twin Room","Reviewed: 31 August 2023","Very good","People visiting US consulate this is perfect budget hotel. Both the Biometric and Consulate are 5 min walking distance. Multiple options for breakfast.","Room cleaning on daily basis required instead on request","",""
"Rushabh","India","Standard Double Room","1 night ·","August 2023","Solo traveller","Reviewed: 2 August 2023","Very good property for USA visa appointment","If you're visiting for US visa , this place is ideal location as its near from both biometric and consulate General,  walking distance.

Staff is very friendly and rooms are clean - food and service is very good . In a way it's economical / value for money.","","Hotel response:","Dear Mr Rushabh, 
Greetings from The Kings Park Grand!!!..."
"Chitra","India","1 night ·","Family","July 2023","Standard Twin Room","Reviewed: 11 July 2023","Very good","The staff were hospitable, polite and supportive.","The rooms could have been slightly bigger. Else everything was fine.","Hotel response:","Dear Ms Chitra,
Greetings from The Kings Park Grand!!!
It..."
"Patil","India","Superior Single Room","2 nights ·","April 2023","Solo traveller","Reviewed: 9 May 2023","Good","Good and authentic taste and supportive employees","Ameneties","",""
"Divya","India","1 night ·","Family","April 2023","Deluxe Double Room","Reviewed: 24 April 2023","Good","Location is good and basic amenities iron hair dryer breakfast is available. Decent south indian breakfast.","Rooms are v cramped and small. The roof also felt low. We had a mango tree outside which was good view. The imteriors etc are v good quality but size makes you feel suffocated.","",""
"Vijay","India","Standard Double Room","2 nights ·","April 2023","Couple","Reviewed: 4 April 2023","In short our stay was good","Breakfast spread was very good. Location wise Excellent if you are visiting for visa purposes","Room size is very compact. No place for couple of chairs to sit","",""
"Faisal","Bangladesh","Standard Double Room","2 nights ·","February 2023","Family","Reviewed: 27 February 2023","Location is perfect; it is easy to get around, and the staffs are well behaved.","Breakfast is adequate, mostly South Indian foods.  English breakfast, should be included. 
The location is perfect.","Items in the pub are expensive.","+7",""
"","","","","","","","","","","",""
"","","","","","","","","","","",""
"Sneha","India","Superior Single Room","2 nights ·","February 2023","Solo traveller","Reviewed: 16 February 2023","Overall good location for visa stamping work. Also good options around like MCD and dominoes and kfc","Food was not good..very few options like idli and dosa for entire day
also food was expensive. Restaurant should be good and should have options 
Room did not have cupboard to store clothes and other things . No hangers to hang clothes 
Bathroom door should have hooks to hang clothes 
The moisturiser was old and was stinky","","",""
"Pranav","India","Superior Single Room","1 night ·","February 2023","Solo traveller","Reviewed: 4 February 2023","Pleasant","Excellent location in the Heart of Nungambakkam","Very small room, breakfast closes at 10 instead of 10.30 which is a standard","Hotel response:","Dear Mr. Pranav, 
Greetings!!! 
It was a pleasure having..."
"Nitin","India","1 night ·","Family","December 2022","Standard Twin Room","Reviewed: 28 December 2022","Good","Location.","Hot water was not working. Hot water kettle not working.","Hotel response:","Dear Mr. Nitin Amin, 
Greetings from The Kings Park..."
"Prashant","India","4 nights ·","Group","December 2022","Family Suite","Reviewed: 12 December 2022","it was ok..i didnt had any issues..location was a super plus for it to select it","location ,space","loud music at night sometimes coming from pub downstairs","Hotel response:","Dear Mr.Prashant,  
Greetings from The Kings Park..."
"Asokan","India","King Room","2 nights ·","September 2022","Couple","Reviewed: 21 October 2022","Try to improve the WiFi","Atmosphere
Cleanliness
Room space","The WiFi is very poor
No cable TV performance during my stay","Hotel response:","Dear Asokan, Thank you for taking the time to review our..."
"Shyam","India","1 night ·","Family","September 2022","Family Suite","Reviewed: 3 October 2022","Good","They were playing loud music in the bar downstairs till 12.30 in the night.","","",""
"Shashikala","India","Standard Double Room","1 night ·","September 2022","Solo traveller","Reviewed: 24 September 2022","Pleasant","Cleanliness of rooms and not many people.","There was no help for carrying luggage. It is not a necessity but a courtesy to have a bell boy to guide through the room.","Hotel response:","Dear Shashikala, Thank you for taking the time to review..."
"John","India","Standard Double Room","1 night ·","September 2022","Family","Reviewed: 18 September 2022","keep up the good work","good neat n clean","need to be professional at the front office.. it’s a wonderful property but front office staff need improvement","",""
"Derek","United Kingdom","5 nights ·","Solo traveller","August 2022","Deluxe Double Room","Reviewed: 7 September 2022","pleased but nothing special","there wasn't a lot to say about this hotel","nothing  it was just a hotel","Hotel response:","Dear Derek, thank you for the great review of our hotel!..."
"Patel","India","Superior Single Room","3 nights ·","September 2022","Solo traveller","Reviewed: 1 September 2022","Good","Its clean and food service is decent. Food taste is good and hygiene. I have not opt for breakfast so can not say.","The room size is little bit small. Room cleaning they did not came any of the day I have to ask for my complementary water bottles. I have not opt for breakfast so can not say.","Hotel response:","Dear Patel, Thank you for taking the time to review our..."
"","","","","","","","","","","",""
"","","","","","","","","","","",""
"Akash","India","7 nights ·","Solo traveller","August 2022","Standard Twin Room","Reviewed: 20 August 2022","Pleasant","I LIVED THERE FOR MANY DAYS. BOOKED TWIN BEDROOM , BOOKED SINGLE BED ONLY, BUT NEVER GOT ANY. SINCE I WAS ALONE, THAT'S OK. ON THIRD AND FOURTH DAY, ROOM CLEANING WAS NOT DONE AND WATER WAS NOT GIVEN AND CHARGED FOR THE SAME. HOTEL IS NICE BUT CAN BE BETTER IF ROOM CLEANING IS REGULAR I WILL GO AGAIN","I LIVED THERE FOR MANY DAYS. BOOKED TWIN BEDROOM , BOOKED SINGLE BED ONLY, BUT NEVER GOT ANY. SINCE I WAS ALONE, THAT'S OK. ON THIRD AND FOURTH DAY, ROOM CLEANING WAS NOT DONE AND WATER WAS NOT GIVEN AND CHARGED FOR THE SAME. HOTEL IS NICE BUT CAN BE BETTER IF ROOM CLEANING IS REGULAR I WILL GO AGAIN","Hotel response:","Dear Akash, Thank you for taking the time to review our..."
"Yadav","United States","1 night ·","Family","August 2022","Family Suite","Reviewed: 17 August 2022","Good","Alloted rooms were different than originally booked.","","Hotel response:","Dear Mr Yadav, Thank you for taking the time to review..."
"The","India","Standard Double Room","1 night ·","August 2022","Family","Reviewed: 11 August 2022","Good","Room was good . I preferred it because it was nearby to US consulate. hotel was good","Mosquitos in the room but they gave me mosquito repellent","Hotel response:","Dear Guest, thank you for the great review of our hotel!..."
"Darshan","India","2 nights ·","Family","July 2022","Family Suite","Reviewed: 23 July 2022","So much for improvement","They said breakfast is not included even after paying 8000 per room","Everything about customer service","Hotel response:","Dear Mr Darshan, Thank you for taking the time to review..."
"Dangi","India","Superior Single Room","1 night ·","July 2022","Solo traveller","Reviewed: 19 July 2022","20% more expencive","Breakfast not included","","Hotel response:","Dear Mr Dangi, Thank you for taking the time to review..."
"Smart","India","Superior Single Room","2 nights ·","May 2022","Solo traveller","Reviewed: 19 June 2022","Very good","Rooms, bathroom, location","Breakfast","Hotel response:","Dear Guest, Thank you for the great review of our hotel!..."
"J","India","Standard Double Room","1 night ·","June 2022","Solo traveller","Reviewed: 8 June 2022","BREAK FAST DETAILS MAY BE INDICATED CORRRECTLY( PROVIDE OR NOT)","NOT PROVIDED THE BREAKFAST","ROOM SIZE","Hotel response:","Dear Mr Rajasekaran, Thank you for the great review of..."
"Vinnyalex","India","Standard Double Room","1 night ·","April 2022","Family","Reviewed: 25 April 2022","Good clean rooms at a great location for US Consulate interview.","The location was close to the US Consulate and VAC
The rooms look new and clean
The bathroom fittings are top of the line (Grohe, Kohler, Jaquar)
The Room service menu was reasonably priced
The staff was very helpful and responsive","The room had tea and coffee supplies, but no kettle or cups or glasses (we got it on request)
One room had a chair and clothes hangars in the cupboard; the other didn't
Staff came to the room 5 minutes after check out time to request for check out. 
Breakfast was only vegetarian, and did not even have eggs. Did not feel it was worth the extra price.","Hotel response:","Dear Mr Vinny, Thank you for taking the time to review..."
"Alfred","India","3 nights ·","Family","April 2022","Family Suite","Reviewed: 12 April 2022","Over fair experience","The family room is spacious and since it’s renovated the ambience was good though.","They should have provided Hand towels and coffee mugs along with glasses to drink water. These are some basics which has to be standard provision and shouldn’t be a big challenge for a 3 star hotel. Absence of in house restaurant was little unnerving as the website claims to have one. We had to order food via zomato or had to go outside for lunch and dinner. These would offer more value for money. No complains on the property though.","Hotel response:","Dear Mr Alfred, Thank you for taking the time to review..."
"Neha","India","1 night ·","Family","March 2022","Standard Twin Room","Reviewed: 22 March 2022","Good","hygiene","facilities","Hotel response:","Dear Ms Neha, Thank you for taking the time to review our..."
"","","","","","","","","","","",""
"","","","","","","","","","","",""
"Pramod","India","1 night ·","Family","December 2023","Deluxe Double Room","Reviewed: 14 December 2023","No great facilities, waste of money","Location was good","Not worth for money. We would have got best hotel with more facilities compared to this hotel.","",""
"Jiss","United States","Superior Single Room","2 nights ·","November 2023","Family","Reviewed: 1 December 2023","Decent stay","Location is ideal. 24 hours check in is good.","It would be helpful if they have a system where we could pay in advance instead of when checking in. I wanted to pre pay for my parents and thought I did when shared my credit card info, but they asked money from my parents during check in and was a big hassle as I live abroad.","",""
"Rahul","India","Standard Double Room","1 night ·","December 2022","Family","Reviewed: 6 December 2022","Pleasant","Food, very sad
Not worth the price","","Hotel response:","Dear Mr.Rahul,  
Greetings from The Kings Park Grand!!!..."
"Jayaraj","India","Standard Double Room","1 night ·","November 2022","Couple","Reviewed: 4 December 2022","average","location is good!","- cleaning is not that much good. and there was water leak in toilet and it was not fixed throughout our stay
- Food service is slow","Hotel response:","Dear Mr.Jeyaraj,  
Greetings from The Kings Park Grand!!!..."
"Arun","India","1 night ·","Solo traveller","February 2024","Standard Twin Room","Reviewed: 27 February 2024","Maintain the same","Excellent service near and clean","Nothing","",""
"Pankaj","India","Standard Double Room","2 nights ·","September 2023","Family","Reviewed: 12 September 2023","I like very much and I can refer to my friend too","Very good hotel and sevices","Nothing","",""
"Sampreetha","India","1 night ·","Family","September 2023","Standard Twin Room","Reviewed: 2 September 2023","Exceptional","Very well kept property","","",""
"Anirudh","India","Standard Double Room","1 night ·","July 2023","Family","Reviewed: 19 July 2023","Value for money and very nice rooms!","Location, affordability and highly recommended for a quick 1-2 day trip.","Nothing much really, probably a pool! Food could be a little better too","Hotel response:","Dear Mr Anirudh, 
Greetings from The Kings Park Grand!!!..."
"Rajendra","","Standard Double Room","2 nights ·","May 2023","Family","Reviewed: 23 May 2023","Superb","Staff is very helpful. Good ambiance. Centrally located, value for money. Thank you","","Hotel response:","Thanks for the review sir."
"David","India","Standard Double Room","1 night ·","April 2023","Family","Reviewed: 21 April 2023","Exceptional","Good good","","",""
"","","","","","","","","","","",""
"","","","","","","","","","","",""
"Jignesh","India","Superior Single Room","2 nights ·","April 2023","Solo traveller","Reviewed: 10 April 2023","Superb","Location is very good.
Breakfast is also good.","","",""
"Sonia","India","1 night ·","Family","March 2023","Standard Twin Room","Reviewed: 8 April 2023","Exceptional","Good","","",""
"David","India","Standard Double Room","1 night ·","March 2023","Family","Reviewed: 10 March 2023","Ggg","Good","Good","",""
"Gowra","India","Superior Single Room","3 nights ·","February 2023","Solo traveller","Reviewed: 3 February 2023","I suggest is worth for money","Amazing service specifically main desk Marish helped us feel stay comfortable 😊, it’s close to American embassy .","They can improve breakfast menu","Hotel response:","Dear Mr Gowra, 
Greetings from The King's Park..."
"Koteswara","India","Standard Double Room","2 nights ·","January 2023","Couple","Reviewed: 27 January 2023","for bimeteric","good looking","no comments","Hotel response:","Dear Mr Koteswara, 
Greetings from The King's Park..."
"Johnyj","United Arab Emirates","Superior Single Room","1 night ·","January 2023","Group","Reviewed: 22 January 2023","Superb","Clean property at a good location with fast food joints and discos around. In room dining kitchen is awesome..do not go to 4th floor restaurant.","","",""
"Vishal","India","Standard Double Room","1 night ·","January 2023","Solo traveller","Reviewed: 19 January 2023","Exceptional","Room and bathroom is clean! Good place to stay","","",""
"Harmanpreet","India","2 nights ·","Group","January 2023","Standard Twin Room","Reviewed: 6 January 2023","excell","the staff was really friendly and the cleanliness","nothing","Hotel response:","Dear Mr Harmanpreet, 
Greetings from The King's Park..."
"Krishna","India","Superior Single Room","1 night ·","November 2022","Solo traveller","Reviewed: 24 November 2022","pleasant","well maintained and proximity to the us consulate","breakfast menu could have been better","Hotel response:","Dear Krishna,  
Greetings from The Kings Park Grand! 
It..."
"Seemantini","India","Standard Double Room","1 night ·","November 2022","Couple","Reviewed: 6 November 2022","comfortable, clean and courteous","location near visa office","","",""
"","","","","","","","","","","",""
"","","","","","","","","","","",""
"Balajee","Singapore","2 nights ·","Family","October 2022","Standard Twin Room","Reviewed: 25 October 2022","Superb","courteous staff","food options","",""
"Saivani","United States","1 night ·","Family","October 2022","Family Suite","Reviewed: 21 October 2022","great place to stay","we stayed in family suite . it was very nice and relaxing. food is great","need complimentary breakfast inclusive","",""
"Budhadiya","India","Standard Double Room","2 nights ·","October 2022","Family","Reviewed: 5 October 2022","Superb","Although the stay was for 2 days, drinking water was provided only for one day. After which we had to pay Rs. 105 for two 1 lt bottle. That was a bit odd.","","",""
"Philip","United States","Standard Double Room","3 nights ·","September 2022","Couple","Reviewed: 1 October 2022","Exceptional","Friendly staff. Cleanliness","","Hotel response:","Dear Philip, thank you for the great review of our hotel!..."
"Vachaspathi","United States","Standard Double Room","1 night ·","August 2022","Couple","Reviewed: 15 August 2022","excellent stay","clean and attentive","everything was good","Hotel response:","Dear Vachaspathi, thank you for the great review of our..."
"Sarvésh","India","Standard Double Room","1 night ·","July 2022","Solo traveller","Reviewed: 9 August 2022","Superb","Hotel was nice. Good breakfast. awesome location for both vi and ofc appointments. Good service as well","My room had dust in cupboard, in bathroom, door of bathroom. by the look of it recent furniture work or something was done and dusting wasn't done properly.","Hotel response:","Dear Sarvesh, Thank you for taking the time to review our..."
"Hasanul","India","Superior Single Room","1 night ·","July 2022","Family","Reviewed: 5 August 2022","Exceptional","Poor quality toiletries","","Hotel response:","Dear Hasanul, Thank you for taking the time to review our..."
"Hema","India","Standard Double Room","1 night ·","August 2022","Family","Reviewed: 2 August 2022","Comfortable space, with clean rooms.","Friendly staff at desk. Clean rooms and linen. Bathroom was also good sized and clean. Toiletries also provided. Good location to US consulate.","In room coffee could not use as cups were not provided. 
Room size was a tad bit smaller than ideal, making it a wee bit cramped.","Hotel response:","Dear Hema, thank you for the great review of our hotel!..."
"Jairaj","India","Standard Double Room","3 nights ·","July 2022","Family","Reviewed: 28 July 2022","Exceptional","Best location.

Very helpful staff.

Ideal for people traveling for visa interview.","","Hotel response:","Dear Mr Jairaj, Thank you for the great review of our..."
"Satya","India","Standard Double Room","2 nights ·","July 2022","Family","Reviewed: 16 July 2022","I recommend staying at this place really loved the maintenance and food.","Very clean, good staff and good room service. The complimentary breakfast and the restaurant food in the hotel tasted good. Availability of hot water 24/7","Wi-Fi streaming a couple of times had lots of buffering. The room and service is very good but the price for the space of room is bit on high end(My opinion).","Hotel response:","Dear Mr Satya Vamsi, Thank you for the great review of..."
"","","","","","","","","","","",""
"","","","","","","","","","","",""
"Ranjit","India","Standard Double Room","1 night ·","July 2022","Family","Reviewed: 14 July 2022","Exceptional","So safe ,so comfortable, so good staff excellent food 😇","","Hotel response:","Dear Mr Ranjit, Thank you for the great review of our..."
"Goswami","India","Superior Single Room","2 nights ·","July 2022","Solo traveller","Reviewed: 10 July 2022","pricise and valur for money","cleanliness and staff behaviour","","Hotel response:","Dear Mr Goswami, Thank you for the great review of our..."
"Aditya","India","2 nights ·","Family","June 2022","Deluxe Double Room","Reviewed: 25 June 2022","A great place to stay near Gemini Flyover","It's a new hotel and the amenities are fantastic. It's clean and in a prime location that was close to the US Consulate. The staff was very accomodating with last minute room changes due to a personal emergency. Room service was great too!","They didn't have a dine in option for lunch or dinner but that is still under construction. The breakfast spread was good could also be improved.","Hotel response:","Dear Mr Aditya, Thank you for the great review of our..."
"Sai","India","2 nights ·","Family","June 2022","Deluxe Double Room","Reviewed: 17 June 2022","Superb","No basic toiletries and bucket in the bathroom","","Hotel response:","Dear Sai Manojna, Thank you for taking the time to review..."
"Steve","India","Standard Double Room","1 night ·","June 2022","Solo traveller","Reviewed: 4 June 2022","Exceptional","On a business trip and had to stay over for a night. Excellent value. highly recommended for business travel.","","Hotel response:","Dear Mr Steve , Thank you for the great review of our..."
"Narendhar","India","Standard Double Room","1 night ·","June 2022","Family","Reviewed: 3 June 2022","Exceptional","Excellent stay at convenient price! Rooms are premium , clean and well maintained.","","",""
"Varun","United States","Superior Single Room","1 night ·","May 2022","Solo traveller","Reviewed: 1 June 2022","10 min walk to US Biometric in Chennai and comfortable stay","Booked it specifically since it was closer to US OFC in Chennai. Stay was pleasant and paid breakfast was delicious.","","Hotel response:","Dear Mr Varun Sharma, Thank you for the great review of..."
"Prabhu","India","1 night ·","Group","May 2022","Standard Twin Room","Reviewed: 21 May 2022","Exceptional","clean and well maintained. staffs were helpful","","Hotel response:","Dear Mr Prabhu, Thank you for the great review of our..."
"Balakrishnan","India","Superior Single Room","3 nights ·","May 2022","Solo traveller","Reviewed: 17 May 2022","Exceptional","Excellent location","No Gym","Hotel response:","Dear Mr Balakrishnan, Thank you for the great review of..."
"Sarat","India","Superior Single Room","2 nights ·","April 2022","Solo traveller","Reviewed: 16 April 2022","Comfortable stay","It was a comfortable stay. Staff are polite. Everything was clean.","","Hotel response:","Dear Sarat, Thank you for the great review of our hotel!..."
"","","","","","","","","","","",""
"","","","","","","","","","","",""
"Hema","India","1 night ·","Solo traveller","March 2022","Standard Twin Room","Reviewed: 7 March 2022","Our Stay, though only for a day, was very comfortable.","This hotel has just opened a couple of weeks back; the staff were absolutely customer friendly and served us (my wife and me) with speed and courtesy.

I will recommend this hotel for business as well as pleasure travellers","","Hotel response:","Dear Ms Hema, Thank you for the great review of our..."
"Jerrin","United Arab Emirates","Superior Single Room","1 night ·","March 2022","Solo traveller","Reviewed: 3 March 2022","Exceptional","Flexibility of stay. Clean rooms, ac, bed","","Hotel response:","Dear Jerrin, Thank you for the great review of our hotel!..."
"James","India","1 night ·","Solo traveller","April 2024","Standard Twin Room","Reviewed: 2 April 2024","Very poor","Poor","","",""
"Madhusudana","India","Standard Double Room","1 night ·","January 2024","Couple","Reviewed: 8 January 2024","Staff very helpful. All staff members including security staff","It was good","South Indian food","",""
"Asif","United Arab Emirates","5 nights ·","Family","January 2024","Deluxe Double Room","Reviewed: 2 January 2024","Poor","The only good feature about this hotel is it's location.","Many things. Hated the discotheque at the hotel, very loud and persistent till wee hours of the morning. They don't clean the room everyday. I stayed at this hotel for 5nights and they cleaned twice upon persistently bothering them. The towels they provide should have been disposed a year back.","",""
"Musham","India","Standard Double Room","1 night ·","December 2023","Family","Reviewed: 16 December 2023","Superb","The food price are high and quantity is very less","","",""
"Ramasharma","United States","6 nights ·","Couple","August 2023","Family Suite","Reviewed: 23 August 2023","Excellent stay","Clean and compact - yet reasonable pricing.","Busy area","Hotel response:","Dear Mr Ramasharma, 
Greetings from The Kings Park..."
"Jatin","India","Standard Double Room","1 night ·","July 2023","Family","Reviewed: 29 July 2023","","This review has been hidden because it doesn't meet our guidelines.","","",""
"Anand","India","Superior Single Room","1 night ·","April 2023","Solo traveller","Reviewed: 21 April 2023","Passable","Hotel property was very good. But breakfast counter was not maintained properly. Also direct clients got complimentary breakfast for the same price whereas we had to pay extra for that. Better go direct from next time.","","",""
"Divya","United States","Standard Double Room","2 nights ·","February 2023","Family","Reviewed: 22 March 2023","I would recommend this hotel only because of its vicinity to the US VAC.","The lady at the reception had a very poor professional attitude which really spoiled our stay.","","",""
"","","","","","","","","","","",""
"","","","","","","","","","","",""
"Jyoti","India","Standard Double Room","1 night ·","March 2023","Family","Reviewed: 14 March 2023","The overall stay was good...","The rooms were comfortable and dine in service was also good.","The ""receptionists""  at the time of my arrival were not resourceful. 
The basic gesture of smiling while receiving guests would make them feel invited. I hope they would improve that as well.
Except receptionists all the other staff, including security, hotel porter, cleaning and dine in staff were good.","",""
"Sreekanth","United States","1 night ·","Family","March 2023","Standard Twin Room","Reviewed: 13 March 2023","good but staff is very rude","yes","staff is very rude","",""
"Nimesha","Germany","Standard Double Room","3 nights ·","September 2022","Solo traveller","Reviewed: 15 September 2022","Affordable comfortable and convenient stay","Close to US visa consulate which is why I had booked the place. But in general the hotel is great! Breakfast is nice. Hotel rooms are clean and well equipped (especially liked their strong showers). Our TV had already connected accounts of Netflix and Amazon which was nice because we didn’t have to login to ours and later disconnect. For the price you pay, you get almost everything. We enjoyed our stay thoroughly","The room was a bit small but we took the most basic room so it’s not the hotels fault.","",""
"Rahamatulla","India","Superior Single Room","1 night ·","September 2022","Family","Reviewed: 6 September 2022","Superb","Day one breakfast missed.But day two was sumptuous. Located at convenient place.","","Hotel response:","Dear Rahamathulla Khan, thank you for the great review of..."
"Shashank","India","Superior Single Room","1 night ·","August 2022","Family","Reviewed: 17 August 2022","Superb","Liked the location. It's 5 mins walk to the US embassy. Also many restaurants nearby","","Hotel response:","Dear Shashank, thank you for the great review of our..."
"Prakash","India","Superior Single Room","1 night ·","April 2022","Solo traveller","Reviewed: 12 April 2022","lack of clarity to client","cleanliness was good and location of the property","The extra charges of Rs 999 is charged for no reason and i was compelled to pay in the early morning at 3 AM.
 While accepting the booking it was not mentioned on booking.com and never informed to us","Hotel response:","Dear Mr Prakash, Thank you for taking the time to review..."
"Arockia","India","1 night ·","Family","January 2024","Deluxe Double Room","Reviewed: 14 February 2024","Okay comfort overall - but dust, dust everywhere dust from floor to ceiling dust  LEARN HOW TO clean","Location was very convenient for US Consulate VISA interview.","Size of the ROOM is very very small
Cleanliness of the bathroom was very bad - clean thoroughly in the shower room area - bend over and look around for corner dirt and CLEAN the bloody dirty floor with MOP.
Clean the DUST on the bedroom wall, on and under the table, on the TV - basic cleaning is absolutely required - cutting corners and LAZINESS is no good.","",""
"Ayush","India","1 night ·","Solo traveller","February 2024","Deluxe Double Room","Reviewed: 1 February 2024","Overpriced stay","Not friendly staff, rooms are overpriced for the money charged. Sub-par breakfast and poor room service. 
Asked them to get my swiggy food order delievered to room or allow the person to deliver, but they refused and asked me to get down. What's the point of hotel if no room service? Had to order from swiggy because their food quality wasn't great. Sorry for bad review but if you charge like a 4/5 star, then you ought to provide comfort.","Not friendly staff, rooms are overpriced for the money charged. Sub-par breakfast and poor room service. 
Asked them to get my swiggy food order delievered to room or allow the person to deliver, but they refused and asked me to get down. What's the point of hotel if no room service? Had to order from swiggy because their food quality wasn't great. Sorry for bad review but if you charge like a 4/5 star, then you ought to provide comfort.","",""
"Lalitha","Canada","Superior Single Room","1 night ·","December 2023","Solo traveller","Reviewed: 18 December 2023","Rather a disappointing experience for the cost","The room seemed clean enough. Smaller than expected. Service to room was reasonably quick","The cost outweighs what was offered. Definitely not worth the price. Not great views. Indifferent staff and money hungry reception. Solo female might feel awkward.","",""
"Vasudeva","India","2 nights ·","Family","October 2023","Deluxe Double Room","Reviewed: 5 November 2023","Poor","Staff is not at all supportive, basic water bottles also they have not provided on timely manner","","",""
"","","","","","","","","","","",""
"","","","","","","","","","","",""
"Sanggari","Singapore","3 nights ·","Family","June 2023","Standard Twin Room","Reviewed: 14 September 2023","It was slightly below average ok.","It could've been cheaper for what I was offered.","Breakfast was pretty basic with simple south Indian meals. There wasn't a large array either, just thosai, idli, and omelette.
The smell wasn't necessarily unpleasant, but stale. Layout of the rooms can be improved upon. Front desk staff were a little disorganised and confused at times. Room service was slow, or non existent.","",""
"Indu","India","3 nights ·","Family","September 2023","Standard Twin Room","Reviewed: 5 September 2023","Can choose just for the location for US consulate. It is NOT walkable distance though.","Location . 
Staff were friendly.","Bathroom towels were not provided and the ones that we finally got were dirty. No coffee or tea or hot water. had to call reception several times for all of these. The restaurant food is expensive . Breakfast menu had several items but many of the items that we ordered were not delivered. They didn't even had eggs . There is a bar attached to the hotel and by evening drunk people surround the front area of the hotel and the staff doesn't do anything about loud and unruly guys wandering around making disturbance to the guests.So family people beware.","",""
"Vp","India","2 nights ·","Solo traveller","July 2023","Standard Twin Room","Reviewed: 26 July 2023","It was not pleasant","Space and staffs were ok","AC was not working properly in the night. There were cockroaches in the bathroom","",""
"Manikandan","India","2 nights ·","Family","July 2023","Family Suite","Reviewed: 13 July 2023","Poor","INSPITE OF GIVEN OUR GST NO , FRONT DESK GUY TOLD CANNOT  GIVE GST BILL TO THE ME.  BUT BOOKING CLAIMING INPUT TAX.   CHEATING......","","",""
"Chirag","India","King Room","1 night ·","January 2023","Couple","Reviewed: 10 January 2023","Poor","The hotel has a club which plays music till 2 am and I could not sleep till that time.","","Hotel response:","Dear Mr. Chirag K, 
Greetings from The Kings Park Grand!..."
"Surendran","Malaysia","4 nights ·","Family","December 2022","Standard Twin Room","Reviewed: 25 December 2022","Very poor","Nothing","Everything. Rooms are damm small, linen are dirty, acon sucks, full of mosquito","Hotel response:","Dear Mr. Surendran, 
Greetings from The Kings Park Grand!..."
"Jiss","United States","2 nights ·","Family","December 2022","Standard Twin Room","Reviewed: 22 December 2022","Not terrible, not great!","Decent enough","Worst service!","",""
"Syriac","United States","Standard Double Room","13 nights ·","October 2022","Solo traveller","Reviewed: 31 October 2022","Passable","Dining area and Food was good . Staves were clean and courteous, take extra effort to help you.
Good hot water supplies.  western toiletries when requested","Very poor Linens and Dirty towels, and no good Laundry, no Iron box,or Hair drier. Staff  - do not speak English well.
The dirty Laundry is collected and kept on the end of each floor giving bad odor whole day, their nose may be desensitized, but your nose can sense until you get desensitized,
Hope they will learn and improve.","Hotel response:","Dear Syriac, Thank you for taking the time to review our..."
"Singh","India","Standard Double Room","2 nights ·","September 2022","Family","Reviewed: 12 September 2022","Passable","Location was close to where I had regular visits","Very small room, maybe a couple of feet except the bed. Very poor room service and exorbitant food and beverages prices. Very basic breakfast spread.","",""
"Syed","Singapore","1 night ·","Family","September 2022","Standard Twin Room","Reviewed: 5 September 2022","Passable","The staff were friendly","There was renovation works ongoing at the 4th floor and it was disturbing.

The rooms are not soundproof. Could here noise from other rooms","Hotel response:","Dear Syed, Thank you for taking the time to review our..."
"","","","","","","","","","","",""
"","","","","","","","","","","",""
"Mathew","India","Superior Single Room","3 nights ·","June 2022","Solo traveller","Reviewed: 10 July 2022","Regretful","Nothing","The breakfast was in one word LOUSY & PATHETIC. The staff untrained and unprofessional.","Hotel response:","Dear Mr Mathew, Thank you for taking the time to review..."
"Akhil","India","King Room","4 nights ·","April 2022","Solo traveller","Reviewed: 13 June 2022","Passable","Was a clean stay at a central location","Place was not as shown on photos, receptionist was rude and not helpful when I wanted to extend the room for a day. Mattress was saggy and uncomfortable. Facilities and amenities were not as expected.","Hotel response:","Dear Mr Akhil, Thank you for taking the time to review..."
"Sairam","India","Superior Single Room","2 nights ·","June 2022","Solo traveller","Reviewed: 9 June 2022","Bad staff.","Nothing went well. Only the waiters were polite. They responded quickly that the receptionists.","Staff were irresponsible and wastes time. There is a rat in my room. They changed the room after 3 hours of contacting them repeatedly. Even after calling them repeatedly response was bad and they were manupulating me instead.","Hotel response:","Dear Mr Sairam, Thank you for taking the time to review..."
"Deepa","India","1 night ·","Family","May 2022","Family Suite","Reviewed: 12 May 2022","2 star quality hotel for the price of a 5 star.","Nothing","2 star quality hotel for the price of a 5 star.","Hotel response:","Dear Ms Deepa, Thank you for taking the time to review..."
"Gokul","India","Superior Single Room","1 night ·","March 2024","Solo traveller","Reviewed: 12 March 2024","just wanted to get out","creepy, smelly place","","",""
"Shobha","India","4 nights ·","Family","February 2024","Junior Suite","Reviewed: 8 February 2024","Rooms were filthy, staff was rude, receptionist were non helpful and the rooms were leaking and rat","Nothing to like in that garbage dump","Everything","",""
"M","India","2 nights ·","Couple","February 2024","Deluxe Double Room","Reviewed: 7 February 2024","No value for money. Not worth of 25% of the amount charged.","Location of the property is very close to consulate. This is the only plus point","House keeping is very bad. Staffs even don’t know what they hv to do . Not clean. Bed sheets are changed only after our request. No drinking water. No towels provided . Not even worth of 25% of the cost charged.","",""
"Apurva","India","1 night ·","Family","November 2023","Standard Twin Room","Reviewed: 22 November 2023","Mediocre","Liked the location of the hotel as it is close to US consulate and VAC.","I was very disappointed during my stay @ King's park. It's more appropriate to say ""Mediocre park"". 
Staff there are least bothered about the Customer service or satisfaction. Ceiling covered with black fungus. Rooms are unclean with stained Lenin. AC stopped working in the middle of the night. They are least bothered to maintain the property or service standards. 
I had stayed in the same hotel 1 yr back and had a good experience, but the standards have come down drastically and are very disappointing. 
Also its over priced and not worth it. 
I won't be booking that place again nor will I recommend.","",""
"Guru","United States","Superior Single Room","1 night ·","November 2023","Solo traveller","Reviewed: 20 November 2023","Highly avoidable  - can stay only if needed for a few hours before your appointment","Location is perfect if you have to go for US visa biometric or consulate - not good for anything else","Staff are not friendly - looked like they would rather be elsewhere than at the frontdesk...room seems dated and the bedsheet covers although clean were old and frazzled. AC stopped working in the middle of the night and water was luke warm/cold in the shower","",""
"Nirmalthaliyil","India","Superior Single Room","1 night ·","October 2023","Solo traveller","Reviewed: 4 October 2023","Bad","Nothing
 The room was very small. Not worth the money spend","Hotel staff call in the morning and ask to checkout at 11. Very bad hospitality. They should have called after 11 and ask customers to check out not in the early morning.","",""
"","","","","","","","","","","",""
"","","","","","","","","","","",""
"Mounika","India","3 nights ·","Family","September 2023","Standard Twin Room","Reviewed: 21 September 2023","The room was dirty and small, We didnot stay at the property we left within 10 minutes of checking i","No Likes","The room was dirty and small, We didnot stay at the property we left within 10 minutes of checking in. They charged us full and rudely asked us to leave and did not give us the refund.

They threatened Booking.com customer care rep while I was on call and we were asked to leave and they took full payment.

This is a bullying and rowdy behavior","",""
"Sree","India","4 nights ·","Family","September 2023","Deluxe Double Room","Reviewed: 13 September 2023","Bad","The most worst house keeping ever seen any where","","",""
"Maztrix4136","Canada","2 nights ·","Family","August 2023","Family Suite","Reviewed: 14 August 2023","Bad","I don't think there's anything I liked in this place except for the food.","Where do I even begin.. Our check-in was at 3 pm, but we reached the hotel at 8 pm (flight landed at 7 pm). As such, we were tired from the journey, and when we reached the room, there was a foul smell (very bad odor) coming from the ensuite bathroom. The maintenance guys arrived, and they were able to address the issue (it was only a temp fix). We even asked for room change, and they only had availability on the 1st floor (next to the pub with super loud music). The next day, we left at 9 am and returned to the hotel at 4.30 pm. To our surprise, it's the same foul stinking smell again, and this time, I lost it. We got fresh and left the hotel while they fix for the 2nd time. After returning to the hotel at night, it's the same foul smell again, and the reception has no courtesy to neither refund in full or partial nor change the rooms and provide a new. We were forced to stay in this hotel because we were forced to stay in the hotel. I have traveled to over 40 countries, but never such a pathetic service or stay. I'd never recommend this hotel. A BIG FAT NO-GO TO THIS HOTEL... THEY ARE SCAMMERS TRYING TO LOOT.","",""
"Deepak","India","1 night ·","Family","July 2023","Standard Twin Room","Reviewed: 11 July 2023","Bad","Location","Small room, not cleaned. Defective ac to overprized","Hotel response:","Dear Mr Deepak, 
Greetings from The Kings Park Grand!!!..."
"Imran","India","1 night ·","Family","June 2023","Junior Suite","Reviewed: 18 June 2023","room wasn’t clean properly I found some used face masks near the bed and some hairs on floor and also there is no toilet","Located on good property","cleanliness and hygiene and service","Hotel response:","Dear Mr Imran Basheer,
Greetings from The King's Park..."
"Dhaval","India","1 night ·","Group","May 2023","Standard Twin Room","Reviewed: 22 May 2023","Poor","location is good","The rooms are very small and it was stinking at midnight. The cooling was not good. Not at all value for money","Hotel response:","Sorry for the inconvenience sir and thanks for the review..."
"Venkateshan","India","Superior Single Room","1 night ·","April 2023","Solo traveller","Reviewed: 6 April 2023","NOT GOOD EXPERIENCE","FULL OF NOISE & MUSIC","","",""
"Surendran","Malaysia","1 night ·","Family","December 2022","Standard Twin Room","Reviewed: 25 December 2022","Hotels not to basic expectation.","Nothing to like.","The linen and towel are not clean. Have stains. The staff are not much of help. Everything they expect money. The lobby was dark and hot
. The breakfast not worth at all.","Hotel response:","Dear Mr. Surendran, 
Greetings from The Kings Park Grand!..."
"John","India","Standard Double Room","3 nights ·","November 2022","Family","Reviewed: 24 November 2022","Very poor","The location of the hotel is very nice , and the ambiance of the hotel is amazing .the rooms are spacious","I have booked a room for 3 nights i have stayed in many hotels but I never had a bad experience like this anywhere, The front desk staff are very irresponsible, The second day of my stay i called the front desk and requested for clean towels and a water bottle,they said will send it right a way but till my last day stay i haven't recieved water bottle and clean towel as well and i was very thirsty and hungry i called up the room service and ordered for Ceaser salad and water bottle in a chargeable basis and i was waiting for my order for almost an 1hour then i rushed to the front desk and ask the staff is there any problem with the service why am I not getting proper service so and so and i explained everything what iam going through at the same time again i request for the clean towels front desk staff said he will send it,i told him clearly we are checking out in the early morning we need clean towels please,,,,till my check out time i didn't recieve any towels and water bottles and on my second day i ask to clean the room they said ok we will clean it that also not done ,,,so here the hospitality is failed to do their job ,i was really disappointed with the management,,i suggest to hold some good professional staff's so the hotel will make a good revenue and good brand name ,please try to behave like a hospitality professional
I feel like it's not worth enough to charge so much  for this hotel .
I will never ever visit this place again and i don't suggest it to anyone too..","Hotel response:","Dear Mr.John Jijo,  
Greetings from The Kings Park..."
"Dr","India","2 nights ·","Group","October 2022","Standard Twin Room","Reviewed: 9 October 2022","Nightmare","Nothing","Very bad staff and had a tough check in and  out experience where staff denied the bill and ask me to collect from booking.com it tools my 40min of valuable time to come out from this mess","Hotel response:","Dear Dr Aneesh, Thank you for taking the time to review..."
"","","","","","","","","","","",""
"","","","","","","","","","","",""
"Vetrivel","United Arab Emirates","Standard Double Room","2 nights ·","September 2022","Solo traveller","Reviewed: 22 September 2022","USELESS hotel","Great location. The hotel is a new hotel hence its neatly maintained.","Useless arrogant staff who dont know what is hospitality. The Rude lady in the reception does not look like receptionist. Looks like they keep security staff in reception. For booking.com customers check out time is 11:00AM and no extended check out available for booking.com customers. This is the rude lady comments.
Wifi was not working for 1 whole day in my 2 night stay. initially they told my system was having a problem. But i proved its not my system problem your Wifi problem. Then they identified but took long time to correct the same.
Overall this hotel is not suitable for Business / Work related travel.
The Breakfast is pathetic, Idly is a famous food in tamilnadu but sad part is they served worst idlis i never took any where in TN. All the food items looks like its prepared at 4:00AM and serve for 8:00AM. I never write any reviews mostly, here i am writing to alert my fellow business travellers","Hotel response:","Dear Mr Vetrivel, Thank you for taking the time to review..."
"Vibhu","United States","1 night ·","Solo traveller","September 2022","Standard Twin Room","Reviewed: 17 September 2022","Good hotel but horrible management and staff","The hotel has great rooms and a modern setting.","This is a property with good facilities but it is being thoroughly mismanaged. The front desk staff was lazy and unprofessional. He didn’t give us any information about the services like Wi-Fi, breakfast, room service etc. If you do end up booking this hotel, here are a few tips that I had to research to find out: Dial 9 for the front desk, 777 for room service, 555 for ordering drinks to the room. The tv will not turn on when you enter the room. That’s because the switch to the tv and set top box is hidden cleverly beneath the bedside lamp in the opposite corner of the room. 🤦🏻‍♂️","Hotel response:","Dear Mr Vibhu, Thank you for taking the time to review..."
"Shyam","India","4 nights ·","Family","June 2022","Standard Twin Room","Reviewed: 17 June 2022","Poor","No restaurant.No refrigerator in room.alotted rooms for the same family in different floors.","","Hotel response:","Dear Mr Shyam Santosh, Thank you for taking the time to..."
"Anonymous","Qatar","3 nights ·","Family","October 2023","Standard Twin Room","Reviewed: 27 October 2023","Good","Charges are fairly high compared to other hotel
.","","",""
"Anonymous","India","1 night ·","Solo traveller","June 2022","Standard Twin Room","Reviewed: 22 June 2022","Overall great stay! Hotel is well maintained, service is good and the rooms are clean!","clean and well maintained","I think in general few more amenities like a hand towel rack, the bath towel rack needs to be places in the shower area and a bathroom mat is required. this is just feedback","Hotel response:","Dear Guest, Thank you for the great review of our hotel!..."
"Anonymous","India","Superior Single Room","1 night ·","February 2023","Solo traveller","Reviewed: 15 February 2023","Most scary night of my life","Location","Extremely scary and spooky night of my life. Absolutely unsafe for women. Complete lack of security. I was staying alone. 1.45 am in the morning, someone rings the door bell. In next few seconds I see a man opening my door and standing there staring at me. I screamed in fear and shock. When I called reception, they said the guy was a from housekeeping and opened my door using his MasterCard, by mistake. About an hour later, another guy rings my doorbell to deliver matchbox which I never asked for. Petrified and feeling extremely unsafe I requested for a room change which the receptionist obliged. Stayed awake the entire night in fear. In the morning at 8.45 a.m, a female receptionist calls to inform check out time is 11 a.m and any extra time is chargeable. She was fully aware of the previous night’s incident. These people are rude, unkind and don’t deserve to be hospitality industry. Will never, ever recommend this place to any female traveller.
Shocked that booking.com rates such unsafe properties with 8+ scores.","",""
"Enrique","Uruguay","Standard Double Room","2 nights ·","September 2022","Solo traveller","Reviewed: 3 September 2022","Mala elección","la amabilidad del personal","la ubicación , el desayuno pésimo para un turista internacional","Hotel response:","Dear Guest, thank you for the great review of our hotel!..."
"Miho","Japan","1 night ·","Couple","December 2022","Standard Twin Room","Reviewed: 31 December 2022","また利用したいです","部屋は狭いですが、物凄く綺麗で快適でした","特になし","Hotel response:","Dear Miho, 
Greetings from The King's Park..."
"Vinoj","Germany","Standard Double Room","4 nights ·","March 2022","Couple","Reviewed: 15 March 2022","Super, Top Zimmer, Top Lage","das Zimmer, das Personal und die Erreichbarkeit für die Mobilität","es gab nicht auszusetzen","Hotel response:","Dear Guest, Thank you for the great review of our hotel!..."
"Ninan","India","4 nights ·","Family","September 2023","Deluxe Double Room","Reviewed: 24 September 2023","Very good","There are no comments available for this review","","",""
"","","","","","","","","","","",""
"","","","","","","","","","","",""
"Mahanand","India","1 night ·","Family","August 2023","Deluxe Double Room","Reviewed: 9 August 2023","Very good","There are no comments available for this review","","",""
"Venkata","United States","2 nights ·","Couple","June 2023","Deluxe Double Room","Reviewed: 5 July 2023","Good","There are no comments available for this review","","",""
"Santhosh","India","Standard Double Room","1 night ·","June 2023","Group","Reviewed: 13 June 2023","Very good","There are no comments available for this review","","",""
"Maheshg23","United States","Standard Double Room","1 night ·","March 2023","Couple","Reviewed: 25 March 2023","Very good","There are no comments available for this review","","",""
"Swanand","India","Standard Double Room","2 nights ·","March 2023","Group","Reviewed: 23 March 2023","Good","There are no comments available for this review","","",""
"Rubi🫰","Singapore","3 nights ·","Family","December 2022","Standard Twin Room","Reviewed: 22 January 2023","Good","There are no comments available for this review","","",""
"Ramachandra","Netherlands","Standard Double Room","2 nights ·","December 2022","Couple","Reviewed: 1 January 2023","Very good","There are no comments available for this review","","",""
"Shah","India","Standard Double Room","3 nights ·","December 2022","Couple","Reviewed: 17 December 2022","Good","There are no comments available for this review","","",""
"Andrew","India","Superior Single Room","2 nights ·","November 2022","Solo traveller","Reviewed: 16 November 2022","Good","There are no comments available for this review","","",""
"Sanjoti","United States","Standard Double Room","3 nights ·","October 2022","Solo traveller","Reviewed: 20 October 2022","Very good","There are no comments available for this review","","",""
"","","","","","","","","","","",""
"","","","","","","","","","","",""
"Sandeep","India","Standard Double Room","1 night ·","September 2022","Solo traveller","Reviewed: 26 September 2022","Very good","There are no comments available for this review","","",""
"Souradeep","India","Superior Single Room","2 nights ·","September 2022","Solo traveller","Reviewed: 25 September 2022","Very good","There are no comments available for this review","","",""
"Sagar","India","1 night ·","Couple","September 2022","Deluxe Double Room","Reviewed: 7 September 2022","Good","There are no comments available for this review","","",""
"Promilla","India","Standard Double Room","1 night ·","July 2022","Family","Reviewed: 26 August 2022","Very good","There are no comments available for this review","","",""
"Zainab","India","Standard Double Room","1 night ·","August 2022","Family","Reviewed: 25 August 2022","Good","There are no comments available for this review","","",""
"Vaishnavi","India","Standard Double Room","2 nights ·","June 2022","Solo traveller","Reviewed: 7 June 2022","Very good","There are no comments available for this review","","",""
"Janagesh","Sri Lanka","Superior Single Room","3 nights ·","April 2022","Solo traveller","Reviewed: 20 April 2022","Very good","There are no comments available for this review","","",""
"Arun","India","2 nights ·","Couple","March 2024","Deluxe Double Room","Reviewed: 4 March 2024","Very good","There are no comments available for this review","","",""
"Panda","India","2 nights ·","Family","February 2024","Deluxe Double Room","Reviewed: 17 February 2024","Pleasant","There are no comments available for this review","","",""
"Shafjeer","India","1 night ·","Family","January 2024","Standard Twin Room","Reviewed: 15 January 2024","Pleasant","There are no comments available for this review","","",""
"","","","","","","","","","","",""
"","","","","","","","","","","",""
"Kiran","India","Standard Double Room","3 nights ·","December 2023","Family","Reviewed: 5 January 2024","Very good","There are no comments available for this review","","",""
"Pramod","India","1 night ·","Couple","December 2023","Deluxe Double Room","Reviewed: 4 January 2024","Pleasant","There are no comments available for this review","","",""
"Gopalakrishna","India","2 nights ·","Family","December 2023","Standard Twin Room","Reviewed: 24 December 2023","Very good","There are no comments available for this review","","",""
"Vamsidhar","India","Standard Double Room","1 night ·","December 2023","Solo traveller","Reviewed: 20 December 2023","Very good","There are no comments available for this review","","",""
"Raju","India","Standard Double Room","1 night ·","December 2023","Family","Reviewed: 12 December 2023","Good","There are no comments available for this review","","",""
"Ramprasad","India","4 nights ·","Family","October 2023","Standard Twin Room","Reviewed: 26 October 2023","Very good","There are no comments available for this review","","",""
"Leo","United States","3 nights ·","Group","September 2023","Deluxe Double Room","Reviewed: 20 September 2023","Good","There are no comments available for this review","","",""
"Sreenath","India","Standard Double Room","3 nights ·","August 2023","Couple","Reviewed: 4 September 2023","Very good","There are no comments available for this review","","",""
"Srikanth","India","Superior Single Room","1 night ·","August 2023","Solo traveller","Reviewed: 21 August 2023","Very good","There are no comments available for this review","","",""
"Soni","India","Standard Double Room","2 nights ·","July 2023","Couple","Reviewed: 25 July 2023","Good","There are no comments available for this review","","",""
"","","","","","","","","","","",""
"","","","","","","","","","","",""
"Sanjay","Qatar","Standard Double Room","1 night ·","July 2023","Family","Reviewed: 11 July 2023","Pleasant","There are no comments available for this review","","",""
"Sowmya","India","1 night ·","Family","May 2023","Standard Twin Room","Reviewed: 3 June 2023","Good","There are no comments available for this review","","",""
"Ms","United States","3 nights ·","Solo traveller","May 2023","Deluxe Double Room","Reviewed: 9 May 2023","Good","There are no comments available for this review","","",""
"Dileep","India","Standard Double Room","1 night ·","March 2023","Couple","Reviewed: 25 April 2023","Very good","There are no comments available for this review","","",""
"Chekomasov","India","1 night ·","Couple","March 2023","Deluxe Double Room","Reviewed: 22 April 2023","Very good","There are no comments available for this review","","",""
"Munukutla","United States","Superior Single Room","1 night ·","April 2023","Solo traveller","Reviewed: 18 April 2023","Very good","There are no comments available for this review","","",""
"Hosahalli","United States","1 night ·","Group","April 2023","Standard Twin Room","Reviewed: 8 April 2023","Very good","There are no comments available for this review","","",""
"Aniruddha","India","1 night ·","Family","April 2023","Standard Twin Room","Reviewed: 3 April 2023","Thank you","There are no comments available for this review","","",""
"Vikas","India","2 nights ·","Family","March 2023","Deluxe Double Room","Reviewed: 3 April 2023","Very good","There are no comments available for this review","","",""
"Shreekant","United States","Standard Double Room","3 nights ·","February 2023","Couple","Reviewed: 16 March 2023","Good","There are no comments available for this review","","",""
"","","","","","","","","","","",""
"","","","","","","","","","","",""
"Wesley","India","1 night ·","Family","March 2023","Family Suite","Reviewed: 13 March 2023","Good","There are no comments available for this review","","",""
"George","India","Standard Double Room","2 nights ·","January 2023","Couple","Reviewed: 10 February 2023","Very good","There are no comments available for this review","","",""
"Sai","India","3 nights ·","Couple","January 2023","Deluxe Double Room","Reviewed: 26 January 2023","Very good","There are no comments available for this review","","",""
"Pranveer","United States","1 night ·","Family","January 2023","Family Suite","Reviewed: 25 January 2023","Good","There are no comments available for this review","","",""
"Michael","India","Standard Double Room","1 night ·","December 2022","Family","Reviewed: 7 January 2023","Good","There are no comments available for this review","","",""
"Krishna","United States","3 nights ·","Couple","December 2022","Standard Twin Room","Reviewed: 22 December 2022","Very good","There are no comments available for this review","","",""
"Naazma","United States","Superior Single Room","1 night ·","December 2022","Solo traveller","Reviewed: 13 December 2022","Good","There are no comments available for this review","","",""
"Ponraj","India","1 night ·","Couple","November 2022","Deluxe Double Room","Reviewed: 13 December 2022","Pleasant","There are no comments available for this review","","",""
"Anindya","United States","3 nights ·","Solo traveller","November 2022","Standard Twin Room","Reviewed: 1 December 2022","Very good","There are no comments available for this review","","",""
"Kiran","United States","3 nights ·","Solo traveller","October 2022","Standard Twin Room","Reviewed: 18 November 2022","Very good","There are no comments available for this review","","",""
"","","","","","","","","","","",""
"","","","","","","","","","","",""
"Reddamma","India","1 night ·","Family","November 2022","Standard Twin Room","Reviewed: 11 November 2022","Very good","There are no comments available for this review","","",""
"M","India","1 night ·","Family","August 2022","Deluxe Double Room","Reviewed: 4 November 2022","Very good","There are no comments available for this review","","",""
"Richards","India","1 night ·","Group","October 2022","Standard Twin Room","Reviewed: 1 November 2022","Good","There are no comments available for this review","","",""
"Dyllis","United Kingdom","Standard Double Room","2 nights ·","October 2022","Solo traveller","Reviewed: 31 October 2022","Pleasant","There are no comments available for this review","","",""
"Archana","India","Standard Double Room","2 nights ·","October 2022","Family","Reviewed: 21 October 2022","Very good","There are no comments available for this review","","",""
"Dhrubajyoti","Qatar","Standard Double Room","6 nights ·","October 2022","Family","Reviewed: 13 October 2022","Very good","There are no comments available for this review","","",""
"Biju","United Arab Emirates","1 night ·","Family","September 2022","Family Suite","Reviewed: 8 October 2022","Very good","There are no comments available for this review","","",""
"Sukhwinder","India","Standard Double Room","2 nights ·","September 2022","Family","Reviewed: 3 October 2022","Very good","There are no comments available for this review","","",""
"Narendra","United Kingdom","1 night ·","Solo traveller","September 2022","Standard Twin Room","Reviewed: 18 September 2022","Very good","There are no comments available for this review","","",""
"Kamalpreet","India","Standard Double Room","2 nights ·","September 2022","Family","Reviewed: 16 September 2022","Pleasant","There are no comments available for this review","","",""
"","","","","","","","","","","",""
"","","","","","","","","","","",""
"Aditya","United States","2 nights ·","Family","August 2022","Family Suite","Reviewed: 14 September 2022","Very good","There are no comments available for this review","","",""
"Priya","India","Standard Double Room","1 night ·","September 2022","Family","Reviewed: 7 September 2022","Very good","There are no comments available for this review","","",""
"Vijay","India","1 night ·","Couple","September 2022","Standard Twin Room","Reviewed: 6 September 2022","Very good","There are no comments available for this review","","",""
"Priya","India","Standard Double Room","1 night ·","September 2022","Family","Reviewed: 4 September 2022","Good","There are no comments available for this review","","",""
"Pooja","India","Standard Double Room","2 nights ·","July 2022","Family","Reviewed: 18 July 2022","Very good","There are no comments available for this review","","",""
"Keerthiraj","India","Standard Double Room","2 nights ·","July 2022","Solo traveller","Reviewed: 18 July 2022","Good","There are no comments available for this review","","",""
"Priya","India","1 night ·","Family","June 2022","Standard Twin Room","Reviewed: 13 July 2022","Very good","There are no comments available for this review","","",""
"Praveen","India","Standard Double Room","2 nights ·","June 2022","Solo traveller","Reviewed: 22 June 2022","Very good","There are no comments available for this review","","",""
"Ponnachan","India","2 nights ·","Family","June 2022","Standard Twin Room","Reviewed: 15 June 2022","Good","There are no comments available for this review","","",""
"Verkode","India","1 night ·","Family","June 2022","Standard Twin Room","Reviewed: 12 June 2022","Very good","There are no comments available for this review","","",""
"","","","","","","","","","","",""
"","","","","","","","","","","",""