"a3332d346a","afac1f68d9","abf093bdfe","abf093bdfe 2","abf093bdfe 3","abf093bdfe 4","abf093bdfe 5","f6431b446c","a53cbfa6de","a3332d346a 2","a53cbfa6de 2","a53cbfa6de 3"
"Palvannanathan","United States","Executive Room","2 nights ·","March 2023","Couple","Reviewed: 5 March 2023","Fantastic","Great location, excellent service","Hotel response:","Dear Mr.Palvannanathan,

Thank you so much for taking the...",""
"Gunaratnam","United Kingdom","Superior Room","1 night ·","March 2024","Family","Reviewed: 13 March 2024","Very good","Genuinely loved staying in this hotel. Have stayed numerous times over the last 25 years. Staff are polite, rooms are comfortable and location is great!","Hotel response:","Dear Guest, 

Thank you so much for taking the time to...","Breakfast was appalling and staff lacked awareness and attention of guests needs. It was a real shame as the rest of the stay was great!"
"Venkatarathnam","India","Executive Room","2 nights ·","January 2024","Couple","Reviewed: 29 January 2024","Peaceful.","Good food, nice rooms, excellent location. Nice staff.","Hotel response:","Dear Mr.Venkatarathnam,

Thank you so much for taking the...","Pest control."
"Clement","India","Superior Panoramic Room","1 night ·","January 2024","Couple","Reviewed: 22 January 2024","The staff are good, and was close to the US Consulate which was very helpful.","Although the spread was not very big, but the live kitchen was helpful
Room was not very spacious but the outside view was ok.  They have acceded to our request for early check in and late checkout.","Hotel response:","Dear Mr.Clement,

Thank you so much for taking the time...","The room had mosquitos, which was not at all anticipated / expected and was totally disappointing."
"Supratik","India","Superior Room","3 nights ·","January 2024","Solo traveller","Reviewed: 18 January 2024","Superb","The hospitality of this hotel and the people working here are really nice. They have a nice team put together. They take care of the room and other service very nicely. They also organize good breakfast for all the guests. This was my first time visiting Chennai and got to taste so many southern breakfast food items. They also have 3 good restaurants inside, out of which I visited 2 during my stay i.e The right place and Chinese restaurant Chin Chin. Overall happy with the stay here and happy to recommend it to others for sure.","Hotel response:","Dear Mr.Supratik,

Thank you so much for taking the time...","I wish the gym could have been better as had a 3-4 day stay"
"Girish","India","Superior Room","1 night ·","September 2023","Solo traveller","Reviewed: 3 October 2023","Superb","Corner room - with windows on two sides made the room felt very spacious.","Hotel response:","Dear Mr.Girish,

Thank you so much for taking the time to...","All good."
"Moghan","Malaysia","Superior Room","2 nights ·","October 2023","Solo traveller","Reviewed: 3 October 2023","Very good","Location","Hotel response:","Dear Mr.Moghan,

Thank you so much for taking the time to...","No face tissues provided in the room."
"S_sengupta","India","Superior Room","2 nights ·","July 2023","Solo traveller","Reviewed: 15 September 2023","Superb","Breakfast and dinner buffets less elaborate than earlier. But remains a good property in a convenient location.  No (unpleasant) surprises.","Hotel response:","Dear Mr.Sengupta,

Thank you so much for taking the time...",""
"Nawodya","Sri Lanka","Superior Room","4 nights ·","June 2023","Family","Reviewed: 26 June 2023","Superb","Staff was very supportive and friendly. and the food was really good and worth the price","Hotel response:","Dear Mr.Nawodya,

Thank you so much for taking the time...","I prefer if the breakfast buffet had more international food varieties."
"Cvp","India","Superior Room","1 night ·","June 2023","Family","Reviewed: 17 June 2023","A good and comfortable stay","Staff were helpful, good service, good location, clean rooms, All facilities in the hotel are good. Enjoyed staying here. will come again to stay.","Hotel response:","Dear Guest,

Thank you so much for taking the time to...",""
"Hariram","India","Superior Room","3 nights ·","June 2023","Solo traveller","Reviewed: 14 June 2023","out of 3 nights stay 2 nights good and 1 night lousy","location, food, ambience","Hotel response:","Dear Mr.Hariram,

Thank you so much for taking the time...","staying in 2nd floor on Thursday night. loud music from the bar on 1st floor till 12 midnight disturbing sleep"
"Krishnapillai","Switzerland","Superior Room","1 night ·","April 2023","Couple","Reviewed: 27 April 2023","it was very pleasant","customer service","Hotel response:","Dear Mr.Krishnapillai,

Thank you so much for taking the...","neat"
"Shalini","Malaysia","Superior Room","2 nights ·","March 2023","Couple","Reviewed: 23 April 2023","comfortable and perfect","hospitality, breakfast and comfort","Hotel response:","Dear Ms.Shalini,

Thank you so much for taking the time...",""
"Srinivasulu","India","Superior Room","2 nights ·","March 2023","Couple","Reviewed: 29 March 2023","Excellent stay.","Room size & view perfect. Excellent spread & quality of breakfast. Cleanliness is maintained well. Location superb. All staff well mannered and very cooperative.","Hotel response:","Dear Mr.Srinivasulu,

Thank you so much for taking the...","Nothing"
"Sumitha","Malaysia","Superior Room","7 nights ·","February 2023","Solo traveller","Reviewed: 28 March 2023","would recommend this hotel to friends and family","Liked their breakfast spread as there were wide range of indian food.","Hotel response:","Dear Ms.Sumitha,

Thank you so much for taking the time...","all were good"
"Thailambal","United Kingdom","Superior Panoramic Room","12 nights ·","March 2023","Couple","Reviewed: 13 March 2023","Superb","Enjoyed the breakfast lovely service by the staff","Hotel response:","Dear Mr.Thailambal,

Thank you so much for taking the...",""
"Palaniappan","Malaysia","Superior Room","3 nights ·","March 2023","Family","Reviewed: 8 March 2023","Great experience","We enjoyed our stay at the hotel","Hotel response:","Dear Mr.Palaniappan,

Thank you so much for taking the...","Breakfast was good and great hospitality by their staff"
"Karthick","Mauritius","Superior Room","5 nights ·","March 2023","Couple","Reviewed: 3 March 2023","Very good","Location and customer service","Hotel response:","Dear Mr.Karthick,

Thank you so much for taking the time...","Cleanliness and restaurant staff behaviour requires improvement"
"Vidya","Singapore","Executive Room","9 nights ·","February 2023","Group","Reviewed: 27 February 2023","Exceptional staff","They have a great staff. Especially, the bell hop staff, the door men and the housekeeping are really good. The staff helped us to bring heavy boxes whenever I shopped for the items. I was alone by myself a few times and the staff were really kind, for example, asking whether we have eaten. The room service was quite good as well. The food is good. The breakfast buffet staff are quite attentive and makes sure we have enough food to eat. Their laundry service is very efficient as well. We get our clothes within the same day if we give in the morning or the next day morning if we give the next day.","Hotel response:","Dear Ms.Vidya,

Thank you so much for taking the time out...","The housekeeping team were late a few times when it came to cleaning. However, they still cleaned well.  The breakfast buffet was limited and ends by 10. Other than that, there were not much of a problem."
"Hariharan","United Arab Emirates","Superior Room","4 nights ·","February 2023","Couple","Reviewed: 26 February 2023","okay but not great. Can be improved to meet up to the expectation","staff in Pavillion are good. 
Food is good
toiletteries provided are good and enough","Hotel response:","Dear Mr.Hariharan,

Thank you so much for taking the time...","Room dine in needs improvement. 
Closet in wash room needs better cleaning 
WiFi"
"","","","","","","","","","","",""
"","","","","","","","","","","",""
"Shasthrika","Malaysia","Superior Room","2 nights ·","February 2023","Group","Reviewed: 21 February 2023","It was excellent","I liked everything/ it was a splendid stay. Couldn’t have asked for more . Very satisfied and the staff were all friendly and kind","Hotel response:","Dear Mrs.Shasthrika,

Thank you so much for taking the...","Breakfast spread could have been better. They lacked variety."
"Dorai","Malaysia","Superior Room","1 night ·","February 2023","Solo traveller","Reviewed: 16 February 2023","A bit dissappointing compared to previous stays.","Generally ok","Hotel response:","Dear Mr.Dorai,

Thank you so much for taking the time to...","Noise from renovation. Hot /cold faucet not working, shower not draining, toileet stained."
"Narasimhalu","Singapore","Superior Room","3 nights ·","February 2023","Couple","Reviewed: 14 February 2023","Generally good except one bad apple","Good location. Excellent duty and F&B managers. Reasonably good breakfast.   Good room service. Good house keeping.","Hotel response:","Dear Mr.Narasimhalu,

Thank you so much for taking the...","I was met by a rather unfriendly front desk staff during check in who was indifferent to her own colleagues and could not present a pleasant front to the customers"
"Natarajan","United States","Superior Room","7 nights ·","February 2023","Couple","Reviewed: 13 February 2023","excellent stay, extremely friendly staff","location, very centrally located, close to great shopping. well known hotel for a long time but still very good","Hotel response:","Dear Mr.Natarajan,

Thank you so much for taking the time...","Banging noise due to some construction.  the hotel staff was. quick to help and changed our room  and helped transfer all our stuff as well"
"Jigish","India","Superior Room","4 nights ·","February 2023","Solo traveller","Reviewed: 13 February 2023","Superb","i regularly stay here as from location point of view this is very convenient & this is best place to stay in chennai.","Hotel response:","Dear Mr.Jigish,

Thank you so much for taking the time to...","over couple of years dinner buffet is getting more pricey and they have so special benefits for in-house guest"
"Chacko","India","Superior Room","1 night ·","January 2023","Family","Reviewed: 2 February 2023","Relaxing","The breakfast was homely .
It was filling and nutritional.","Hotel response:","Dear Mr.Chacko,

Thank you so much for taking the time to...","The breakfast timing could be extended to 10am"
"Anandar","Australia","Superior Panoramic Room","3 nights ·","January 2023","Couple","Reviewed: 29 January 2023","over all okay","convenient location","Hotel response:","Dear Mr.Anandar,

Thank you so much for taking the time...","they expect cash payments cards are not working may be their network"
"Jayabalan","Malaysia","Superior Room","4 nights ·","January 2023","Couple","Reviewed: 27 January 2023","Excellant","Plenty towels in bathroom.
Excellant breakfast. 
Suggest for early morning check-outs to provide option to swap with a lunch or dinner on the prior day. For example, booked 4 days but checked out 4am; so give option to have lunch or dinner on the 3rd day. If not for all, maybe for those asking customers. NB: we are aware of the early morning packed sandwiches anyway. Many thanks.","Hotel response:","Dear Guest,

Thank you so much for taking the time to...","Suggest to ensure tissue rolls spare in the bathroom."
"Shanmuga","India","Superior Room","2 nights ·","January 2023","Couple","Reviewed: 22 January 2023","Very nice stay.","good location. good ambience in restaurants for breakfast","Hotel response:","Dear Mr.Shanmuga,

Thank you so much for taking the time...",""
"Samarjit","Kenya","Superior Panoramic Room","3 nights ·","January 2023","Solo traveller","Reviewed: 4 January 2023","Very good","Nice and comfortable stay at the Heart of the city","Hotel response:","Dear Mr.Samarjit,

Thank you so much for taking the time...",""
"","","","","","","","","","","",""
"","","","","","","","","","","",""
"Karthikeyan","India","Superior Room","1 night ·","January 2023","Couple","Reviewed: 4 January 2023","Good Hospitality⁹","Good Service,  Hotel Staff are attentive and kind to the Guests.","Hotel response:","Dear Mr.Karthikeyan,

Thank you so much for taking the...","Morning Breakfast closing time should be little flexible. Instead of preparing to close sharply at 10am,  could check out the Guest list and see if you could  alert the Guest or  extend for some time to make the Guest little more comfortable. This was my observation during my last visit when we were present at the Restaurant."
"Akansha","India","Superior Room","1 night ·","December 2022","Couple","Reviewed: 28 December 2022","Good hotel in central location","This was our last stay in Chennai. The suite was beautiful and spacious. The service staff were amicable. The other room we took was also comfortable and had all the amenities we needed. They also are arranged a taxi for the airport at a short notice.","Hotel response:","Dear Ms.Akansha,

Thank you so much for taking the time...","Could have liked a timely check-in. We had to wait for more than half an hour for the suite to be ready."
"Saurabh","India","Superior Room","4 nights ·","December 2022","Group","Reviewed: 28 December 2022","it was nice.","staff was very nice and hotel was clean .","Hotel response:","Dear Mr.Saurabh,

Thank you so much for taking the time...","the breakfast menu was almost same everyday."
"Ashokan","Singapore","Superior Room","4 nights ·","December 2022","Couple","Reviewed: 13 December 2022","The Residency chennai","Proximity to shops and restaurants.","Hotel response:","Dear Mr.Ashokan,

Thank you so much for taking the time...","Nearly made to pay two times because of carelessness of a staff. Luckily I recalled that I paid the full amount on the first day itself and another  staff found the receipt.
I take it as an honest mistake on the part of the staff and they said sorry."
"Ravi","United States","Superior Room","1 night ·","December 2022","Solo traveller","Reviewed: 12 December 2022","good value for overnight stay","Room, reception, accommodating  late checkout -","Hotel response:","Dear Mr.Ravi,

Thank you so much for taking the time to...","Crowded breakfast area, slow and difficult to access breakfast buffet"
"Eswari","Mauritius","Superior Room","1 night ·","November 2022","Family","Reviewed: 1 December 2022","Superb","Great Location ..near to center.","Hotel response:","Dear Ms.Eswari,

Thank you so much for taking the time to...","A big change in the restaurant."
"Ganeshan","Sri Lanka","Superior Panoramic Room","3 nights ·","November 2022","Solo traveller","Reviewed: 28 November 2022","Clean hotel,everything was good.Happy with the stay👍","Breakfast was very good.","Hotel response:","Dear Mr.Ganeshan,

Thank you so much for taking the time...",""
"Pathma","Sri Lanka","Superior Room","2 nights ·","November 2022","Solo traveller","Reviewed: 28 November 2022","on the whole my stay was very enjoyable with tasty meals","the friendliness and curtesy of the staff","Hotel response:","Dear Ms.Pathma,

Thank you so much for taking the time to...","crowded location."
"Stephen","India","Superior Room","1 night ·","November 2022","Couple","Reviewed: 27 November 2022","Very good","Good location, the price is more compared to the same facilities in other hotels","Hotel response:","Dear Mr.Stephen,

Thank you so much for taking the time...","Neat and clean rooms, very good breakfast spread"
"John","India","Superior Room","1 night ·","October 2022","Family","Reviewed: 26 November 2022","keep up the Good work","lovely place to stay with family clean and neat","Hotel response:","Dear Mr.John,

Thank you so much for taking the time to...","nothing"
"","","","","","","","","","","",""
"","","","","","","","","","","",""
"Mohamed","Singapore","Superior Room","6 nights ·","November 2022","Family","Reviewed: 20 November 2022","Superb","Facilities and cleanliness","Hotel response:","Dear Mr.Mohamed,

Thank you so much for taking the time...","NA"
"Jude","Canada","Superior Room","2 nights ·","October 2022","Solo traveller","Reviewed: 7 November 2022","Over all Good. quiet and nice stay.","Good location, Food is good. Staffs are polite and kind. Very helping in nature from Front desk to cleaning.","Hotel response:","Dear Mr.Jude,

Thank you so much for taking the time to...","N/A"
"Vebin","India","Superior Room","1 night ·","September 2022","Family","Reviewed: 13 October 2022","Superb","A nice hotel with excellent staffs and best location. Almost centre of the city, rooms were a little cramped but decent size as compared to other hotels. I did not have any regrets or we'd nd thoughts about this one. Value for money and worth the stay.","Hotel response:","Dear Mr.Vebin,

Thank you so much for taking the time to...",""
"Shilpa","India","Superior Room","2 nights ·","September 2022","Group","Reviewed: 22 September 2022","Very good","you should provide steam iron and table in room
slipper should be provided.
while booking online it does not reflect that one has to pay extra for guests if there ois more than 1 guest. Generally 2 bed or double bed room accompdate 2 person minimum without any extra charge for the second person. But at the Residency, they are charging extra for Second person which is not viable. Kindly check with policy and make changes as per needed.","Hotel response:","Dear Ms.Shilpa,

Thank you so much for taking the time to...","no 2 person is allowed in one room at room tarriff.
hotel is chargoing extra for more than 1 person"
"Aditya","India","Superior Room","1 night ·","July 2022","Solo traveller","Reviewed: 23 July 2022","Superb","Faster checkin and checkout needed","Hotel response:","Dear Mr.Aditya,

Thank you so much for taking the time to...",""
"Ganavi","India","Superior Room","1 night ·","April 2022","Family","Reviewed: 8 July 2022","Very good","The breakfast was very good","Hotel response:","Dear  Mr.Ganavi,

Thank you so much for taking the time...","Price was a little more"
"Abdul","United Arab Emirates","Superior Room","1 night ·","May 2022","Group","Reviewed: 19 June 2022","Super","Food","Hotel response:","Dear Mr. Abdul Gafoor,

Thank you so much for taking the...",""
"Sukumar","Malaysia","Superior Room","3 nights ·","May 2022","Couple","Reviewed: 9 May 2022","good stay","clean room, bedsheets and towels 
good location excellent staff 
good breakfast","Hotel response:","Dear Mr.Sukumar,

Thank you so much for taking the time...","none"
"Ramachandran","India","Superior Room","1 night ·","March 2022","Family","Reviewed: 19 April 2022","Superb","StayA very good location. Food is very good nice place to","Hotel response:","Dear Mr.Ramachandran,

Thank you so much for taking the...",""
"Mahesh","India","Superior Room","1 night ·","March 2022","Solo traveller","Reviewed: 12 April 2022","Superb","Good","Hotel response:","Dear Mr.Mahesh Venkataraman,

Thank you so much for...","None"
"","","","","","","","","","","",""
"","","","","","","","","","","",""
"Abhijit","India","Superior Room","3 nights ·","March 2022","Solo traveller","Reviewed: 20 March 2022","Superb","location can’t get better location than this","Hotel response:","Dear Mr.Abhijit,

Thank you so much for taking the time...",""
"Mangala","United States","Superior Room","9 nights ·","March 2022","Solo traveller","Reviewed: 3 March 2022","Very fruitful and great experience overall.","Location is unbeatable. Good staff and nice, welcoming atmosphere. Breakfast was really good with good variety including made to order items!","Hotel response:","Dear Ms.Mangala Gowri,

Thank you so much for taking the...","I had room service ordered while heading out, to be delivered within the 30 minutes but completely forgotten. Other than that everything else was good."
"Abdul","India","Superior Room","1 night ·","February 2022","Solo traveller","Reviewed: 27 February 2022","Very good","Brakefast rich","Hotel response:","Dear Mr.Abdul Nasir,

Thank you so much for taking the...","Good maintenance very well"
"Rishi","India","Executive Room","1 night ·","December 2021","Solo traveller","Reviewed: 24 December 2021","Nice and comfortable stay","Ambience","Hotel response:","Dear Mr. Rishi,

Thank you so much for taking the time to...","Delay in responses by team."
"Prakash","India","Executive Room","1 night ·","December 2021","Couple","Reviewed: 12 December 2021","Great place to go again and again","Great breakfast selection. Nice, courteous staff and efficient service.","Hotel response:","Dear Mr.Prakash,

Thank you so much for taking the time...","I had repeatedly asked for twin sharing but they were able to offer only a king bed. For once, it’s okay"
"Lewafa","Belgium","Executive Room","1 night ·","October 2021","Family","Reviewed: 18 November 2021","Friendly staff, comfortable rooms and tasty food.","Friendly staff, comfortable rooms and tasty food.","Hotel response:","Dear Lewafa,

Thank you so much for taking the time to...","There was confusion in the planning since I did 2 separate bookings back-to-back"
"Sankar","United Arab Emirates","Executive Room","3 nights ·","November 2021","Solo traveller","Reviewed: 13 November 2021","Excellent. Regular. Will visit again.","Lavish spread","Hotel response:","Dear Mr.Sankar,

Thank you so much for taking the time to...","None"
"Lokesh","India","Superior Room","2 nights ·","September 2021","Group","Reviewed: 12 October 2021","Nice stay and good breakfast and a nice offer for dinner in Restaurant dinner buffet was the best.","Nice Hotel and we enjoyed the stay. Very good offer at the restaurant enjoyed a great dinner and food was good.","Hotel response:","Dear Mr.Lokesh,

Thank you so much for taking the time to...","Everything was fine"
"Nanda","India","Executive Room","2 nights ·","October 2021","Solo traveller","Reviewed: 12 October 2021","good room , good breakfast, good location.","excellent breakfast. more than enough variety & the home style pongal was excellent.","Hotel response:","Dear Mr.Nanda,

Thank you so much for taking the time to...","Nothing to complain about. only the AC was a bit too strong even at its lowest setting. this is normally a good thing to have a strong AC in chennai, but my sinus is a bit sensitive. as mentioned, its not a complaint. just my personal health is different from other people."
"Yeswanth","India","Superior Room","1 night ·","August 2021","Group","Reviewed: 15 September 2021","Very good","Morning breakfast is good","Hotel response:","Dear Mr.Yeswanth,

Thank you so much for taking the time ...","Service to room like room boy are responding immediately"
"","","","","","","","","","","",""
"","","","","","","","","","","",""
"Anil","India","Superior Room","1 night ·","August 2021","Family","Reviewed: 21 August 2021","Overall stay was comfortable and satisfying","The room was spacious and clean.  The location of the property was very central. The buffet breakfast was quite sumptuous. The staff were always friendly and helpful","Hotel response:","Dear Guest,

Thank you so much for taking the time  to...","Nothing as such. It was value for money at the price paid."
"Nageswaran","Oman","Executive Room","2 nights ·","July 2021","Solo traveller","Reviewed: 2 July 2021","Excellent location, good facilty at right price","Very good spread. Veg was truly tamil in taste. Non- veg was average","Hotel response:","Dear Guest,

Thank you so much for taking the time  to...","Initially AC was not cold enough which they rectified. The lady customer service staff was average. TV network went off often. Gym was average"
"Екатерина","Russia","Executive Room","2 nights ·","April 2021","Group","Reviewed: 23 April 2021","Very good","We booked two same rooms. My on the 6th floor was perfect. Another for my college at 5th floor was not so good. I don`t know why.
In my room was absolutely awesome bad, pillows ( i failes in love wit them!!!) and blanket.
So i was happy.
My college was not so...
Personal was perfect, thanks them so much!","Hotel response:","Dear Guest,

Thank you so much for taking the time  to...",""
"Vasanthy","India","Executive Room","1 night ·","February 2024","Solo traveller","Reviewed: 20 February 2024","Very good","breakfast","Hotel response:","Dear Ms.Vasanthy,

Thank you so much for taking the time...",""
"Lance","Australia","Superior Room","5 nights ·","January 2024","Group","Reviewed: 17 February 2024","Comfortable stay in a good location - very friendly staff","Delicious and plenty of variety","Hotel response:","Dear Mr.Lance,

Thank you so much for taking the time to...",""
"Kathryn","Australia","Executive Room","1 night ·","February 2024","Family","Reviewed: 13 February 2024","Good","room size, staff helpful.","Hotel response:","Dear Mr.Kathryn,

Thank you so much for taking the time...","musty smelling bedding"
"Merilynne","Australia","Superior Panoramic Room","6 nights ·","January 2024","Couple","Reviewed: 25 January 2024","We enjoyed the time there and found a warm welcome.","The room was comfortable and spacious and the staff were very helpful with supplying items that ran out.","Hotel response:","Dear Ms.Merilyne,

Thank you so much for taking the time...","Breakfast was hit and miss. Sometimes there was yoghurt, the cereals were limited could have had some muesli, the toaster was woeful it either didn't cook the toast or burnt it. Coffee from the machine was there one day and gone the next. Service was a bit chaotic."
"Vincent","India","Executive Room","1 night ·","January 2024","Solo traveller","Reviewed: 24 January 2024","Comfortable Good Stay","Most things were in place.","Hotel response:","Dear Mr.Vincent,

Thank you so much for taking the time...","Check in may have been quicker!  It wasn't too long, however"
"Seetha","India","Superior Room","1 night ·","January 2024","Family","Reviewed: 22 January 2024","Front office person was very helpful","Breakfast room was good","Hotel response:","Dear Mr.Seethamurty,

Thank you so much for taking the...","Nothing really"
"Anil","India","Superior Room","2 nights ·","October 2023","Family","Reviewed: 19 December 2023","Value for money hotel","Clean and comfortable","Hotel response:","Dear Mr.Anil,

Thank you so much for taking the time to...","Food"
"","","","","","","","","","","",""
"","","","","","","","","","","",""
"Manavalan","Germany","Superior Panoramic Room","1 night ·","August 2023","Group","Reviewed: 5 November 2023","Very good","all","Hotel response:","Dear Mr.Manavalan,

Thank you so much for taking the time...","nothing"
"Krishnan","Australia","Superior Room","2 nights ·","October 2023","Couple","Reviewed: 22 October 2023","Very happy and good value for money","Location and service","Hotel response:","Dear Mr.Krishnan,

Thank you so much for taking the time...","Facilities are a bit old can be improved by upgrading"
"Karthigasan","Malaysia","Superior Room","4 nights ·","October 2023","Group","Reviewed: 9 October 2023","Overall pleasant stay.","Breakfast - Acceptable","Hotel response:","Dear Mr.Karthigasan,

Thank you so much for taking the...","Check in for improvements needed. Since bookings are made via booking.com with a credit card, the room should be ready when the guest arrives. I had to wait +/- 30 minutes for the room despite arriving 3 hours late than the indicated ETA."
"Andreas","Germany","Superior Room","2 nights ·","October 2023","Solo traveller","Reviewed: 9 October 2023","Residency deserves my recommendation.","Residency hat mich nicht entäuscht. / Been staying at Residency Chennai for 20 years now. A fine place to stay.","Hotel response:","Dear Mr.Andreas,

Thank you so much for taking the time...",""
"Thamil","Malaysia","Executive Room","4 nights ·","July 2023","Family","Reviewed: 18 September 2023","Very good","The location.
Cleanliness was good.","Hotel response:","Dear Mr.Thamilselvam,

Thank you so much for taking the...","Breakfast was average."
"Dr","India","Superior Panoramic Room","3 nights ·","September 2023","Couple","Reviewed: 12 September 2023","A good experience, with small shortcomings,which needs serious attention, so that it is not repeated","In the Breakfast area , support services need promptness and improvement","Hotel response:","Dear Guest, 

Thank you so much for taking the time out...","While booking, my specific requirement was for city side room, still they gave me the other side, and said that they may change once they get vacant room,  Only after my insistence they provided me my desired room, 
Housekeeping staff particularly while attending Toilet should be more attentive in replenishing items... I faced Toilet paper role only after demand."
"C","Malaysia","Superior Room","2 nights ·","September 2023","Couple","Reviewed: 12 September 2023","Comfortable but disappointed with the extra charge.","I stayed with my wife. As I did not state 2 pax when booking, I was charged extra Rupees 1234.18 a night.","Hotel response:","Dear Mr.Thavanayagam,

Thank you so much for taking the...",""
"Chathura","Sri Lanka","Superior Room","3 nights ·","August 2023","Group","Reviewed: 22 August 2023","Great..","Location is great, staff is excellent and nothing to complaint about","Hotel response:","Dear Ms.Chathura,

Thank you so much for taking the time...",""
"Saku","Canada","Superior Room","4 nights ·","July 2023","Couple","Reviewed: 19 August 2023","Superb","Staff and location","Hotel response:","Dear Mr.Saku,

Thank you so much for taking the time to...","More attention to maintaining bathroomd"
"Ramanarayanan","United Arab Emirates","Superior Room","1 night ·","July 2023","Family","Reviewed: 3 August 2023","Good place, value for money.","Room was good, spacious; staff extremely courteous and helpful and the breakfast spread was awesome! We extended our stay by 1 more night because it was good.","Hotel response:","Dear Mr.Ramanarayanan,

Thank you so much for taking the...","The bed duvet/quilt was not convenient - a single one for a family of 3 doesn't work as each individual has different sleeping preferences. For the 2nd night, we requested for separate ones and it was arranged. The AC setting was strange even though we were notified about it upfront. When the keycard was taken off, AC used to default to about 20 degrees rendering the room ultracold when we returned to the room!"
"","","","","","","","","","","",""
"","","","","","","","","","","",""
"Venkataramani","India","Superior Room","2 nights ·","June 2023","Couple","Reviewed: 29 July 2023","Good","Variety in breakfast not much. Restaurant size too small and very noisy","Hotel response:","Dear Mr.Venkataramani,

Thank you so much for taking the...",""
"Dhilip","Singapore","Superior Room","1 night ·","July 2023","Solo traveller","Reviewed: 25 July 2023","Good one","Touch expensive but still okay","Hotel response:","Dear Mr.Dhilip,

Thank you so much for taking the time to...","Room bit smelly when i go in"
"Vetrivel","India","Superior Room","1 night ·","June 2023","Family","Reviewed: 19 July 2023","Good","Room was good","Hotel response:","Dear Mr.Vetrivel,

Thank you so much for taking the time...","Bathroom shower tap cap fell down multiple times and room is not clean at all"
"Rajiv","United States","Superior Room","2 nights ·","June 2023","Couple","Reviewed: 8 July 2023","Good","Breakfast, location","Hotel response:","Dear Mr.Rajiv,

Thank you so much for taking the time out...","Front desk ran my card in foreign currency instead of Rupees and I ended up paying more than the price I booked on the site"
"Umesh","India","Superior Room","2 nights ·","July 2023","Solo traveller","Reviewed: 7 July 2023","Good","Property is located at very good location, mostly in central of Chennai.","Hotel response:","Dear Mr.Umesh,

Thank you so much for taking the time out...","Reception staff behavior is not at per aa per Hotel category and denied very rudely of any request to them...."
"Catherine","United Kingdom","Superior Room","4 nights ·","July 2023","Solo traveller","Reviewed: 6 July 2023","Good","The staff were warm, friendly and helpful. The site has been revamped significantly since I last stayed at this hotel. The bed was comfortable. The men who cleaned the room were extremely pleasant and very efficient.","Hotel response:","Dear Ms.Catherine,

Thank you so much for taking the time...","The spread for breakfast has been reduced significantly compared to my last visit; one had to wait a while to be seated for breakfast unless you turn up at 7 am! Staff were much less attentive when the breakfast area was full which is understandable. 
There was a significant way all the staff greeted you when you arrived at this hotel - with palm on chest. This was much less prevalent this time around - to me this was kind of sad….."
"Chathura","Sri Lanka","Superior Room","2 nights ·","July 2023","Group","Reviewed: 6 July 2023","Very good","Location and Staff","Hotel response:","Dear Ms.Chathura,

Thank you so much for taking the time...","Restaurant was heavily congested at the breakfast and service was not good as earlier.  Food also average not many varieties."
"Vimala","Malaysia","Superior Room","3 nights ·","July 2023","Group","Reviewed: 3 July 2023","Overall good","Good","Hotel response:","Dear Ms.Vimala,

Thank you so much for taking the time to...","Good"
"Gopalkrishna","India","Superior Panoramic Room","3 nights ·","June 2023","Couple","Reviewed: 27 June 2023","Very good","Coffee shop and buffet","Hotel response:","Dear Mr.Gopalkrishna,

Thank you so much for taking the...","Looking A little  old, should change bathroom fittings"
"Ramji","United Arab Emirates","Superior Room","5 nights ·","June 2023","Solo traveller","Reviewed: 9 June 2023","Overall good value for money","Ideal location - Food options were pretty good - For sure, very courteous staff. .","Hotel response:","Dear Mr.Ramji,

Thank you so much for taking the time to...",""
"","","","","","","","","","","",""
"","","","","","","","","","","",""
"Vikneswari","Singapore","Superior Room","3 nights ·","March 2023","Family","Reviewed: 23 May 2023","Good","The location","Hotel response:","Dear Ms.Vikneswari,

Thank you so much for taking the...","The shower knob was coming apart. The mosquitoes. My friend's card was charged incorrectly  due to the error of the staff but the IT insisted it was meant to be as such till my friend had to show proof thru her online statement that she was overcharged. Disappointing."
"Subbaiah","India","Superior Room","2 nights ·","May 2023","Couple","Reviewed: 16 May 2023","Superb","Breakfast and location","Hotel response:","Dear Mr.Subbaiah,

Thank you so much for taking the time...","Flexibility in Check-in"
"Victor","Australia","Superior Room","4 nights ·","April 2023","Solo traveller","Reviewed: 13 April 2023","Good","food","Hotel response:","Dear Mr.Victor,

Thank you so much for taking the time to...",""
"Brian","United States","Executive Room","4 nights ·","March 2023","Solo traveller","Reviewed: 31 March 2023","Excellent lodging in T. Nagar.","Excellent location in the center of T. Nagar, with easy access to central Chennai. Front desk staff were very helpful and professional, and the rooms were clean and comfortable. The morning breakfast buffet was changed daily, and was a great way to experience South Indian cuisine. Room appears to have been newly renovated, and I liked the touches that made it feel light and comfortable.","Hotel response:","Dear Mr.Brian,

Thank you so much for taking the time to...","One of the challenges was that the hotel's a/c left the room feeling slightly damp and with a musty aroma. It certainly works well, but it was the only challenge of the property. Having windows that open would perhaps alleviate this problem."
"Palapanaidu","Malaysia","Superior Room","14 nights ·","March 2023","Solo traveller","Reviewed: 29 March 2023","Generally satisfying","The hotel was generally clean but what I liked most was the staff who were more than helpful and saw to my needs within their capacities.","Hotel response:","Dear Mr.Palapanaidu,

Thank you so much for taking the...","Breakfast menu was basically the same everyday,There was no variety and for a long stay it becomes rather boring.
Secondly their sports channels seemed to be tuned in only to cricket and there was no channel available to watch the English Premier League or Formula 1."
"Thailambal","United Kingdom","Superior Panoramic Room","2 nights ·","March 2023","Couple","Reviewed: 13 March 2023","Very good","The breakfast was delicious lots of choices 
The services are excellent","Hotel response:","Dear Mr.Thailambal,

Thank you so much for taking the...",""
"Abraham","Australia","Superior Room","3 nights ·","February 2023","Group","Reviewed: 5 February 2023","good value for money","good location
good staff
good breakfast","Hotel response:","Dear Mr.Abraham,

Thank you so much for taking the time...","shower tiles grout to be cleaned"
"Venkat","Australia","Superior Room","1 night ·","January 2023","Solo traveller","Reviewed: 3 February 2023","Pleasant","Good","Hotel response:","Dear Mr.Venkat,

Thank you so much for taking the time to...",""
"Sarbudeen","Malaysia","Superior Room","2 nights ·","January 2023","Family","Reviewed: 4 January 2023","Mr Saravanan at the reception was exceptional. Kudos to his excellent pr","So so","Hotel response:","Dear Mr.Sarbudeen,

Thank you so much for taking the time...","More choices"
"William","United Kingdom","Superior Room","2 nights ·","December 2022","Solo traveller","Reviewed: 4 January 2023","Good central choice for commfortable hotel","Very helpful staff who helped with quite unusual travel arrangements","Hotel response:","Dear Mr.William,

Thank you so much for taking the time...","Would like a choice of bedding as am not a duvet person"
"","","","","","","","","","","",""
"","","","","","","","","","","",""
"Vinodhan","Malaysia","Superior Room","2 nights ·","December 2022","Group","Reviewed: 31 December 2022","- good","- breakfast varieties & options were good 
- strategically located 
- good service from staffs","Hotel response:","Dear Mr.Vinodhan,

Thank you so much for taking the time...","- room 502 had door knob issue and we were having difficulties for accessing to the room. we complaint to the reception and they managed to assist us but the issue was repeatedly happening."
"Sujaya","India","Suite","3 nights ·","December 2022","Family","Reviewed: 27 December 2022","Very good","The Suite was very comfortable and spacious. The modern amenities also contributed to a good stay.","Hotel response:","Dear Ms.Sujaya,

Thank you so much for taking the time to...","For people with disabilities and elderly people who cannot make it to the complimentary buffet breakfast a smaller version can be served as in-room dining"
"Nadarajah","Malaysia","Superior Room","1 night ·","December 2022","Couple","Reviewed: 24 December 2022","Very good","The facilities were good. The bed was comfortable and firm. 
Was upgraded to a suite","Hotel response:","Dear Mr.Nadarajah,

Thank you so much for taking the time...","The"
"Oguzcan","Japan","Superior Room","1 night ·","December 2022","Couple","Reviewed: 18 December 2022","A hotel that elevates Chennai experience","It hit the spot. location, cleanliness, staff, amazing breakfast, very comfortable, firm bed. great value for the money","Hotel response:","Dear Mr.Oguzcan,

Thank you so much for taking the time...","not much, really"
"Panirselveam","Singapore","Superior Room","2 nights ·","November 2022","Family","Reviewed: 29 November 2022","Stay in Residency Chennai","I like the service of the staff...very polite and prompt...they are very fast in their replies to queries and checks...I would like to compliment the service of Breakfast buffet staff Anitta was great...one of the laundry staff found some money and returned us back...thank you Mr Venkat...we are very pleased and will definitely recommend this hotel to anyone","Hotel response:","Dear Mr.Panirselveam,

Thank you so much for taking the...","Only the toilets and rooms can be more cleaner."
"Dorai","Malaysia","Superior Room","1 night ·","November 2022","Solo traveller","Reviewed: 27 November 2022","Very good","Rooms were clean","Hotel response:","Dear Mr.Dorai,

Thank you so much for taking the time to...","Air con not so effective"
"Giridharan","Qatar","Superior Room","1 night ·","November 2022","Couple","Reviewed: 25 November 2022","stay was comfortable, food was nice.","location","Hotel response:","Dear Mr.Giridharan,

Thank you so much for taking the...","there is no covered parking for personal cars."
"Unmesha","India","Superior Room","1 night ·","November 2022","Solo traveller","Reviewed: 5 November 2022","Very good","Rooms are comfortable, breakfast is good , wifi is good","Hotel response:","Dear Mr.Unmesha,

Thank you so much for taking the time...","Aligning the main road , traffic noise is a bother"
"Harsh","India","Superior Room","3 nights ·","October 2022","Solo traveller","Reviewed: 25 October 2022","Superb","Staff very polite and prompt. Very good food at restaurants","Hotel response:","Dear Mr.Harsh,

Thank you so much for taking the time to...",""
"Mohd","Malaysia","Suite","2 nights ·","October 2022","Family","Reviewed: 22 October 2022","No comment","yes","Hotel response:","Dear Mr.Mohd,

Thank you so much for taking the time to...","breakfast"
"","","","","","","","","","","",""
"","","","","","","","","","","",""
"Rahul","India","Executive Room","2 nights ·","October 2022","Family","Reviewed: 16 October 2022","Superb","The location and the room are amazing","Hotel response:","Dear Mr.Rahul,

Thank you so much for taking the time to...","Nothing to write as such on this"
"Deepak","India","Superior Panoramic Room","1 night ·","October 2022","Solo traveller","Reviewed: 7 October 2022","Fairly ok","All  that goes on staying","Hotel response:","Dear Mr.Deepak,

Thank you so much for taking the time to...",""
"Htr","Singapore","Superior Panoramic Room","4 nights ·","September 2022","Couple","Reviewed: 10 September 2022","Superb","All the staff are friendly the services are good especially housekeeping","Hotel response:","Dear Guest,

Thank you so much for taking the time to...","NA"
"Thaha","India","Superior Room","2 nights ·","July 2022","Group","Reviewed: 22 August 2022","Good","receptionist are not professional","Hotel response:","Dear Mr. Thaha Suhail,

Thank you so much for taking the...",""
"Thenral","Netherlands","Superior Room","9 nights ·","August 2022","Couple","Reviewed: 16 August 2022","Good value for money for a 4 star hotel in Chennai.","Great location and friendly staff.","Hotel response:","Dear Ms.Thenral,

Thank you so much for taking the time...","The double bed was a bit smaller than expected. It was just a double bed not exactly an extra large double bed as advertised for the executive room. Room service took a long time for smaller chores like bringing cutlery, water etc.. to the room."
"Rank1","India","Superior Panoramic Room","1 night ·","July 2022","Solo traveller","Reviewed: 31 July 2022","Located in the heart of T Nagar.. old property. Excellently maintained.","Cleanliness, location, staff support","Hotel response:","Dear Guest,

Thank you so much for taking the time to...","Food quality"
"Deepa","India","Superior Room","1 night ·","July 2022","Family","Reviewed: 22 July 2022","Nice stay","Helpful staff. Adequate facilities. Breakfast good options. Could give us connected rooms on a very short notice.","Hotel response:","Dear Ms.Deepa,

Thank you so much for taking the time to...",""
"Vinayy","India","Superior Room","3 nights ·","June 2022","Family","Reviewed: 29 June 2022","Good","Location","Hotel response:","Dear Mr.Vinay,

Thank you so much for taking the time out...","The smell in the room, was smokey. Cockroaches in the loo and the bedding"
"Jigish","India","Superior Room","1 night ·","May 2022","Group","Reviewed: 2 June 2022","i am a frequent traveller & this hotel fits best for my businees work.","its my preferred hotel due to its location and also rooms are comfortable & breakfast is also very nice, fits perfectly to the need for business travellers.","Hotel response:","Dear Mr.Jigish Mehta,

Thank you so much for taking the...","they dont have any plan which includes 1 major meal like dinner, rest its all perfect."
"Lobhesh","India","Superior Room","2 nights ·","May 2022","Group","Reviewed: 24 May 2022","it is good but hotel price does not add that value","room size and breakfast","Hotel response:","Dear Mr.Lobhesh,

Thank you so much for taking the time...","bathroom cleanliness and things required in bathroom"
"","","","","","","","","","","",""
"","","","","","","","","","","",""
"Ramprasad","India","Superior Room","2 nights ·","April 2022","Solo traveller","Reviewed: 30 April 2022","Great location. Great Food","Excellent location and great food. Especially you should try their Chinese Restaurant.","Hotel response:","Dear Mr. Ramprasad,

Thank you so much for taking the...","Front office didn’t handle my reservation well. However, when I escalated the issue to GM Venkatesh and Reservations head Thilak Kumar were very helpful and resolved the issue."
"Yatin","India","Superior Room","1 night ·","April 2022","Family","Reviewed: 15 April 2022","Very good","Good","Hotel response:","Dear Mr. Yatin Khara,

Thank you so much for taking the...","Food menu"
"Syed","Singapore","Superior Room","2 nights ·","March 2022","Couple","Reviewed: 3 April 2022","Good and come back again","Break fast is very  tasty.","Hotel response:","Dear Mr.Syed Ibrahim,

Thank you so much for taking the...",""
"Thailambal","United Kingdom","Superior Room","9 nights ·","March 2022","Family","Reviewed: 1 April 2022","The stay in the hotel was very nice","The breakfast was excellent lot of varieties","Hotel response:","Dear Thailambal,

Thank you so much for taking the time...","The rooms could be little bit comfortable"
"Sairam","India","Superior Room","1 night ·","March 2022","Family","Reviewed: 30 March 2022","Superb","Good","Hotel response:","Dear Mr.Sairam Ram,

Thank you so much for taking the...",""
"Rangaraj","India","Superior Room","2 nights ·","March 2022","Family","Reviewed: 20 March 2022","Superb","Service","Hotel response:","Dear Mr. Rangaraj,

Thank you so much for taking the time...","Room furnishing to big, made the room look smaller."
"Yashpal","India","Superior Room","1 night ·","February 2022","Solo traveller","Reviewed: 15 February 2022","Good","Comfortable and value for money.Filter Coffee at Buffet Breakfast was poor, Good location .","Hotel response:","Dear Mr.Yashpal,

Thank you so much for taking the time...","Staff require to be more courteous and friendly.Require to smile more,espicially at the Front Desk,restaurant etc.
Wrong billing which had to be corrected by me is not expected."
"Andivelu","United States","Superior Room","3 nights ·","January 2022","Family","Reviewed: 12 January 2022","Relaxing stay with very good breakfast and good connectivity to many shopping stores around","Well maintained rooms , responsive staff . top notch South Indian breakfast","Hotel response:","Dear Mr.Andivelu,

Thank you so much for taking the time...","Not much bothering but there were very few mosquitoes when we entered the room .Later , they moved us to another room and that’s good . 

There were some mold in bathroom which could be fixed."
"Ak","India","Executive Room","1 night ·","January 2022","Solo traveller","Reviewed: 10 January 2022","The attitude of the staff at the front desk as well as room service needs correction.otherwise it’s a property I have be","location…rooms are decent..
good restaurants serving decent food as well.","Hotel response:","Dear Mr.Ankit,

Thank you so much for taking the time out...","staff at reception is not upto the mark.
not prompt in answering or delivering the tasks in time..had to repeatedly follow up on things…some got done…some didn’t get done.
the bathroom water pressure in rain shower and hot water needs to be checked….atleast for the room I was in."
"Krishna","India","Executive Room","2 nights ·","December 2021","Couple","Reviewed: 29 December 2021","Very good","Hotel situated at heart of Chennai, perfect room size and provides sumptuous breakfast and splendid South Indian coffee.","Hotel response:","Dear Mr. Krishna,

Thank you so much for taking the time...",""
"","","","","","","","","","","",""
"","","","","","","","","","","",""
"Manicavachagam","India","Superior Room","2 nights ·","December 2021","Family","Reviewed: 12 December 2021","Very good","Good","Hotel response:","Dear Mr.Manicavachagam,

Thank you so much for taking the...","Nil"
"Tvsk","India","Superior Room","1 night ·","November 2021","Solo traveller","Reviewed: 7 November 2021","Over all hotel is convenient location, fast check in and friendly staff but need room attention","Food is just average to the hotel standards. Coffee shop is good.","Hotel response:","Dear Guest, 

Thank you so much for taking the time out...","The room maintenance is not so good for that quality of hotel. Furniture , bed quality and some sort of smell as if the room was not used for days. Opportunity to improve."
"Shamshularphin","India","Executive Room","1 night ·","October 2021","Solo traveller","Reviewed: 26 October 2021","Value for money with great service and food.","Hotel is located at very convenient location. I had Dinner buffet at the property. Buffet spread was very good and delicious food. Breakfast was decent.","Hotel response:","Dear Mr. Shamshularphin,

Thank you so much for taking...","Breakfast could have been better."
"Kishore","India","Executive Room","1 night ·","September 2021","Solo traveller","Reviewed: 10 October 2021","Very good","Cleanliness","Hotel response:","Dear Mr.Kishore,

Thank you so much for taking the time...","Parking space"
"Flora","India","Superior Room","1 night ·","August 2021","Family","Reviewed: 14 September 2021","Reception area poor","Restaurants","Hotel response:","Dear Ms. Flora,
Thank you so much for taking the time out...","Reception"
"Venkatesh","United Kingdom","Superior Room","2 nights ·","August 2021","Solo traveller","Reviewed: 10 September 2021","Good comfortable stay","Though I stayed there around 6 days I had a chance to eat only 2 days. The breakfast was really good","Hotel response:","Dear Mr.Venkatesh,

Thank you so much for taking the time...","The cleanliness can be improved. The plates and cutleries were left around Infront of other guest rooms"
"Raman","India","Superior Room","1 night ·","August 2023","Family","Reviewed: 21 August 2023","Good","Good neat room. Good food.","Hotel response:","Dear Mr.Raman,

Thank you so much for taking the time out...","AC didn't work at night. This is happening in most hotels when I book via booking.com. are these hotels controlling the temperature and fan speed at their end at a central control panel???"
"Rajendran","India","Superior Room","1 night ·","February 2023","Solo traveller","Reviewed: 12 February 2023","Lousiest stay","Noise from the bar up to mid night on a Thursday evening. Not a place to stay in future as the staff are justifying the loudest noise throughout the night n stopped only by 12 midnight.","Hotel response:","Dear Mr.Rajendran,

Thank you so much for taking the time...",""
"Suja","India","Executive Room","1 night ·","March 2022","Couple","Reviewed: 7 March 2022","Good","Bathroom has to be cleaner.","Hotel response:","Dear Ms.Suja,

Thank you so much for taking the time out...",""
"Sahil","United Arab Emirates","Executive Room","2 nights ·","October 2021","Solo traveller","Reviewed: 30 October 2021","ok","nothing to tell. as per price hotel ok","Hotel response:","Dear Mr.Syed,

Thank you so much for taking the time to...","nothing"
"","","","","","","","","","","",""
"","","","","","","","","","","",""
"Mohammed","Saudi Arabia","Executive Room","1 night ·","September 2021","Solo traveller","Reviewed: 20 September 2021","Good","Location is best for shopping,
Open buffet is good in Pavillon resturant and good services 
Staffs are friendly and  supportive.
Rooms are spacious, intetnet speed is good, room lighting is good","Hotel response:","Dear Mr.Mohammed,
Thank you so much for taking the time...","Hotel is old, and still is good.  Hotel management should improve the standard, inside the room ac temperature control is old,  some electrical switches are not working and  mattress is  not soft."
"M","India","Superior Panoramic Room","2 nights ·","March 2022","Couple","Reviewed: 30 March 2022","Very good","Location is very good in the busy T Nagar area. Very courteous staff. Good for business travellers.","Hotel response:","Dear Guest,

Thank you so much for taking the time to...",""
"N","India","Superior Room","1 night ·","January 2024","Family","Reviewed: 31 January 2024","Exceptional","Personal touch and care is provided... Enjoyed the lunch @chin chin and the stay was very nice had a sound sleep...in room service is excellent...I will prefer to stay here ....","","","Check in process like express check in can be arranged for customers who had confirmed their arrival time in advance.."
"Malar","United States","Superior Room","3 nights ·","September 2023","Family","Reviewed: 25 September 2023","Exceptional","Best","Hotel response:","Dear Mr.Malar,

Thank you so much for taking the time to...",""
"Krishnan","India","Superior Room","2 nights ·","September 2023","Family","Reviewed: 18 September 2023","Exceptional","Room","Hotel response:","Dear Mr.Krishnan,

Thank you so much for taking the time...","Cockroach in the room"
"Swapnil","United Kingdom","Superior Room","2 nights ·","September 2023","Solo traveller","Reviewed: 5 September 2023","Overall Good Experience","I liked the size of the room, facilities in the room, location, complimentary breakfast, the live counters and varieties in the breakfast, security, and the greetings at the entry to the hotel.","Hotel response:","Dear Mr.Swapnil,

Thank you so much for taking the time...","I would like to complain about one of the staff members. My girlfriend was staying at this hotel and yesterday at around 10am when she got up from sleep, suddenly she saw a man standing in my room. He was a laundry guy he said. She shouted at him and he left. Laundry is a service that is requested like room service. A woman is there in the room and what if she was changing or in the washroom? I expected a better service from the Residency as this was so unethical and unprofessional looking at the hotel's name. I am very disappointed. She couldn't complain at the reception because she was getting late for the flight but I want the hotel administration to look into this matter. Thanks"
"Visvalingam","Canada","Superior Room","15 nights ·","August 2023","Solo traveller","Reviewed: 23 August 2023","excellent","everything","Hotel response:","Dear Mr.Visvalingam,

Thank you so much for taking the...","none"
"Uma","India","Suite","2 nights ·","May 2023","Family","Reviewed: 8 August 2023","Exceptional","food was exceptional and room was very neat round the clock service","Hotel response:","Dear Mr.Umamaheshwaran,

Thank you so much for taking the...",""
"Sridhar","India","Superior Room","1 night ·","July 2023","Family","Reviewed: 14 July 2023","Exceptional","Peter the Supervisor at 'the Right Place' was amazing with his hospitality  as he ensured our dinner was served quickly, hot and delicious. 
Good to see and experience a fabulous service.
Also appreciate the gentleman and lady at the front office desk for getting our check-ins and check outs handled swiftly. Kudos to both of them.","Hotel response:","Dear Mr.Sridhar,

Thank you so much for taking the time...",""
"Cvp","India","Superior Room","2 nights ·","July 2023","Couple","Reviewed: 12 July 2023","A comfort stay and we enjoyed staying here","Location Good, Staff Service Good, House Keeping Good, Spacious room, Facilities good, We enjoyed staying here.","Hotel response:","Dear Guest,

Thank you so much for taking the time to...","Morning breakfast taste can improve."
"","","","","","","","","","","",""
"","","","","","","","","","","",""
"Venkatesalu","Singapore","Superior Room","4 nights ·","June 2023","Couple","Reviewed: 3 June 2023","Exceptional","Best reservice","Hotel response:","Dear Mr.Venkatesalu,

Thank you so much for taking the...","NA"
"Seeralan","United Kingdom","Superior Panoramic Room","10 nights ·","May 2023","Solo traveller","Reviewed: 22 May 2023","Very comfortable and good service","Excellent","Hotel response:","Dear Mr.Seeralan,

Thank you so much for taking the time...",""
"Krishnan","India","Superior Room","1 night ·","April 2023","Solo traveller","Reviewed: 27 April 2023","very good","clean room. good courtesy staff. good food. centrally located","Hotel response:","Dear Mr.Krishnan,

Thank you so much for taking the time...","air conditioning in the room was not upto the mark"
"Sabrinaa","Malaysia","Executive Room","5 nights ·","March 2023","Couple","Reviewed: 1 April 2023","extremely enjoyable with friendly staff.","it was a wonderful and strategic location","Hotel response:","Dear Mr.Sabrinaa,

Thank you so much for taking the time...",""
"Kalaivani","Singapore","Superior Room","4 nights ·","March 2023","Family","Reviewed: 21 March 2023","Exceptional","Clean and safe","Hotel response:","Dear Ms.Kalaivani,

Thank you so much for taking the time...","Food"
"Alwin","New Zealand","Superior Room","3 nights ·","December 2022","Family","Reviewed: 16 March 2023","Exceptional","Awesome staff 👏","Hotel response:","Dear Mr.Alwin,

Thank you so much for taking the time to...",""
"Alex","Malaysia","Superior Room","3 nights ·","January 2023","Solo traveller","Reviewed: 9 March 2023","Exceptional","Food good
Staff good
Location good","Hotel response:","Dear Mr.Alex,

Thank you so much for taking the time to...","Nothing could be better"
"Karthik","India","Superior Room","1 night ·","February 2023","Family","Reviewed: 2 March 2023","Exceptional","Atmosphere was too good for stay","Hotel response:","Dear Mr.Karthick,

Thank you so much for taking the time...","A/ c was not working properly"
"Soomu","Malaysia","Executive Room","1 night ·","February 2023","Family","Reviewed: 12 February 2023","Exceptional","Mr saravanan and me sathya is so friendly and helpful the hotel is comfortable and unlimited bottle drink given whenever asked. The area is so easy access to shopping place","Hotel response:","Dear Mr.Soomu,

Thank you so much for taking the time to...",""
"Ana","Spain","Superior Room","3 nights ·","December 2022","Couple","Reviewed: 6 January 2023","Ciry hotel with good facilities","nice room
excellent breakfast
very quiet and restful","Hotel response:","Dear Ms.Ana,

Thank you so much for taking the time to...","nothing"
"","","","","","","","","","","",""
"","","","","","","","","","","",""
"Hema","India","Superior Room","1 night ·","January 2023","Couple","Reviewed: 3 January 2023","Exceptional","friendly staff good food spacious room","Hotel response:","Dear Ms.Hema,

Thank you so much for taking the time to...",""
"Tinakaran","Malaysia","Suite","1 night ·","December 2022","Family","Reviewed: 27 December 2022","Exceptional","Good","Hotel response:","Dear Mr.Tinakaran,

Thank you so much for taking the time...",""
"John","India","Superior Room","1 night ·","December 2022","Family","Reviewed: 19 December 2022","keep up the good work.. special thanks to Sathya at the reception..","clean and neat ..","Hotel response:","Dear Mr.John,

Thank you so much for taking the time to...","nothing"
"Bonny","India","Superior Room","3 nights ·","November 2022","Couple","Reviewed: 30 November 2022","Amazing and memorable stay at one of the best hotels in Chennai!!!","The location, staff extremely courteous & helpful attitude, room facilities, and food quality & taste. They even entertained my request for an early check-in. Overall it's one of the best hotels I have seen.","Hotel response:","Dear Mr.Bonny,

Thank you so much for taking the time to...","Nothing to dislike about this property. Everything was good and I had a very comfortable stay."
"Traviesosathish","Singapore","Superior Room","4 nights ·","November 2022","Couple","Reviewed: 9 November 2022","","This review has been hidden because it doesn't meet our guidelines.","","",""
"Pramodkumar","India","Superior Room","1 night ·","November 2022","Solo traveller","Reviewed: 7 November 2022","excellent","specious","Hotel response:","Dear Mr.Pramod,

Thank you so much for taking the time to...","nothing"
"Venkat","India","Superior Room","3 nights ·","September 2022","Solo traveller","Reviewed: 3 October 2022","Stay was good","Location","Hotel response:","Dear Mr.Venkat,

Thank you so much for taking the time to...","No comments"
"Kannan","Malaysia","Superior Room","1 night ·","September 2022","Family","Reviewed: 12 September 2022","Clean and strategy location hotel","Breakfast was good and served hot. Room were very clean and well kept. Towels are clean. The hotel staff especially Mr Venkat is very helpful in clearing the luggage for my family. The hotel do allow late check out with some amount for extension till 5 pm","Hotel response:","Dear Mr. Kannan,

Thank you so much for taking the time...","Location is good and nearby to TNagar but there is construction on going in front of hotel making the van and tempo hard to access in as it become one way. The hotel bar can play more Tamil songs as they are located in TN."
"Sumithra","United Kingdom","Superior Room","14 nights ·","July 2022","Couple","Reviewed: 16 August 2022","Comfortable, excellent service every time","Breakfast was perfect and the staff were amazing. Value for money. Food overall was amazing and clean.","Hotel response:","Dear Ms.Sumithra,

Thank you so much for taking the time...",""
"Rahul","Singapore","Superior Room","3 nights ·","August 2022","Family","Reviewed: 10 August 2022","Convenient, Helpful service, Comfortable","Good location and excellent service! Breakfast had a wide selection over the various days.","Hotel response:","Dear Rahul,

Thank you so much for taking the time to...","The only facility available is a gym. It would be nice if there were other facilities. ◡̈"
"","","","","","","","","","","",""
"","","","","","","","","","","",""
"Rviraja","Singapore","Superior Room","2 nights ·","May 2022","Family","Reviewed: 29 July 2022","Exceptional","Great experience staying there","Hotel response:","Dear Mr. Raja,

Thank you so much for taking the time to...",""
"Anna","Malaysia","Executive Room","4 nights ·","July 2022","Family","Reviewed: 9 July 2022","Good and beyond our expectations especially after a covid situation","The breakfast was really good.Good filter coffee n food.Service is excellent and staff very very hospitality.we got upgraded to a suite which was done in a traditional decor.The dinning area refurbished with a beautiful garden view.","Hotel response:","Dear Ms. Anna Rani,

Thank you so much for taking the...","All good nothing to complain about."
"Sam","United States","Executive Room","3 nights ·","June 2022","Couple","Reviewed: 28 June 2022","Best places to stay in T Nagar Chennai. Easy access to major shopping places, consulate etc.,","Breakfast was very good.
Overall service was excellent","Hotel response:","Dear Mr.Sam,

Thank you so much for taking the time to...","Options for in room tea selection could be improved. Not happy that the hotel charges for milk instead of dairy powder for in room tea!"
"Shann","Singapore","Superior Room","4 nights ·","June 2022","Family","Reviewed: 12 June 2022","Stay was excellence n i would go there again. Stayed on the 9th floor, thr staff Lavanya  is helpful","I checked in late as we were delayed.  But tge rest of my family checked in earliar. I booked 4 rooms but the hotel upgraded my room to suite. Loved the room n their service .","Hotel response:","Dear Mr.Shann,

Thank you so much for taking the time to...","The bed was very comfy.. but for the pillow  its abit high."
"Ramachandran","India","Superior Room","2 nights ·","April 2022","Family","Reviewed: 15 May 2022","Exceptional","Very good location and best breakfast","Hotel response:","Dear Mr.Ramachandran,

Thank you so much for taking the...",""
"Geetha","Singapore","Superior Room","2 nights ·","April 2022","Group","Reviewed: 10 May 2022","Exceptional","Food was great. 
The service by Mr Xavier from housekeeping exceeded above and beyond expectation. He was prompt and was full of smile. Xavier provided excellent customer service to us during our stay. He will be the reason for me to recommend this hotel to my family and friends.","Hotel response:","Dear Ms. Geetha,

Thank you so much for taking the time...",""
"Renukavathy","United Kingdom","Superior Panoramic Room","8 nights ·","March 2022","Group","Reviewed: 22 March 2022","Staff were so helpful, we stayed in 9th floor the girl who prepared our room every day was exceptional","Centrally located for shopping, great staff , good breakfast and clean.","Hotel response:","Dear Ms. Renukavathy,

Thank you so much for taking the...","Down stairs toilet could do with some air purifier"
"Manish","India","Superior Room","2 nights ·","March 2022","Family","Reviewed: 19 March 2022","Very pleasant and comfy stay with delicious food all times","Very comfortable stay.","Hotel response:","Dear Mr. Manish,

Thank you so much for taking the time...",""
"Manish","India","Superior Room","2 nights ·","March 2022","Family","Reviewed: 16 March 2022","Pleasant stay in TNagar","Very good food, breakfast arrangements are superb","","",""
"Saravana","Canada","Superior Room","1 night ·","December 2021","Family","Reviewed: 24 December 2021","My parents were happy staying in The Residency","Booking, front desk courtesy and room maintenance were awesome.","Hotel response:","Dear Mr.Saravana,

Thank you so much for taking the time...","My parents returned to hotel at night and they were not comfortable with the Bar and dining at the same place. They had to go out to another restaurant for Dinner as they couldn't share the space with the bar."
"","","","","","","","","","","",""
"","","","","","","","","","","",""