"a3332d346a","afac1f68d9","abf093bdfe","abf093bdfe 2","abf093bdfe 3","abf093bdfe 4","abf093bdfe 5","f6431b446c","a53cbfa6de","a3332d346a 2","a53cbfa6de 2","a53cbfa6de 3","a53cbfa6de 4"
"Salim","India","Deluxe Double Room","1 night ·","May 2022","Family","Reviewed: 12 May 2022","Best Budget Hotel","Great service, cleanliness, tasty breakfast, staff","Hotel response:","Dear Guest,  Thank you for choosing to stay with us and...","1 person found this review helpful.",""
"Ranjit","India","Deluxe Double Room","1 night ·","February 2024","Solo traveller","Reviewed: 26 February 2024","Superb","The best hotel l've ever been privileged enough to stay at.
Gorgeous building, and it only gets more breathtaking when you walk in.","","","",""
"Anupam","India","Deluxe Double Room","2 nights ·","June 2023","Solo traveller","Reviewed: 5 June 2023","Very good","Except inside location all good","Hotel response:","Dear Anupam, thank you for choosing to stay with us and...","","Inside property location away from main road"
"Dr","India","Deluxe Double Room","1 night ·","March 2023","Solo traveller","Reviewed: 11 March 2023","Superb","Toilets were neat.But,could have been slightly more neat.Dinner can be served by order.","Hotel response:","Dear Guest, Thank you for choosing to stay with us and...","","Dinner services not in Treebo"
"Swaminathan","India","Deluxe Double Room","1 night ·","February 2023","Family","Reviewed: 10 February 2023","overall good place to stay but food menu needs to be improved","courteous staff.  adequate breakfast. good parking space. work-out area for the fitness conscious","Hotel response:","Dear Guest, Thank you for choosing to stay with us and...","","better menu for lunch and dinner. approach road is narrow but not unmanageable."
"Bhaskar","India","Deluxe Double Room","2 nights ·","November 2022","Family","Reviewed: 28 November 2022","Superb","Facilities are good","Hotel response:","Dear Guest, thank you for choosing to stay with us and...","1 person found this review helpful.",""
"Sujay","India","Deluxe Double Room","5 nights ·","August 2022","Group","Reviewed: 20 October 2022","good to stay but a little far from the main road","cleanliness","Hotel response:","Dear Guest  Thank you for choosing to stay with us and...","","location"
"P","India","Deluxe Double Room","2 nights ·","October 2022","Couple","Reviewed: 4 October 2022","Good Fine Enjoyed","Break fast is good higenic tasty
But non veg in break fast is not liked","Hotel response:","Dear Guest  Thank you for choosing us and taking out time...","",""
"Attarade","India","Deluxe Double Room","2 nights ·","September 2022","Couple","Reviewed: 5 September 2022","Superb","Reasonable and affordable, food was good","Hotel response:","Dear Guest, Thank you for taking the time to write this...","",""
"Vgr","India","Deluxe Double Room","1 night ·","July 2022","Family","Reviewed: 11 July 2022","Very good","Ambience, cleanliness, immediate response.","Hotel response:","Dear Guest, thank you for choosing to stay with us and...","","Power cut"
"Rajkumar","India","Deluxe Double Room","3 nights ·","June 2022","Family","Reviewed: 14 June 2022","Awesome place to stay with value for the money.","The politeness and friendly behaviour of all the staff.
The quality, size, cleanliness and the comfortability was awesome.
The food quality was awesome. The breakfast was fresh, tasty and healthy.
We were treated by Vineeth, Vishwa and the team at the front office. Sunder and his colleagues are superb allrounders if it comes to work. You can find them at restaurants,, room service and at any place of help. Kudos to this entire team.","Hotel response:","Dear Guest  Thank you for your elaborate and pleasant...","1 person found this review helpful.","The cutlery inside the room. It must have been properly cleaned for sure but for us the black cutlery does not give the feel of its cleanliness and hygiene because you never know how much it is cleaned.
The refrigerators in most of the hotel rooms don't work so was the case here also."
"Clementina","India","Deluxe Double Room","2 nights ·","February 2022","Family","Reviewed: 27 February 2022","Superb","The rooms were comfortable and clean, bathrooms were clean and the ambience was quiet and peaceful. 
Breakfast was excellent on both days we were there
Staff were friendly, helpful and very responsive to any request we made.","","","1 person found this review helpful.","Nothing really"
"M","India","Deluxe Double Room","4 nights ·","January 2022","Family","Reviewed: 16 January 2022","Good hotel","Over all it's good","Hotel response:","Dear Guest, Thank you for choosing to stay with us and...","","Fridge, tv was not working, food could have Indian menu"
"Shantanu","India","Deluxe Double Room","3 nights ·","December 2021","Solo traveller","Reviewed: 15 December 2021","Sweet and Short.","The Chef was new and invariably took time beyond opening hours. However, the young staff Arun and Suryaprakash rose to occasion and ensured good service. Arun though under training shows promise to understand customer requirements. Keep it up.","","","1 person found this review helpful.","The approach to the property is cumbersome. But that gets negated by the excellent staff to host you once you get to the premises of Treebo VAPR."
"Dani","India","Deluxe Double Room","1 night ·","October 2021","Family","Reviewed: 15 October 2021","Superb","Rooms , atmosphere ,staff.","","","1 person found this review helpful.","Near to airport  , nice staff ."
"Shrenivass","India","Deluxe Double Room","1 night ·","October 2021","Family","Reviewed: 10 October 2021","Superb","1. Room size was sufficient for a 3 member stay
2. Service was excellent","","","","It would have been perfect if there was some sort of accommodation for drivers to rest in the night"
"Gautham","India","Deluxe Double Room","1 night ·","September 2021","Group","Reviewed: 19 September 2021","Really Good","Excellent","","","1 person found this review helpful.","Atmosphere"
"Aniruddha","India","Deluxe Double Room","1 night ·","August 2021","Group","Reviewed: 8 September 2021","Good","Decent location, comfortable beds.","","","","Staff were stickler for rules like check out times but the service offered for that wasn't upto the mark.
Masks were only worn on insistence, no room service, bad breakfast and no cold water / glasses available."
"Prashant","India","Deluxe Double Room","1 night ·","August 2021","Solo traveller","Reviewed: 21 August 2021","Nice and clean","Good property, neat and clean. Food facilities should be required","","","","Need some attention on food."
"Puneet","India","Deluxe Double Room","2 nights ·","August 2021","Solo traveller","Reviewed: 8 August 2021","Superb","The front desk person Mr. Kadar and watchmen at night both were very polite and humble and took extra effort to take care of things as requested. Loved the stay. Would stay again...","","","","Location is a bit inside and not on the main road but map takes your exactly to it without any hustle."
"","","","","","","","","","","","",""
"","","","","","","","","","","","",""
"Johnson","India","Deluxe Double Room","2 nights ·","August 2021","Group","Reviewed: 8 August 2021","A great stay with value for money","A great place to stay in a place like chennai  wonderfull facility neat and clean well behaved staff specially kader Hussain at the reception he is  always there for the guest a nice guy with a smile always ,strongly recommend the stay in here","","","1 person found this review helpful.",""
"Sangram","India","Deluxe Double Room","2 nights ·","June 2021","Solo traveller","Reviewed: 24 June 2021","Superb","The way they handle customer is really appreciated","","","1 person found this review helpful.","Really supportive staf."
"Sawant","India","Deluxe Double Room","1 night ·","April 2023","Family","Reviewed: 7 April 2023","Nice clean place. However isolated and no cabs go there","Clean and spacious","Hotel response:","Dear Sawant, thank you for choosing to stay with us and...","","Location. No cab wants to go there"
"Vijay","India","Deluxe Double Room","1 night ·","February 2023","Solo traveller","Reviewed: 27 March 2023","Good and peaceful","Good experience","Hotel response:","Dear Guest, thank you for choosing to stay with us and...","","Outside room was good space."
"Umakanth","India","Deluxe Double Room","2 nights ·","February 2023","Family","Reviewed: 25 February 2023","Very good","Nice place, clean rooms very spacious","Hotel response:","Dear Guest, thank you for your kind words. We are glad...","","Location and approach road... common areas are not cleaned... can do maintenance better"
"Balakrishna","India","Deluxe Double Room","1 night ·","December 2022","Couple","Reviewed: 30 December 2022","Just okay","Breakfast was really horrible
Location was a bit remote difficult to licate","Hotel response:","Dear Guest, Thank you for choosing to stay with us and...","","Breakfast and the person handling breakfast"
"Swaminathan","India","Deluxe Double Room","3 nights ·","November 2022","Family","Reviewed: 8 December 2022","Value for money","Good breakfast and helpful staff. comfortable room. Has a work-out area for fitness","Hotel response:","Dear Guest, thank you for choosing to stay with us and...","","Approach to the hotel is a little difficult but not a major problem."
"Siyeon","India","Deluxe Double Room","2 nights ·","December 2022","Group","Reviewed: 3 December 2022","worthy for stay","As we were many, we decided to stay at low budget hotel, but it was better than our expectation.  There is a big hall with sofa each floor to get together, spacious and good.  Although our check in time was early morning, staff was so kind.","Hotel response:","Dear Guest, Thank you for choosing to stay with us and...","","breakfast can be better and location is a bit inside from the road.  difficult to get taxis sometimes or to go out. There is no restaurant inside, so you have to go out for dinning."
"Arun","India","Deluxe Double Room","1 night ·","November 2022","Group","Reviewed: 29 November 2022","Very good","Nice staff ,very well cleaned rooms, reception guys are very friendly ,food are very tasty , reasonable price List","Hotel response:","Dear Guest, thank you for choosing to stay with us and...","",""
"Kishorkumar","India","Deluxe Double Room","1 night ·","November 2022","Solo traveller","Reviewed: 18 November 2022","Good","Peaceful stay","Hotel response:","Dear Guest, Thank you for choosing to stay with us and...","","Location. Far from main road."
"","","","","","","","","","","","",""
"","","","","","","","","","","","",""
"Sakthi","India","Deluxe Double Room","1 night ·","October 2022","Couple","Reviewed: 4 November 2022","Go just for the stay. Don’t order from there.","Hassle-free stay. Liked the remote checkin option.","Hotel response:","Dear Guest, thank you for choosing to stay with us and...","","Food is not all good. The chicken was definitely frozen for a long time."
"Balaji","India","Deluxe Double Room","4 nights ·","August 2022","Couple","Reviewed: 29 August 2022","Chennai stay","The staffs are good and courteous..","","","","They need to improve the Wifi speed and house Keeping staffs."
"Mehul","India","Deluxe Double Room","3 nights ·","June 2022","Group","Reviewed: 19 June 2022","good experience","good mattress and pillows 
quite and peaceful neighborhood 
perfect time for check in and check out 
decent breakfast","Hotel response:","Dear Guest, thank you for choosing to stay with us and...","","too inside in by lanes away from the main road 
service is a little slow can be improved"
"Senthil","India","Deluxe Double Room","2 nights ·","April 2022","Family","Reviewed: 9 May 2022","except the approach road to the hotel, other things were good.","ok.","Hotel response:","Dear Guest  Thank you for choosing to stay with us and...","",""
"Terrence","India","Deluxe Double Room","3 nights ·","February 2022","Group","Reviewed: 22 February 2022","Enjoyed our stay at Treebo","Breakfast was good & location is also very good.  the rooms are bright and airy","","","","The taps in the rest room could be descaled for better water pressure.  The light in the bathroom was inadequate.  the light at the dressing table was not working as well."
"C","India","Deluxe Double Room","1 night ·","February 2022","Couple","Reviewed: 20 February 2022","Very good","Calm and quite atmosphere.Location is good. Quality breakfast.","","","","Availability of food and beverages
Access Road congested ."
"Anil","India","Deluxe Double Room","2 nights ·","January 2022","Solo traveller","Reviewed: 10 January 2022","Need to add light food dinners , mini type foods to avoid food wastage","The environment , Rooms","Hotel response:","Dear Guest, Thank you for choosing to stay with us and...","","Food , Room cleanliness , TV service was not available and food served was going wastage"
"Babu","India","Deluxe Double Room","1 night ·","September 2021","Family","Reviewed: 15 September 2021","Clean and Tidy","Cleanliness was superb.
Breakfast was good.
Precautionary measures were done perfectly with Dettol Protection.","","","","AC doesn't work properly.
I dint even stayed for 12hrs, but paid for 1 day stay. They should consider a 12hr slot price too."
"Mithumani","India","Deluxe Double Room","2 nights ·","September 2021","Solo traveller","Reviewed: 7 September 2021","Very good","Hospitality,  cleanliness,  promptness, breakfast","","","","My extended stay was not arranged..  I would have been very happy if it was managed by the hotel staff"
"Sathishd","India","Deluxe Double Room","2 nights ·","July 2021","Family","Reviewed: 26 August 2021","Very good","Good","","","",""
"","","","","","","","","","","","",""
"","","","","","","","","","","","",""
"Joshin","India","Deluxe Double Room","2 nights ·","July 2021","Solo traveller","Reviewed: 11 July 2021","VFM","Courteous staff, value for money","","","","Breakfast choices, location"
"Mr","India","Deluxe Double Room","1 night ·","June 2021","Couple","Reviewed: 20 June 2021","Value for money","Calm place","","","","Restroom is not clean , I have an issue with the shower."
"Venkatesh","India","Deluxe Double Room","1 night ·","April 2022","Group","Reviewed: 21 April 2022","Value for money.","Spacious common area and balcony.","Hotel response:","Dear Guest, Thank you for choosing to stay with us and...","","Small size room."
"Lakshmi","United Kingdom","Deluxe Double Room","1 night ·","January 2024","Couple","Reviewed: 6 March 2024","Exceptional","The rooms were clean, very comfortable, and the staff was amazing. They went over and beyond to help make our stay enjoyable. I highly recommend this hotel for anyone visiting chennai","","","","he rooms were clean, very comfortable, and the staff was amazing. They went over and beyond to help make our stay enjoyable. I highly recommend this hotel for anyone visiting"
"Raju","India","Deluxe Double Room","1 night ·","February 2024","Solo traveller","Reviewed: 14 February 2024","A hotel hotel to stay .","Nice comfortable stay. Room was clean and bathroom had all modern amenities and hot water .

Overall a good stay .","Hotel response:","Dear Raju, Thank you for choosing to stay with us and for...","",""
"Musavvirul","India","Deluxe Double Room","1 night ·","April 2023","Solo traveller","Reviewed: 25 April 2023","A Very Comfortable Stay!","Great property with a very comfortable ambience. The owner was very helpful and made sure all my requests were taken care of. The hotel staff also booked a cab for me to travel around. When I didn't have my breakfast, they made sure I got my brunch sorted. Definite recommend!","Hotel response:","Dear Musavvirul, thank you for choosing to stay with us...","",""
"Pant","India","Deluxe Double Room","3 nights ·","February 2023","Family","Reviewed: 28 March 2023","Excellent","Everything was Good","Hotel response:","Dear Pant, thank you for choosing to stay with us and for...","","Nothing"
"Sijo","India","Deluxe Double Room","3 nights ·","January 2023","Family","Reviewed: 20 January 2023","Pleasant","Room was clean,  Good and friendly staffs especially Mahesh and Flexi..Good food too","Hotel response:","Dear Guest, Thank you for choosing to stay with us and...","","WiFi signal in room was low..."
"Ajayakhosh","India","Deluxe Double Room","2 nights ·","November 2022","Family","Reviewed: 4 December 2022","Passable","Don't expect too much. A safe stay. Essential cleanliness and facilities.","Hotel response:","Dear Guest, we regret the unpleasant experience. These...","","Bucket and Mug"
"Mfundo","India","Deluxe Double Room","2 nights ·","August 2022","Couple","Reviewed: 4 October 2022","The staff was friendly and I liked their service 💯","everything","Hotel response:","Dear Guest, Thank you for choosing to stay with us and...","","everything was fine"
"","","","","","","","","","","","",""
"","","","","","","","","","","","",""
"Maharaja","India","Deluxe Double Room","2 nights ·","September 2022","Group","Reviewed: 25 September 2022","Comfortable stay at affordable price","A really cozy hotel in the city away from the mad noise of the city. Rooms are spacious and the locality is quiet. The hotel is also maintained well with multi cuisine food available","Hotel response:","Dear Guest, thank you for choosing to stay with us and...","","A little interior but the peace and silence makes up for it."
"Prathap","India","Deluxe Double Room","1 night ·","August 2022","Family","Reviewed: 6 September 2022","Exceptional","Everything is okay but would have been better if u had one bucket and cup in the bathroom..it's very difficult to bath..everyone is not that much rich as u r thinking.. apart from this everything perfect..good going","Hotel response:","Dear Guest, thank you for choosing to stay with us and...","",""
"Namit","India","Deluxe Double Room","1 night ·","August 2022","Group","Reviewed: 15 August 2022","Big shout out to the crowd, do stay at this place if in Chennai","shout out to the crowd, for their amazing professionalism.
got late to reach Chennai due to some challenges faced earlier, checked in late at night but staff was courteous, polite and professional","Hotel response:","Dear Guest  Thank you for taking the time to write this...","2 person found this review helpful.","nothing"
"Lakshmi","India","Deluxe Double Room","2 nights ·","July 2022","Group","Reviewed: 12 August 2022","Exceptional","Very good rooms.cleanliness well.Breakfast is good.We were amazed to see such an active housekeeping staffs like Sundar and Sanjay at housekeeping if i am remembering their names correctly as they made sure and ensured that all of our needs were met on time and attended professionally.And the Front desk staffs Arun,Sathish,Vinith are friendly talking with the guests.","Hotel response:","Dear Guest  Thank you for taking the time to write this...","","Nothing"
"Jeeva","India","Deluxe Double Room","1 night ·","July 2022","Group","Reviewed: 22 July 2022","Great place to stay","Good property with spacious rooms, quiet environment and good food. They have an Asian kitchen from which we can order good food for lunch and dinner.","Hotel response:","Dear Guest  Thank you for taking the time to write this...","","Nil"
"Pal","India","Deluxe Double Room","3 nights ·","July 2022","Solo traveller","Reviewed: 22 July 2022","Good value for money","Amazing, excellent breakfast. Very prompt staff. Apart from linen, clean room and clean and well kept property. Good value for money.","Hotel response:","Dear Guest  Thank you for taking the time to write this...","",""
"Dhenesh","India","Deluxe Double Room","1 night ·","June 2022","Solo traveller","Reviewed: 29 June 2022","Comfortable stay with good breakfast!","Comfortable stay with good breakfast!","Hotel response:","Dear Guest, Thank you for choosing to stay with us. We...","",""
"Malick","India","Deluxe Double Room","1 night ·","June 2022","Group","Reviewed: 29 June 2022","Exceptional","Breakfast & service","Hotel response:","Dear Guest, Thank you for choosing to stay with us. We...","",""
"Shah","India","Deluxe Double Room","1 night ·","June 2022","Solo traveller","Reviewed: 16 June 2022","Exceptional","Great service, friendly staff, affordable, clean decent sized rooms and safe for single women travelers too.","Hotel response:","Dear Guest, Thank you for choosing to stay with us and...","1 person found this review helpful.",""
"Chandan","India","Deluxe Double Room","1 night ·","June 2022","Solo traveller","Reviewed: 14 June 2022","Excellent Place & Awesome Breakfast!!!","Well maintained and excellent place to stay!
Breakfast is also awesome.","Hotel response:","Dear Guest  Thank you for taking the time to write this...","1 person found this review helpful.","N/A"
"","","","","","","","","","","","",""
"","","","","","","","","","","","",""
"Alok","India","Deluxe Double Room","8 nights ·","June 2022","Solo traveller","Reviewed: 10 June 2022","Exceptional","Staff at the hotel were very helpful.","Hotel response:","Dear Guest  Thank you for choosing to stay with us and...","1 person found this review helpful.","Location is a bit of a walk from the main road. The road is a bit lonely and dark late at night."
"Sri","India","Deluxe Double Room","1 night ·","May 2022","Solo traveller","Reviewed: 9 May 2022","From cleanliness to location to great food to comfort to affordability...this place has it all!","The hotel is located in a peaceful neighborhood with many major transport hubs easily accessible which drastically saved my time during my stay. The hotel staff were kind and courteous to constantly assist with my queries and special thanks to  Mr. Praveen went out of his way to ensure everything went well and was also kind enough to suggest a few places in the city. The pristine condition of the rooms and common spaces along with an amazing breakfast spread made the stay a refreshing experience. Overall, I would totally recommend this place to anyone looking for a place to stay in Chennai. Whether it is for work or a solo stay or a family gathering or simply to relax with a few friends over the weekend, this place does it all at such a reasonable price!","Hotel response:","Dear Guest  Thank you for taking the time to write this...","2 person found this review helpful.",""
"Salim","India","Deluxe Double Room","1 night ·","May 2022","Solo traveller","Reviewed: 8 May 2022","A Brilliant Hotel in the heart of Chennai","Everything about the hotel was absolutely great. The breakfast even had continental food such as sausages and sandwiches. The cleanliness was also top notch. Spacious rooms and I feel it is a value for money hotel.
The staff were also very courteous and friendly.","Hotel response:","Dear Guest  Thank you for taking the time to write this...","2 person found this review helpful.","Nothing really"
"Narasimhan","India","Deluxe Double Room","1 night ·","April 2022","Solo traveller","Reviewed: 7 May 2022","Very nice place","The accommodation is exceptional","Hotel response:","Dear Guest, Thank you for choosing to stay with us and...","1 person found this review helpful.","Xxx"
"Satheesh","India","Deluxe Double Room","1 night ·","February 2022","Family","Reviewed: 7 February 2022","Good place to stay","Everything","","","","Nothing"
"Rajesh","India","Deluxe Double Room","3 nights ·","December 2021","Solo traveller","Reviewed: 25 December 2021","Exceptional","Breakfast","","","","Nothing"
"Kumar","India","Deluxe Double Room","1 night ·","November 2021","Family","Reviewed: 23 November 2021","Exceptional","Room space and comfort.","","","","Breakfast was poor.p"
"Fairoze","Saudi Arabia","Deluxe Double Room","5 nights ·","October 2021","Family","Reviewed: 30 October 2021","NICE, PEACEFUL AND COMFORTABLE HOTEL.","Kader front office staff and Vijayanand owner the host is very helpful. The facility is very comfortable and good value for the price. Located very close to main areas. Suitable for families and professional business visit. Breakfast Quiet simple and nice to start the day.","","","2 person found this review helpful.","Nothing. Add a map route snapshot to Hotel from Jaya TV building location in booking.com and Google business."
"Archana","India","Deluxe Double Room","1 night ·","October 2021","Family","Reviewed: 3 October 2021","A very good experience","Starters were very good. Nice location","","","2 person found this review helpful.",""
"Shaikh","India","Deluxe Double Room","3 nights ·","September 2021","Solo traveller","Reviewed: 15 September 2021","Excellent","Cleanses and service","","","1 person found this review helpful.","Excellent hotel with excellent service and co-operative staff"
"","","","","","","","","","","","",""
"","","","","","","","","","","","",""
"R","India","Deluxe Double Room","1 night ·","September 2021","Couple","Reviewed: 13 September 2021","Poor","Very Cleanly maintained room . Good ventilation. It was a  pleasant stay.","","","","Check_in timing was not flexible .  I wanted a brief stay of only 8 hrs but I paid extra 500 for early check-in which was at 8 am. I checked out at 4 pm . But I was charged extra because of this rigid timings ."
"Mr","India","Deluxe Double Room","1 night ·","September 2021","Group","Reviewed: 11 September 2021","Exceptional","Behaviour of staff","","","","Very excellent serviy"
"Harshith","India","Deluxe Double Room","1 night ·","September 2021","Couple","Reviewed: 9 September 2021","Exceptional","Everything was fantastic 😊🤗","","","1 person found this review helpful.",""
"K","India","Deluxe Double Room","1 night ·","August 2021","Family","Reviewed: 31 August 2021","Exceptional","Good staffs and ample space outside the room which is an additional bonus as you book any room","","","2 person found this review helpful.","Should have options to order lunch in advance. Breakfast spread need to be more."
"Chris","India","Deluxe Double Room","1 night ·","August 2021","Family","Reviewed: 22 August 2021","It was a good stay","Staffs were decent and polite. Good response","","","","Nothing"
"Gogku","India","Deluxe Double Room","2 nights ·","August 2021","Solo traveller","Reviewed: 12 August 2021","A worthy place to stay","The staff were excellent.","","","","The breakfast could have been much better. They could have had two dishes but good food."
"Ganesh","India","Deluxe Double Room","1 night ·","July 2021","Solo traveller","Reviewed: 17 July 2021","Beautiful Property","Cleanliness, Graceful attitude of the Staff.","","","3 person found this review helpful.","Nothing"
"Pulukuri","India","Deluxe Double Room","4 nights ·","July 2021","Group","Reviewed: 11 July 2021","Exceptional","I didn’t like the fitness center, they mentioned it as fitness centre but actually it wasn’t there","Hotel response:","Dear Guest, Thank you for choosing to stay with us and...","1 person found this review helpful.",""
"Suriya","India","Deluxe Double Room","1 night ·","June 2021","Group","Reviewed: 28 June 2021","Great place at affordable rate.","Great place and complete value for money. Bathroom was very nice, with a great shower cubicle. Room is spacious. Close to metro and airport.","","","2 person found this review helpful.",""
"Vidyadhar","India","Deluxe Double Room","1 night ·","June 2021","Group","Reviewed: 27 June 2021","Very pleasant stay for a week. Rooms are great and the hosts are amazing! Value for money!","I stayed here for a week for a work-related visit and I can assure you that this is one of the hotels where the rooms actually look as good as the photos on the website.

I have had stayed in other hotels from Chennai during my previous trips, but I couldn't find such a hygienic, clean, spacious, and large room with ample sunlight! The room has strong AC and tables and chairs are also there if you wish to comfortably work from your room. 

They also have a conference room for having the meetings at the hotel. They have ample covered parking and the location of the hotel is perfect where you don't hear the continuous sound of vehicles. 

They also have a common area where you can sit with your friends/colleagues on couches. They even have ACs in the common area.

One can also take the benefit of the small gym that they have. The breakfast served is nice.

The hosts Praveen and Vijay, both are amazing. They are very friendly and make sure that the guests get the maximum comfort.","+6","","1 person found this review helpful.",""
"","","","","","","","","","","","",""
"","","","","","","","","","","","",""
"Prasad","India","Deluxe Double Room","1 night ·","June 2021","Solo traveller","Reviewed: 24 June 2021","Exceptional","I got vary good service","","","1 person found this review helpful.","Vary good response from staff , and room is sanitised well and it also clean, location os easy to travel to airport, and other main areas"
"Sunil","India","Deluxe Double Room","4 nights ·","July 2023","Family","Reviewed: 17 July 2023","Bad experience at Treebo hotel","Location and spacious room","Hotel response:","Dear Sunil, we regret the unpleasant experience. These...","","This was our second stay at the property Now Room service and house keeping are very poor.
Early Breakfast was refused bluntly on 13th July 
Quality and variety of dishes in breakfast has gone down 👎"
"Soumen","India","Deluxe Double Room","1 night ·","October 2022","Family","Reviewed: 24 October 2022","extremely bad experience","staff was highly unprofessional, served non veg when ordered for veg food and staff said to adjust only because chef is new. had to follow up 5 times for extra mattress","Hotel response:","Dear Guest, Thank you very much for choosing to stay with...","","only because of pathetic service and staff"
"Arun","India","Deluxe Double Room","1 night ·","June 2022","Couple","Reviewed: 10 July 2022","Not worth the amount of money they cost","Staffs were kind","Hotel response:","Dear Guest, Thank you very much for choosing to stay with...","","Service is poor, I asked for TV connection from the morning but it was fixed only in the evening. I used to visit here very often. Every-time the do the same, It should be seen with concern"
"Sridharan","India","Deluxe Double Room","2 nights ·","March 2022","Solo traveller","Reviewed: 5 March 2022","Disappointing","near to my work place","Hotel response:","Dear Guest  Thank you for your elaborate and pleasant...","","u was given a room with TV not working or do not have been recharged and room main door do not lock.."
"Sandeep","India","Deluxe Double Room","2 nights ·","October 2021","Solo traveller","Reviewed: 30 December 2021","A nice hotel in Guindy","Clean rooms, budget pricing, helpful staff.","Hotel response:","Dear Guest, Thank you for choosing to stay with us and...","","Location. It is very far and deep inside housing colony of retired army personnel.."
"Tapas","India","Deluxe Double Room","1 night ·","September 2021","Family","Reviewed: 14 September 2021","Pleasant","Size of the room and cleanliness","","","","Breakfast is not that great with limited option. Kitchen is not there so have no option for dinning. Entry and finding the hotel is little difficult."
"Prasadh","India","Deluxe Double Room","1 night ·","August 2021","Solo traveller","Reviewed: 7 September 2021","Passable","The checkin time is at 11 am. So I landed up at 7 am and have to pay extra for these 4 hours. They never gave me any receipt for this and cannot claim ,,,","","","","Proper receipts for extra payment are not given like paid for early checkin but receipt does not mention this"
"Sridharan","India","Deluxe Double Room","1 night ·","July 2021","Solo traveller","Reviewed: 1 August 2021","Disappointing","Near to my work place","","","","Vegetarian food is a challenge in the night"
"Subhash","Canada","Deluxe Double Room","4 nights ·","November 2023","Family","Reviewed: 19 November 2023","Very poor","Big rooms!","Hotel response:","Dear Subhash, please accept our sincerest apologies for...","","Everything, worst, ilocation. 2. Illetrate  staff working with no clue of customer service needs big improvement!"
"","","","","","","","","","","","",""
"","","","","","","","","","","","",""
"Sujala","Canada","Deluxe Double Room","1 night ·","August 2023","Family","Reviewed: 29 August 2023","Very poor","Cleanliness was very poor. Pillow case looked like it wasn’t even changed. Bathroom is very grimy. 

Staff came in to fill soap after we checked in and the container looked so dirty. Toilet wasn’t cleaned well either","Hotel response:","Dear Guest, we're sorry to hear about your...","",""
"Sakthi","India","Deluxe Double Room","1 night ·","July 2023","Couple","Reviewed: 17 July 2023","Pleasant","The location","Hotel response:","Dear Sakthi, we are very sorry for the inconvenience. We...","","There was power fluctuation throughout the stay. And the bread kept for the breakfast was having bread moulds. Wouldn’t recommend eating there."
"Surya","India","Deluxe Double Room","1 night ·","March 2023","Solo traveller","Reviewed: 20 March 2023","It was tough to stay and communicate from the place of stay. Airport visit will be very tough","Ambience is good. But transportation is horrible.Ola/Uber cars cannot reach the location","Hotel response:","Dear Guest, thank you for choosing to stay with us and...","","Transport communication is horrible,Reaching decent restaurants is very difficult because the property is placed in between lanes of residential houses. The value of property is overrated."
"M","India","Deluxe Double Room","4 nights ·","February 2023","Solo traveller","Reviewed: 21 February 2023","I always used to stay in this hotel whenever I travel to Chennai.But the overall quality of maintenance has come down.I","proximity to the main road","Hotel response:","Dear Guest, we regret the unpleasant experience. These...","","The staff doesn’t maintain cleanliness or hygeine.They deliver the food uncovered from kitchen to the rooms.They don’t allow Zomato guys to do door deliveries and the customer has to collect it from the reception.The room cleaning process is not good and one can feel the stickiness of the floor."
"Rajagopal","India","Deluxe Double Room","1 night ·","December 2022","Couple","Reviewed: 19 December 2022","waste of time , money , unpleasant","absolutely nothing justifying the price","Hotel response:","Dear Guest, we regret the unpleasant experience. These...","","bathroom flush not working and no buckets or mugs in washroom 
no proper parking facility 
WIFI doesn’t load even 2G sites 
TV dish connection was not there . just as showpiece 
change of rooms 
waking up guests to move vehicles here and there for others to take the vehicle 
poor management 
waste of money 
location is horrible to travel in 4 wheeler 
at this price can go for better hotels"
"Selvaraj","Malaysia","Deluxe Double Room","1 night ·","October 2022","Couple","Reviewed: 27 October 2022","The booking should not be cancelled.","Booked the room online. 4 days before arriving, the booking was cancelled. They did ask for some deposit to be paid earlier but the payment could not go through. Avoid this hotel.","Hotel response:","Dear Guest, Thank you very much for choosing to stay with...","",""
"Narasimha","India","Deluxe Double Room","2 nights ·","September 2022","Family","Reviewed: 9 September 2022","Not good expireance","Location","Hotel response:","Dear Guest, Thank you very much for choosing to stay with...","","Staff and room size and food and clean"
"Deepak","India","Deluxe Double Room","1 night ·","June 2022","Solo traveller","Reviewed: 2 July 2022","Service has been drastically degraded since my last visit.","Room Cleanliness only","Hotel response:","Dear Guest, thank you very much for choosing to stay with...","","Hotel WiFi Internet Connectivity was very poor. There’s a problem with mobile network inside the rooms that you can’t even stay connected for attending calls. Breakfast menu was repetitive with limited options."
"Sunil","India","Deluxe Double Room","1 night ·","May 2022","Solo traveller","Reviewed: 9 May 2022","Disappointed","Location,
Breakfast was ok","Hotel response:","Dear Guest, Thank you for choosing to stay with us and...","","Dirty bathroom, dirty bed sheet, pillows"
"Matthew","United States","Deluxe Double Room","1 night ·","March 2024","Couple","Reviewed: 11 March 2024","A complete clown show in a bad location.","Got back to the room early nighttime after a long motorcycle ride and found the water was out- not pleasing because I definitely needed a quick shower. There was a few staff at the front desk when I went downstairs to tell them. They said I was mistaken a couple times, the water is fine, they said, but would not check on it. Too busy laughing and talking with each other. After the third time I went to tell them one guy went up to my room to check- no water. Da. Then they went to check the water pump. Of course it was off. Wait 30 minutes for the pressure to build up, sir, they then said. What a clown show. 
And...it is located in a terrible neighborhood and quite hard to get in and out of it on broken roads. Nothing is nearby.
Would not stay there again.","","","",""
"","","","","","","","","","","","",""
"","","","","","","","","","","","",""
"Pierrette","France","Deluxe Double Room","1 night ·","January 2024","Family","Reviewed: 7 January 2024","Passable","Staffs are very good and very helpful.
Thank you to the staffs
Very quiet place.
Thank you.","Hotel response:","Dear Pierrette, Thank you for choosing to stay with us...","","But the room was not so clean , a beautiful hotel not well maintained,  bedsheet
Was not clean but the staffs were very Nice to change immediately.
A such beautiful place, so calm has really to improve
With the room. To clean more, the bathroom, to change the bedsheet."
"Jithin","United Arab Emirates","Deluxe Double Room","3 nights ·","October 2023","Group","Reviewed: 12 October 2023","I don’t recommend This place to any one. Service was bad.","I didn’t like anything","Hotel response:","Dear Jithin, we regret the unpleasant experience. These...","","I have booked the property after checking the facilities. It was showing there is a gym but when I checked with the hotel they don’t have. What they have I can share the picture. This is cheating"
"Sakthi","India","Deluxe Double Room","1 night ·","September 2023","Couple","Reviewed: 7 September 2023","Below avg for the price","The AC was not working properly at all. The TV remote was not working. The floor was spilled with liquid and slippery","Hotel response:","Dear Guest, we're sorry to hear about your...","",""
"Rupert","India","Deluxe Double Room","2 nights ·","June 2023","Family","Reviewed: 27 June 2023","Very poor","Food was ok","Hotel response:","Dear Rupert, we're sorry to hear about your...","","Service levels staff understanding very poor.AC s in poor condition remote not even kept in room...Was surprised by the review rating no where close to the rating also"
"Faisal","India","Deluxe Double Room","1 night ·","June 2023","Solo traveller","Reviewed: 21 June 2023","Zero hospitality with Zero Services","Nothing","Hotel response:","Dear Faisal, we're sorry that we didn't meet your...","","Zero hospitality with Zero Services, I never suggest to anyone."
"Apurva","India","Deluxe Double Room","1 night ·","April 2023","Family","Reviewed: 25 April 2023","Poor","Staff was polite","Hotel response:","Dear Apurva, we regret the unpleasant experience. These...","","Very unhygienic, bathroom had foot prints and was stinking."
"Anwarul","Bangladesh","Deluxe Double Room","3 nights ·","March 2023","Group","Reviewed: 11 March 2023","Poor","Behaviour of staff is worthy.","Hotel response:","Dear Guest, we regret the unpleasant experience. These...","","This hotel do not privide toothpaste,  toothbrush,  shampoo,  conditioner, sliper shoes.. They provide one liter water only for three person per day. Breakfast with local food daily is not pleasant for all Nationals. They provided joint couson for third Bed that was very uncomfortable."
"Mala","India","Deluxe Double Room","1 night ·","September 2022","Family","Reviewed: 8 September 2022","Bad","Nothing","Hotel response:","Dear Guest, Thank you very much for choosing to stay with...","","Horrible place"
"Sangeeth","India","Deluxe Double Room","6 nights ·","July 2022","Family","Reviewed: 10 July 2022","Very poor","staff courteous","Hotel response:","Dear Guest, Thank you very much for choosing to stay with...","","1. very noisy ac and unclean bathroom
2. TV and Wifi barely work
3. 8am breakfast is late for tourists who want to leave early"
"Mr","India","Deluxe Double Room","1 night ·","August 2021","Group","Reviewed: 21 August 2021","Arun and khadar are excellent front office staff. Good behaviour expressing us","Front office staff Arun and khadar are excellent staff in front office. Also  they are good behaviour","","","",""
"","","","","","","","","","","","",""
"","","","","","","","","","","","",""
"Anonymous","India","Deluxe Double Room","1 night ·","September 2021","Family","Reviewed: 4 October 2021","Memorable stay! Value for money","Rooms were clean and neat. Good linen. Staffs were really supportive. Complimentary bfast was good.","","","1 person found this review helpful.","Nothing to highlight."
"Anonymous","India","Deluxe Double Room","1 night ·","September 2021","Solo traveller","Reviewed: 28 September 2021","Exceptional","Neatness","","","","Very good staff"
"Anonymous","India","Deluxe Double Room","1 night ·","September 2021","Solo traveller","Reviewed: 28 September 2021","Best hotel, very good staff, clean & safe","Good staff nice place to stay","","","",""
"The","France","Deluxe Double Room","1 night ·","October 2022","Solo traveller","Reviewed: 10 October 2022","Hotel agréable","L'espace, la propreté et le calme de la chambre","Hotel response:","Dear Guest  Thank you for choosing to stay with us and...","1 person found this review helpful.","L'emplacement de l'hôtel qui est très excentré"
"Daria","Georgia","Deluxe Double Room","1 night ·","January 2024","Couple","Reviewed: 18 January 2024","Чистый номер, приветливый персонал","Из всех отелей, в которых я останавливалась в Индии, этот был самым чистым.","Hotel response:","Dear Daria, Thank you for choosing to stay with us and...","","Тем не менее, одну из наволочек все-таки забыли застелить, так что мы спали на одной подушке (мы поздно заселились, и решать этот вопрос не было сил), туалетной бумаги также не было. Сейф сломан"
"Dan","France","Deluxe Double Room","4 nights ·","February 2023","Family","Reviewed: 17 February 2023","Exceptional","Hôtel spacieux, petit-déjeuner en buffet à volonté compris dans le prix de la nuitée, service repas à la demande dans la chambre, personnel agréable, station de tuk tuk à proximité (devant le temple)","Hotel response:","Dear Guest, thank you for choosing to stay with us and...","1 person found this review helpful.","Le wifi fonctionne très irrégulièrement dans les chambres mais est accessible à l'accueil..."
"Naoki","Japan","Deluxe Double Room","1 night ·","May 2022","Couple","Reviewed: 12 May 2022","初めての旅行にオススメのホテルです","スタッフがフレンドリーでした。オーナーがとても親切でした。","Hotel response:","Dear Guest, Thank you for choosing to stay with us and...","2 person found this review helpful.",""
"Prassanna","India","Deluxe Double Room","1 night ·","February 2024","Solo traveller","Reviewed: 20 March 2024","Very good","There are no comments available for this review","","","",""
"Lakshmi","India","Deluxe Double Room","1 night ·","January 2024","Couple","Reviewed: 1 February 2024","Good","There are no comments available for this review","","","",""
"Balachandra","India","Deluxe Double Room","1 night ·","October 2023","Solo traveller","Reviewed: 15 November 2023","Very good","There are no comments available for this review","","","",""
"","","","","","","","","","","","",""
"","","","","","","","","","","","",""
"Premkumar","India","Deluxe Double Room","2 nights ·","June 2023","Solo traveller","Reviewed: 30 August 2023","Superb","There are no comments available for this review","","","",""
"Suresh","India","Deluxe Double Room","3 nights ·","March 2023","Solo traveller","Reviewed: 20 March 2023","Superb","There are no comments available for this review","","","",""
"Santhosh","India","Deluxe Double Room","1 night ·","March 2023","Family","Reviewed: 14 March 2023","Superb","There are no comments available for this review","","","",""
"Dhiraj","India","Deluxe Double Room","4 nights ·","February 2023","Group","Reviewed: 23 February 2023","Very good","There are no comments available for this review","","","",""
"Ruanna","India","Deluxe Double Room","1 night ·","January 2023","Family","Reviewed: 19 February 2023","Good","There are no comments available for this review","","","",""
"Shubhadeep","India","Deluxe Double Room","2 nights ·","December 2022","Solo traveller","Reviewed: 26 December 2022","Superb","There are no comments available for this review","","","",""
"Suresh","India","Deluxe Double Room","3 nights ·","November 2022","Family","Reviewed: 29 November 2022","Good","There are no comments available for this review","","","",""
"Maniish","India","Deluxe Double Room","1 night ·","October 2022","Solo traveller","Reviewed: 12 October 2022","Very good","There are no comments available for this review","","","",""
"Rajesh","India","Deluxe Double Room","3 nights ·","June 2022","Solo traveller","Reviewed: 2 July 2022","Superb","There are no comments available for this review","","","",""
"Rajesh","India","Deluxe Double Room","2 nights ·","July 2022","Solo traveller","Reviewed: 2 July 2022","Superb","There are no comments available for this review","","","",""
"","","","","","","","","","","","",""
"","","","","","","","","","","","",""
"Resotech","India","Deluxe Double Room","1 night ·","March 2022","Solo traveller","Reviewed: 24 March 2022","Superb","There are no comments available for this review","","","",""
"Kishore","India","Deluxe Double Room","1 night ·","February 2022","Couple","Reviewed: 9 February 2022","Good","There are no comments available for this review","","","",""
"Manikandan","India","Deluxe Double Room","1 night ·","February 2022","Solo traveller","Reviewed: 6 February 2022","Very good","There are no comments available for this review","","","",""
"Gokul","India","Deluxe Double Room","1 night ·","December 2021","Group","Reviewed: 7 January 2022","Very good","There are no comments available for this review","","","",""
"R","India","Deluxe Double Room","1 night ·","December 2021","Family","Reviewed: 26 December 2021","Good","There are no comments available for this review","","","",""
"Rajesh","India","Deluxe Double Room","3 nights ·","December 2021","Solo traveller","Reviewed: 23 December 2021","Very good","There are no comments available for this review","","","",""
"Premi","India","Deluxe Double Room","1 night ·","October 2021","Family","Reviewed: 14 December 2021","Superb","There are no comments available for this review","","","",""
"Mukhil","India","Deluxe Double Room","1 night ·","December 2021","Group","Reviewed: 8 December 2021","Superb","There are no comments available for this review","","","",""
"Mukhil","India","Deluxe Double Room","2 nights ·","September 2021","Group","Reviewed: 8 December 2021","Superb","There are no comments available for this review","","","",""
"Ankita","India","Deluxe Double Room","3 nights ·","November 2021","Family","Reviewed: 16 November 2021","Superb","There are no comments available for this review","","","",""
"","","","","","","","","","","","",""
"","","","","","","","","","","","",""
"Santhosh","India","Deluxe Double Room","1 night ·","September 2021","Group","Reviewed: 4 October 2021","Superb","There are no comments available for this review","","","",""
"Ashwinkumar","India","Deluxe Double Room","3 nights ·","September 2021","Couple","Reviewed: 10 September 2021","Superb","There are no comments available for this review","","","",""
"Harstar","India","Deluxe Double Room","1 night ·","September 2021","Group","Reviewed: 9 September 2021","Superb","There are no comments available for this review","","","",""
"Shanmuga","India","Deluxe Double Room","1 night ·","August 2021","Family","Reviewed: 30 August 2021","Very good","There are no comments available for this review","","","",""
"San","India","Deluxe Double Room","1 night ·","August 2021","Group","Reviewed: 25 August 2021","Very good","There are no comments available for this review","","","",""
"Saravanan","India","Deluxe Double Room","1 night ·","July 2021","Solo traveller","Reviewed: 24 August 2021","Superb","There are no comments available for this review","","","",""
"Meenakshi","India","Deluxe Double Room","1 night ·","July 2021","Solo traveller","Reviewed: 29 July 2021","Superb","There are no comments available for this review","","","",""
"Bhuvanesh","India","Deluxe Double Room","2 nights ·","July 2021","Solo traveller","Reviewed: 27 July 2021","Superb","There are no comments available for this review","","","",""
"Urmi","India","Deluxe Double Room","1 night ·","July 2021","Solo traveller","Reviewed: 24 July 2021","Very good","There are no comments available for this review","","","",""
"Suriya","India","Deluxe Double Room","1 night ·","July 2021","Group","Reviewed: 19 July 2021","Superb","There are no comments available for this review","","","",""
"","","","","","","","","","","","",""
"","","","","","","","","","","","",""
"Virendra","India","Deluxe Double Room","2 nights ·","June 2021","Group","Reviewed: 15 July 2021","Very good","There are no comments available for this review","","","",""
"Muppudathiselvan","India","Deluxe Double Room","2 nights ·","July 2021","Solo traveller","Reviewed: 4 July 2021","Very good","There are no comments available for this review","","","",""
"Srinidhi","India","Deluxe Double Room","1 night ·","June 2021","Group","Reviewed: 24 June 2021","Very good","There are no comments available for this review","","","",""
"Aravind43","India","Deluxe Double Room","1 night ·","June 2021","Group","Reviewed: 22 June 2021","Superb","There are no comments available for this review","","","",""
"Sarath","India","Deluxe Double Room","1 night ·","April 2021","Solo traveller","Reviewed: 21 April 2021","Very good","There are no comments available for this review","","","",""
"Mohammed","Saudi Arabia","Deluxe Double Room","1 night ·","March 2024","Solo traveller","Reviewed: 25 March 2024","Very good","There are no comments available for this review","","","",""
"Premkumar","India","Deluxe Double Room","3 nights ·","September 2023","Family","Reviewed: 8 September 2023","Very good","There are no comments available for this review","","","",""
"Prakasam","India","Deluxe Double Room","1 night ·","June 2023","Group","Reviewed: 4 June 2023","Very good","There are no comments available for this review","","","",""
"Ajinkyaa","India","Deluxe Double Room","1 night ·","March 2023","Couple","Reviewed: 27 April 2023","Good","There are no comments available for this review","","","",""
"Rajnish","India","Deluxe Double Room","2 nights ·","April 2023","Solo traveller","Reviewed: 10 April 2023","Good","There are no comments available for this review","","","",""
"","","","","","","","","","","","",""
"","","","","","","","","","","","",""
"Archana","India","Deluxe Double Room","1 night ·","January 2023","Family","Reviewed: 28 March 2023","Very good","There are no comments available for this review","","","",""
"Ashun","India","Deluxe Double Room","4 nights ·","January 2023","Family","Reviewed: 8 March 2023","Very good","There are no comments available for this review","","","",""
"Akshay","India","Deluxe Double Room","5 nights ·","January 2023","Solo traveller","Reviewed: 25 January 2023","Very good","There are no comments available for this review","","","",""
"Gustavo","","Deluxe Double Room","2 nights ·","January 2023","Solo traveller","Reviewed: 13 January 2023","Very good","There are no comments available for this review","","","",""
"Geetha","India","Deluxe Double Room","1 night ·","January 2023","Family","Reviewed: 4 January 2023","Superb","There are no comments available for this review","","","",""
"Maria","","Deluxe Double Room","1 night ·","December 2022","Solo traveller","Reviewed: 5 December 2022","Good","There are no comments available for this review","","","",""
"Gaurav","India","Deluxe Double Room","1 night ·","November 2022","Family","Reviewed: 11 November 2022","Superb","There are no comments available for this review","","","",""
"Bala","India","Deluxe Double Room","1 night ·","November 2022","Couple","Reviewed: 2 November 2022","Superb","There are no comments available for this review","","","",""
"Rijin","India","Deluxe Double Room","1 night ·","October 2022","Family","Reviewed: 10 October 2022","Good","There are no comments available for this review","","","",""
"Naveen","India","Deluxe Double Room","1 night ·","October 2022","Family","Reviewed: 2 October 2022","Very good","There are no comments available for this review","","","",""
"","","","","","","","","","","","",""
"","","","","","","","","","","","",""
"Shaiju","India","Deluxe Double Room","2 nights ·","September 2022","Family","Reviewed: 19 September 2022","Very good","There are no comments available for this review","","","",""
"Usha","India","Deluxe Double Room","1 night ·","September 2022","Solo traveller","Reviewed: 15 September 2022","Very good","There are no comments available for this review","","","",""
"Sri","India","Deluxe Double Room","1 night ·","September 2022","Solo traveller","Reviewed: 11 September 2022","Very good","There are no comments available for this review","","","",""
"Hagari","India","Deluxe Double Room","4 nights ·","September 2022","Family","Reviewed: 10 September 2022","Superb","There are no comments available for this review","","","",""
"Kusuma","India","Deluxe Double Room","1 night ·","September 2022","Couple","Reviewed: 9 September 2022","Superb","There are no comments available for this review","","","",""
"Girish","India","Deluxe Double Room","1 night ·","July 2022","Family","Reviewed: 4 July 2022","Very good","There are no comments available for this review","","","",""
"Prabaharan","United States","Deluxe Double Room","2 nights ·","June 2022","Family","Reviewed: 20 June 2022","Very good","There are no comments available for this review","","","",""
"Heema","India","Deluxe Double Room","1 night ·","April 2022","Family","Reviewed: 11 April 2022","Good","There are no comments available for this review","","","",""
"Paruthi","India","Deluxe Double Room","2 nights ·","March 2022","Family","Reviewed: 28 March 2022","Good","There are no comments available for this review","","","",""
"Bijo","India","Deluxe Double Room","1 night ·","March 2022","Family","Reviewed: 21 March 2022","Good","There are no comments available for this review","","","",""
"","","","","","","","","","","","",""
"","","","","","","","","","","","",""
"Prathab","India","Deluxe Double Room","1 night ·","March 2022","Family","Reviewed: 17 March 2022","Superb","There are no comments available for this review","","","",""
"Mohana","India","Deluxe Double Room","1 night ·","March 2022","Family","Reviewed: 11 March 2022","Good","There are no comments available for this review","","","",""
"Srinivasa","India","Deluxe Double Room","1 night ·","March 2022","Family","Reviewed: 7 March 2022","Superb","There are no comments available for this review","","","",""
"Vasu","India","Deluxe Double Room","2 nights ·","February 2022","Family","Reviewed: 10 February 2022","Very good","There are no comments available for this review","","","",""
"Nageswararao","India","Deluxe Double Room","1 night ·","December 2021","Family","Reviewed: 3 January 2022","Good place to stay","There are no comments available for this review","Hotel response:","Dear Guest, Thank you for choosing to stay with us. Thank...","",""
"Akhil","India","Deluxe Double Room","1 night ·","January 2022","Family","Reviewed: 2 January 2022","Good","There are no comments available for this review","","","",""
"Lal","India","Deluxe Double Room","1 night ·","December 2021","Family","Reviewed: 22 December 2021","Superb","There are no comments available for this review","","","",""
"Sachin","India","Deluxe Double Room","1 night ·","December 2021","Family","Reviewed: 1 December 2021","Very good","There are no comments available for this review","","","",""
"Nonstop","India","Deluxe Double Room","3 nights ·","November 2021","Family","Reviewed: 27 November 2021","Superb","There are no comments available for this review","","","",""
"Rajesh","India","Deluxe Double Room","3 nights ·","October 2021","Solo traveller","Reviewed: 30 October 2021","Very good","There are no comments available for this review","","","",""
"","","","","","","","","","","","",""
"","","","","","","","","","","","",""
"Mohamed","India","Deluxe Double Room","1 night ·","October 2021","Solo traveller","Reviewed: 9 October 2021","Very good","There are no comments available for this review","","","",""
"Karthik","India","Deluxe Double Room","1 night ·","September 2021","Solo traveller","Reviewed: 6 October 2021","Good","There are no comments available for this review","","","",""
"Ismail","Maldives","Deluxe Double Room","3 nights ·","September 2021","Couple","Reviewed: 18 September 2021","Good","There are no comments available for this review","","","",""
"Sreeds","India","Deluxe Double Room","1 night ·","September 2021","Family","Reviewed: 12 September 2021","Very good","There are no comments available for this review","","","",""
"Shah","India","Deluxe Double Room","1 night ·","September 2021","Family","Reviewed: 12 September 2021","Very good","There are no comments available for this review","","","",""
"Marikannan","India","Deluxe Double Room","1 night ·","July 2021","Solo traveller","Reviewed: 20 July 2021","Very good","There are no comments available for this review","","","",""
"Faridh","India","Deluxe Double Room","5 nights ·","July 2021","Solo traveller","Reviewed: 12 July 2021","Very good","There are no comments available for this review","","","",""
"Videsh","India","Deluxe Double Room","1 night ·","June 2021","Group","Reviewed: 27 June 2021","Very good","There are no comments available for this review","","","",""
"Sidharth","India","Deluxe Double Room","1 night ·","December 2022","Family","Reviewed: 2 December 2022","Good","There are no comments available for this review","","","",""
"Avanthikaa","India","Deluxe Double Room","1 night ·","April 2022","Family","Reviewed: 17 April 2022","Good","There are no comments available for this review","","","",""
"","","","","","","","","","","","",""
"","","","","","","","","","","","",""
"Edakkunni","India","Deluxe Double Room","2 nights ·","February 2024","Group","Reviewed: 7 February 2024","Very good","There are no comments available for this review","","","",""
"Suman","India","Deluxe Double Room","1 night ·","March 2023","Couple","Reviewed: 12 May 2023","Good","There are no comments available for this review","","","",""
"Siva","India","Deluxe Double Room","1 night ·","August 2021","Solo traveller","Reviewed: 24 October 2021","Good","There are no comments available for this review","","","",""
"Taruna","India","Deluxe Double Room","1 night ·","June 2021","Family","Reviewed: 2 July 2021","Superb","There are no comments available for this review","","","",""
"Aravind","India","Deluxe Double Room","1 night ·","November 2023","Group","Reviewed: 6 February 2024","Exceptional","There are no comments available for this review","","","",""
"Edar","India","Deluxe Double Room","3 nights ·","May 2023","Family","Reviewed: 17 May 2023","Exceptional","There are no comments available for this review","","","",""
"G","India","Deluxe Double Room","1 night ·","May 2023","Family","Reviewed: 6 May 2023","Exceptional","There are no comments available for this review","","","",""
"Abinaya","India","Deluxe Double Room","2 nights ·","February 2023","Family","Reviewed: 1 May 2023","Exceptional","There are no comments available for this review","","","",""
"Marri","India","Deluxe Double Room","1 night ·","November 2022","Family","Reviewed: 1 December 2022","Exceptional","There are no comments available for this review","","","",""
"Ramesh","India","Deluxe Double Room","3 nights ·","November 2022","Group","Reviewed: 29 November 2022","Pleasant","There are no comments available for this review","","","",""
"","","","","","","","","","","","",""
"","","","","","","","","","","","",""
"Feroshkhan","India","Deluxe Double Room","1 night ·","November 2022","Group","Reviewed: 24 November 2022","Exceptional","There are no comments available for this review","","","",""
"Sankar","India","Deluxe Double Room","1 night ·","November 2022","Solo traveller","Reviewed: 10 November 2022","Exceptional","There are no comments available for this review","","","",""
"Dr","India","Deluxe Double Room","4 nights ·","November 2022","Family","Reviewed: 7 November 2022","Exceptional","There are no comments available for this review","","","",""
"Vadlamudi","India","Deluxe Double Room","2 nights ·","October 2022","Family","Reviewed: 3 November 2022","Exceptional","There are no comments available for this review","","","",""
"Nitin","Switzerland","Deluxe Double Room","3 nights ·","October 2022","Family","Reviewed: 31 October 2022","Exceptional","There are no comments available for this review","","","",""
"Adnan","India","Deluxe Double Room","4 nights ·","September 2022","Couple","Reviewed: 3 October 2022","Exceptional","There are no comments available for this review","","","",""
"Vikram","India","Deluxe Double Room","1 night ·","September 2022","Solo traveller","Reviewed: 25 September 2022","Exceptional","There are no comments available for this review","","","",""
"Maharaja","India","Deluxe Double Room","3 nights ·","September 2022","Solo traveller","Reviewed: 25 September 2022","Exceptional","There are no comments available for this review","","","",""
"Choudhary","India","Deluxe Double Room","5 nights ·","August 2022","Family","Reviewed: 24 September 2022","Exceptional","There are no comments available for this review","","","",""
"Marri","India","Deluxe Double Room","1 night ·","September 2022","Group","Reviewed: 23 September 2022","Exceptional","There are no comments available for this review","","","",""
"","","","","","","","","","","","",""
"","","","","","","","","","","","",""
"Marri","India","Deluxe Double Room","1 night ·","September 2022","Group","Reviewed: 19 September 2022","Exceptional","There are no comments available for this review","","","",""
"Anlin","India","Deluxe Double Room","1 night ·","August 2022","Solo traveller","Reviewed: 1 September 2022","Exceptional","There are no comments available for this review","","","",""
"Maniyarasan","India","Deluxe Double Room","1 night ·","August 2022","Couple","Reviewed: 15 August 2022","Exceptional","There are no comments available for this review","","","",""
"Prudhvi","India","Deluxe Double Room","7 nights ·","July 2022","Solo traveller","Reviewed: 22 July 2022","Exceptional","There are no comments available for this review","","","",""
"Karmegam","India","Deluxe Double Room","1 night ·","July 2022","Solo traveller","Reviewed: 22 July 2022","Exceptional","There are no comments available for this review","","","",""
"Rachita","India","Deluxe Double Room","2 nights ·","July 2022","Couple","Reviewed: 11 July 2022","Exceptional","There are no comments available for this review","","","",""
"Ramesh","India","Deluxe Double Room","1 night ·","June 2022","Couple","Reviewed: 29 June 2022","Exceptional","There are no comments available for this review","","","",""
"Prasanth","India","Deluxe Double Room","2 nights ·","May 2022","Couple","Reviewed: 5 May 2022","Exceptional","There are no comments available for this review","","","",""
"Patricia","Canada","Deluxe Double Room","1 night ·","April 2022","Group","Reviewed: 27 April 2022","Exceptional","There are no comments available for this review","","","",""
"Rajesh","India","Deluxe Double Room","1 night ·","April 2022","Family","Reviewed: 17 April 2022","Exceptional","There are no comments available for this review","","","",""
"","","","","","","","","","","","",""
"","","","","","","","","","","","",""
"Allagappan","India","Deluxe Double Room","1 night ·","February 2022","Family","Reviewed: 26 February 2022","Exceptional","There are no comments available for this review","","","",""
"Sudhan","India","Deluxe Double Room","1 night ·","February 2022","Family","Reviewed: 23 February 2022","Exceptional","There are no comments available for this review","","","",""
"Sharma","India","Deluxe Double Room","3 nights ·","December 2021","Couple","Reviewed: 4 February 2022","Exceptional","There are no comments available for this review","","","",""
"Arindam","India","Deluxe Double Room","2 nights ·","December 2021","Family","Reviewed: 19 December 2021","Exceptional","There are no comments available for this review","","","",""
"Sugumar","India","Deluxe Double Room","2 nights ·","October 2021","Solo traveller","Reviewed: 24 October 2021","Exceptional","There are no comments available for this review","","","",""
"Ganesh","India","Deluxe Double Room","8 nights ·","August 2021","Group","Reviewed: 10 October 2021","Exceptional","There are no comments available for this review","","","",""
"Ganesh","India","Deluxe Double Room","2 nights ·","August 2021","Solo traveller","Reviewed: 1 October 2021","Exceptional","There are no comments available for this review","","","",""
"Shishir","India","Deluxe Double Room","1 night ·","September 2021","Group","Reviewed: 29 September 2021","Exceptional","There are no comments available for this review","","","",""
"Simson","India","Deluxe Double Room","1 night ·","September 2021","Family","Reviewed: 26 September 2021","Exceptional","There are no comments available for this review","","","",""
"Sakthi","India","Deluxe Double Room","1 night ·","August 2021","Solo traveller","Reviewed: 9 September 2021","Exceptional","There are no comments available for this review","","","",""
"","","","","","","","","","","","",""
"","","","","","","","","","","","",""
"Phanindra","India","Deluxe Double Room","2 nights ·","August 2021","Group","Reviewed: 30 August 2021","Exceptional","There are no comments available for this review","","","",""
"Gunasundari","India","Deluxe Double Room","2 nights ·","July 2021","Group","Reviewed: 19 July 2021","Exceptional","There are no comments available for this review","","","",""
"Suriya","India","Deluxe Double Room","1 night ·","July 2021","Solo traveller","Reviewed: 14 July 2021","Exceptional","There are no comments available for this review","","","",""
"Srirama","India","Deluxe Double Room","1 night ·","July 2021","Solo traveller","Reviewed: 11 July 2021","Exceptional","There are no comments available for this review","","","",""
"Koushik","India","Deluxe Double Room","1 night ·","July 2021","Couple","Reviewed: 7 July 2021","Exceptional","There are no comments available for this review","","","",""
"Leena","India","Deluxe Double Room","1 night ·","June 2021","Solo traveller","Reviewed: 28 June 2021","Exceptional","There are no comments available for this review","","","",""
"Ramprakash","India","Deluxe Double Room","1 night ·","June 2021","Solo traveller","Reviewed: 26 June 2021","Exceptional","There are no comments available for this review","","","",""
"Nineesh","India","Deluxe Double Room","2 nights ·","June 2021","Solo traveller","Reviewed: 19 June 2021","Exceptional","There are no comments available for this review","","","",""
"Chaanthini","India","Deluxe Double Room","1 night ·","April 2021","Family","Reviewed: 21 April 2021","Exceptional","There are no comments available for this review","","","",""
"Roopak","India","Deluxe Double Room","1 night ·","February 2023","Couple","Reviewed: 12 April 2023","Exceptional","There are no comments available for this review","","","",""
"","","","","","","","","","","","",""
"","","","","","","","","","","","",""
"Bharath","India","Deluxe Double Room","1 night ·","March 2023","Solo traveller","Reviewed: 18 March 2023","Passable","There are no comments available for this review","","","",""
"Vivek","India","Deluxe Double Room","2 nights ·","November 2022","Family","Reviewed: 23 January 2023","Exceptional","There are no comments available for this review","","","",""
"Harshit","India","Deluxe Double Room","1 night ·","December 2022","Couple","Reviewed: 4 December 2022","Pleasant","There are no comments available for this review","","","",""
"K","India","Deluxe Double Room","2 nights ·","August 2022","Group","Reviewed: 22 October 2022","Pleasant","There are no comments available for this review","","","",""
"Sudip","India","Deluxe Double Room","1 night ·","September 2022","Couple","Reviewed: 23 September 2022","Exceptional","There are no comments available for this review","","","",""
"Mohanapriya","India","Deluxe Double Room","1 night ·","May 2022","Family","Reviewed: 6 June 2022","Passable","There are no comments available for this review","","","",""
"Deepak","India","Deluxe Double Room","8 nights ·","March 2022","Solo traveller","Reviewed: 13 April 2022","Passable","There are no comments available for this review","","","",""
"Deepak","India","Deluxe Double Room","6 nights ·","March 2022","Solo traveller","Reviewed: 13 April 2022","Passable","There are no comments available for this review","","","",""
"Imran","United Arab Emirates","Deluxe Double Room","1 night ·","December 2021","Couple","Reviewed: 21 January 2022","Passable","There are no comments available for this review","","","",""
"Prasad","India","Deluxe Double Room","1 night ·","January 2022","Family","Reviewed: 8 January 2022","Exceptional","There are no comments available for this review","","","",""
"","","","","","","","","","","","",""
"","","","","","","","","","","","",""
"Jayapandiyan","India","Deluxe Double Room","2 nights ·","August 2021","Family","Reviewed: 27 August 2021","Exceptional","There are no comments available for this review","","","",""
"Sakthi","India","Deluxe Double Room","2 nights ·","March 2023","Couple","Reviewed: 16 April 2023","Pleasant","There are no comments available for this review","","","",""
"Raju","India","Deluxe Double Room","1 night ·","April 2023","Group","Reviewed: 10 April 2023","Poor","There are no comments available for this review","","","",""
"Md","Bangladesh","Deluxe Double Room","2 nights ·","February 2023","Group","Reviewed: 3 February 2023","Bad","There are no comments available for this review","","","",""
"Rakesh","India","Deluxe Double Room","2 nights ·","January 2023","Family","Reviewed: 30 January 2023","Pleasant","There are no comments available for this review","","","",""
"Maheshraj","India","Deluxe Double Room","1 night ·","September 2022","Couple","Reviewed: 29 October 2022","Poor","There are no comments available for this review","","","",""
"Avinash","India","Deluxe Double Room","3 nights ·","October 2022","Group","Reviewed: 23 October 2022","Disappointing","There are no comments available for this review","","","",""
"Liviu","United Kingdom","Deluxe Double Room","1 night ·","July 2022","Couple","Reviewed: 14 July 2022","Passable","There are no comments available for this review","","","",""
"Pinky","India","Deluxe Double Room","1 night ·","December 2021","Solo traveller","Reviewed: 27 December 2021","Disappointing","There are no comments available for this review","","","",""
"Jaidev","India","Deluxe Double Room","2 nights ·","December 2021","Couple","Reviewed: 8 December 2021","Pleasant","There are no comments available for this review","","","",""
"","","","","","","","","","","","",""
"","","","","","","","","","","","",""
"Pravin","India","Deluxe Double Room","3 nights ·","July 2023","Group","Reviewed: 2 July 2023","Very poor","There are no comments available for this review","","","",""
"Sneha","United Arab Emirates","Deluxe Double Room","1 night ·","April 2023","Group","Reviewed: 18 May 2023","Disappointing","There are no comments available for this review","","","",""
"Shaik","India","Deluxe Double Room","2 nights ·","January 2023","Solo traveller","Reviewed: 4 January 2023","Very poor","There are no comments available for this review","","","",""
"Mahesh","India","Deluxe Double Room","2 nights ·","October 2022","Solo traveller","Reviewed: 12 October 2022","Bad","There are no comments available for this review","","","",""
"Basaveshwariah","Thailand","Deluxe Double Room","1 night ·","January 2022","Solo traveller","Reviewed: 3 January 2022","Bad","There are no comments available for this review","","","",""
"Siva","India","Deluxe Double Room","1 night ·","December 2021","Family","Reviewed: 3 December 2021","Bad","There are no comments available for this review","","","",""
"Amirtharaja","India","Deluxe Double Room","1 night ·","July 2021","Family","Reviewed: 17 July 2021","Bad","There are no comments available for this review","","","",""
"Christy","India","Deluxe Double Room","1 night ·","September 2021","Solo traveller","Reviewed: 24 October 2021","Pleasant","There are no comments available for this review","","","",""
"Christy","India","Deluxe Double Room","1 night ·","September 2021","Solo traveller","Reviewed: 24 October 2021","Passable","There are no comments available for this review","","","",""
"Christy","India","Deluxe Double Room","1 night ·","September 2021","Solo traveller","Reviewed: 24 October 2021","Disappointing","There are no comments available for this review","","","",""
"","","","","","","","","","","","",""
"","","","","","","","","","","","",""
"Cs","India","Deluxe Double Room","1 night ·","July 2021","Group","Reviewed: 4 July 2021","Exceptional","There are no comments available for this review","","","",""
"Anonymous","India","Deluxe Double Room","1 night ·","October 2021","Group","Reviewed: 1 October 2021","Very good","There are no comments available for this review","","","",""
"Anonymous","India","Deluxe Double Room","2 nights ·","September 2021","Family","Reviewed: 8 September 2021","Superb","There are no comments available for this review","","","",""
"Anonymous","India","Deluxe Double Room","1 night ·","August 2021","Family","Reviewed: 4 September 2021","Very good","There are no comments available for this review","","","",""
"Anonymous","India","Deluxe Double Room","1 night ·","June 2021","Solo traveller","Reviewed: 24 June 2021","Good","There are no comments available for this review","","","",""
"Anonymous","India","Deluxe Double Room","1 night ·","September 2021","Family","Reviewed: 30 September 2021","Superb","There are no comments available for this review","","","",""
"Anonymous","India","Deluxe Double Room","1 night ·","August 2021","Couple","Reviewed: 20 August 2021","Exceptional","There are no comments available for this review","","","",""
"Anonymous","India","Deluxe Double Room","1 night ·","September 2021","Group","Reviewed: 25 September 2021","Pleasant","There are no comments available for this review","","","",""
"","","","","","","","","","","","",""
"","","","","","","","","","","","",""