"a3332d346a","afac1f68d9","abf093bdfe","abf093bdfe 2","abf093bdfe 3","abf093bdfe 4","abf093bdfe 5","f6431b446c","a53cbfa6de","a3332d346a 2","a53cbfa6de 2","a53cbfa6de 4"
"Sumathi","United States","Club Room","1 night ·","February 2024","Couple","Reviewed: 11 February 2024","Exceptional value for money.","The location is unbeatable & it has been completely renovated. It comes with ITC brand of hospitality & has a new Chinese restaurant. The buffet breakfast was amazing .","Hotel response:","Dear Ms. Sumathi,

Thank you for taking out the time to...",""
"Kananathan","Uganda","Superior Room","4 nights ·","March 2024","Solo traveller","Reviewed: 29 March 2024","Pleasant stay","Staff was very friendly and helpful.","Hotel response:","Dear Mr. Kananathan,

Greetings from Welcomhotel...",""
"Canisius","Sri Lanka","Club Room","3 nights ·","March 2024","Family","Reviewed: 24 March 2024","Exceptional","Food , staff service & the quality environment.","Hotel response:","Namaste!
Greetings from Welcomhotel Chennai!

Thank you...",""
"Rajesh","India","Club Room","3 nights ·","March 2024","Couple","Reviewed: 13 March 2024","Great stay feels like back to home","The new refurbished look is just awesome","Hotel response:","Dear Mr. Rajesh,
Greetings from Welcomhotel...","All was good"
"Krishnakumar","United Kingdom","Superior Room","2 nights ·","March 2024","Group","Reviewed: 6 March 2024","Comfortable","Decor, front of house staff","Hotel response:","Dear Mr. Krishna Kumar,

Greetings from Welcomhotel...","Food offered for buffets, staff in restaurant beee more training."
"Satkunarajah","United Kingdom","Superior Room","1 night ·","February 2024","Group","Reviewed: 26 February 2024","Exceptional","Yes","Hotel response:","Dear Ms. Satkunarajah,
Greetings from Welcomhotel...","Clean"
"Clifford","United Kingdom","Club Room","1 night ·","February 2024","Family","Reviewed: 24 February 2024","Superb","Great comfortable night spent at this hotel.
Serves great food.","Hotel response:","Namaste!

Greetings from Welcomhotel Chennai!
Thank you...",""
"Dubey","India","Club Room","3 nights ·","February 2024","Solo traveller","Reviewed: 23 February 2024","great","Hotel staff was excellent they cater all our request specially Manish at reception.","Hotel response:","Dear Mr. Dubey,

Greetings from Welcomhotel...",""
"Sarah","United States","Club Room","2 nights ·","February 2024","Couple","Reviewed: 22 February 2024","Our special thanks to Ms. Brinda for taking care of us.  Our thanks also to Mr. Keith and Mr Kennedy both of whom were t","Centrally located property with quick and easy access to places we want to go.  There is a quiet and elegant charm about this place.  The entire staff starting from the top including the GM, the Front Office Manager and her staff, restaurant staff, the bell staff and the floor attendants made us feel welcomed, comfortable and at home.  We are repeat customers who have stayed here previously.","Hotel response:","Dear Ms. Sarah,
Greetings from Welcomhotel...","Nothing we didn’t like.  The newly renovated rooms made our stay even better than our earlier visits."
"V","India","Superior Room","1 night ·","January 2024","Couple","Reviewed: 16 February 2024","Superb","IT WAS VERY GOOD AND IT WAS AN ENJOYABLE STAY","Hotel response:","Namaste!!
Greetings from Welcomhotel Chennai!

Thank you...",""
"Imran","India","Club Room","1 night ·","February 2024","Solo traveller","Reviewed: 9 February 2024","Exceptional Service and Comfortable Stay at Welcomhotel by ITC Hotel","My recent one-night stay at Welcomhotel by ITC Hotel in Chennai was excellent. When I stepped into the lobby, I was greeted with warmth and hospitality that set the tone for a memorable experience.

First and foremost, I must commend Sakshi at the front desk, whose exceptional assistance and insightful recommendations truly enhanced my visit. As a first-time visitor to Chennai, I was somewhat unprepared. Still, Sakshi went above and beyond to provide me with valuable insights on places to visit and sum up an itinerary for my limited time in the city. Her knowledge of the local attractions and dining spots was invaluable, making my exploration of Chennai smooth and enjoyable. Sakshi's dedication to ensuring guests have a remarkable stay undoubtedly elevates the hotel's reputation to a five-star level.

Furthermore, I would like to mention Ganesham, the IT guy whose prompt and efficient service resolved any connectivity issues I encountered. Upon noting the need for a stronger WiFi connection, Ganesham swiftly addressed the matter, providing me with a higher-speed connection that allowed me to work comfortably from my room. His professionalism and willingness to assist exemplify the hotel's commitment to guest satisfaction.

Additionally, I must highlight a nearby dining recommendation provided by the staff. For exceptional South Indian vegetarian cuisine, I highly recommend visiting Hotel Maris next door. Their Gheen Masala Dosa paired with their signature filter coffee is an absolute delight and a must-try for anyone staying at Welcomhotel.

In conclusion, my stay at Welcomhotel by ITC Hotel was marked by exemplary service, comfortable accommodations, and a delightful culinary experience. Sakshi and Ganesham's contributions exemplify the dedication of the staff to ensuring guests have a memorable and enjoyable stay. I highly recommend this hotel to anyone visiting Chennai, and I look forward to returning.","Hotel response:","Dear Mr. Sorathla,

Greetings from Welcomhotel...","Nothing"
"Gobinda","India","Superior Room","1 night ·","February 2024","Solo traveller","Reviewed: 7 February 2024","Good","Excellent Breakfast","Hotel response:","Dear Mr. Gobinda,  

Greetings from Welcomhotel...","Front desk staff behaviour could be bit better"
"Gopal","India","Club Room","2 nights ·","February 2024","Solo traveller","Reviewed: 3 February 2024","Exceptional","Excellent  food and very courteous Team","Hotel response:","Dear Mr. Akotkar, 

Thank you for taking out the time to...",""
"Mohinder","India","Superior Room","1 night ·","March 2024","Solo traveller","Reviewed: 1 April 2024","Very good","Overall a very good experience","Hotel response:","Dear Mr. Singh,
Greetings from Welcomhotel...","didnt spend much time so cant commment"
"Supriya","India","Club Room","4 nights ·","February 2024","Family","Reviewed: 28 February 2024","Very good","Spacious rooms and common spaces. Classy decor. Polite staff.","Hotel response:","Dear Ms. Supriya,

Greetings from Welcomhotel...","Poor bathroom ventilation. Damp walls. Too many outside guests in the restaurant which compromises the service to resident guests."
"A","India","Superior Room","2 nights ·","January 2024","Family","Reviewed: 24 February 2024","Very good","The staff support and the cuisine","Hotel response:","Dear Ms. Ramani,

Greetings from Welcomhotel Chennai!

We...","There were too many swarms of mosquitoes in the Lobby and sometimes in the floors"
"Basaralu","India","Superior Room","1 night ·","February 2024","Solo traveller","Reviewed: 6 February 2024","Excellent stay","Friendly staff like Vaishu always ready to help
With smile","Hotel response:","Dear Mr. Venkateshiah,

Thank you for taking out the time...",""
"Supriya","India","Club Room","2 nights ·","February 2024","Family","Reviewed: 6 February 2024","Very good","The rooms were very spacious and comfortable. The lounges, reception, as well as the dining space were spacious and tastefully done. The staff were polite.","Hotel response:","Dear Ms. Supriya, 

Greetings from Welcomhotel,...","The AC temperature control was faulty and the walls were damp. The bathroom ventilation was awful. Staff crunch in the restaurant as well as housekeeping made service somewhat slow and not so up to the mark."
"Jain","India","Club Room","2 nights ·","March 2024","Family","Reviewed: 30 March 2024","Disappointing","Food was horrible. Nothing like ITC brand. Services were too slow & lousy.","","",""
"Guest","Australia","Superior Room","1 night ·","February 2024","Family","Reviewed: 8 March 2024","expected more from an ITC branded hotel","food on offer was good with plenty of choice","Hotel response:","Namaste!

Greetings from Welcomhotel Chennai!

We wish to...","terrible service, staff were untrained - could not serve basics like tea or coffee. tea arrived as hot water with a separate tea bag . no teapot or milk jug.  milk brought in a cup."
"","","","","","","","","","","",""
"","","","","","","","","","","",""
"Mohandas","India","Superior Room","1 night ·","March 2024","Couple","Reviewed: 3 March 2024","Overpriced property for its location but not doing justice to ITC hospitality claims.","Great location and courteous service by the staff","Hotel response:","Dear Mr. Mohandas,
Greetings from Welcomhotel...","Needs to improve upon amenities. Room is not sound proof resulting in noise from main road traffic. Mosquitoes are all over the property including in the room despite best efforts to minimise it by the team. Repellents just not effective! Food is okay but not upto ITC levels."
"Vaiyapuri","India","Group","Superior Twin Room","February 2024","2 nights ·","Reviewed: 23 February 2024","Comfortable location. Water leakage in bathroom, intercom was erratic, space for keeping suitcase in",". Variety was good. Staff was courteous.","Hotel response:","Namaste!
Greetings from Welcomhotel Chennai!

We wish to...","Too long a walk for slightly handicapped person like me. Taste of breakfast items very ordinary."
"Huzefa","United Arab Emirates","Club Room","2 nights ·","February 2024","Family","Reviewed: 16 February 2024","Could have been better!!","Cleanliness, room size, promptness, upholstery, furnishing","Hotel response:","Namaste!
Greetings from Welcomhotel Chennai!

We wish to...","Untrained buffet staff. Almost panicking when order placed. Non availability of room service post 11pm against what was advertised and suggested by reception desk during check in. Few ambient lighting not functioning. Cheap branded toiletries. Sparingly stocked coffee station. Inhouse saloon not available."
"Taher","India","Club Room","1 night ·","February 2024","Family","Reviewed: 14 February 2024","Good","Staff is not that professional","Hotel response:","Greetings from Welcomhotel Chennai!

We wish to thank you...",""
"Ankur","India","Superior Room","2 nights ·","February 2024","Solo traveller","Reviewed: 8 February 2024","Very poor","Lobby","Hotel response:","Dear Mr. Ankur,

Greetings from Welcomhotel Chennai!

We...","Rooms were stinking and very run down"
"David","United Kingdom","Club Room","2 nights ·","February 2024","Solo traveller","Reviewed: 3 February 2024","Disappointing stay from promising photos","Overall, the staff were friendly and attentive. First impressions were that this hotel had been renovated well.","Hotel response:","Dear Mr. David, 

Greetings from Welcomhotel,...","Of the face of it the room looked very comfortable but when the door closed I discovered white mould along the wall.  During the night effluent came back up the toilet and made the hotel room unusable.  I was given another room but I had to request lamps (which were in the original room).  The offer of a free night’s accommodation never materialised!"
"Alex","United States","Club Room","2 nights ·","February 2024","Solo traveller","Reviewed: 1 February 2024","Было нормально","Новый отель после ремонта, было чисто","Hotel response:","Dear Mr. Alex,

Thank you for taking out the time to...","Не соответствует цене"
"Zeeshan","Kuwait","Superior Room","2 nights ·","April 2024","Family","Reviewed: 5 April 2024","Superb","There are no comments available for this review","","",""
"Rohith","India","Couple","Superior Twin Room","April 2024","1 night ·","Reviewed: 3 April 2024","Exceptional","There are no comments available for this review","","",""
"Gaurav","India","Superior Room","1 night ·","March 2024","Solo traveller","Reviewed: 27 March 2024","Exceptional","There are no comments available for this review","","",""
"","","","","","","","","","","",""
"","","","","","","","","","","",""
"Vinod","Oman","Superior Room","2 nights ·","March 2024","Solo traveller","Reviewed: 20 March 2024","Exceptional","There are no comments available for this review","","",""
"Dubey","India","Club Room","2 nights ·","February 2024","Group","Reviewed: 18 March 2024","Exceptional","There are no comments available for this review","","",""
"Siddharthan","India","Superior Room","3 nights ·","March 2024","Solo traveller","Reviewed: 17 March 2024","Superb","There are no comments available for this review","","",""
"Naveen","Nepal","Superior Room","3 nights ·","March 2024","Family","Reviewed: 10 March 2024","Exceptional","There are no comments available for this review","","",""
"Arnav","India","Superior Room","1 night ·","February 2024","Solo traveller","Reviewed: 2 March 2024","Exceptional","There are no comments available for this review","","",""
"Satkunarajah","United Kingdom","Club Room","2 nights ·","February 2024","Family","Reviewed: 26 February 2024","Exceptional","There are no comments available for this review","","",""
"Nikhil","India","Couple","Executive Suite","February 2024","1 night ·","Reviewed: 24 February 2024","Superb","There are no comments available for this review","","",""
"Vaani","India","Superior Room","2 nights ·","February 2024","Family","Reviewed: 21 February 2024","Superb","There are no comments available for this review","","",""
"Zahabia","United States","Superior Room","1 night ·","February 2024","Couple","Reviewed: 20 February 2024","Exceptional","There are no comments available for this review","","",""
"Salma","United States","Club Room","8 nights ·","February 2024","Solo traveller","Reviewed: 18 February 2024","Exceptional","There are no comments available for this review","","",""
"","","","","","","","","","","",""
"","","","","","","","","","","",""
"Shariq","Qatar","Superior Room","1 night ·","February 2024","Couple","Reviewed: 17 February 2024","Exceptional","There are no comments available for this review","","",""
"Raman","India","Superior Room","2 nights ·","February 2024","Group","Reviewed: 6 February 2024","Very good","There are no comments available for this review","","",""
"Aditya","India","Club Room","1 night ·","January 2024","Family","Reviewed: 31 January 2024","Exceptional","There are no comments available for this review","","",""
"Jagdish","India","Club Room","1 night ·","January 2024","Family","Reviewed: 23 January 2024","Superb","There are no comments available for this review","","",""
"Azad","India","Club Room","1 night ·","January 2024","Solo traveller","Reviewed: 23 January 2024","Superb","There are no comments available for this review","","",""
"Saroj","India","Superior Room","1 night ·","March 2024","Solo traveller","Reviewed: 25 March 2024","Very good","There are no comments available for this review","","",""
"Alok","India","Superior Room","4 nights ·","March 2024","Group","Reviewed: 17 March 2024","Superb","There are no comments available for this review","","",""
"Ajit","United States","Superior Room","3 nights ·","March 2024","Family","Reviewed: 30 March 2024","It was good but not extraordinary","There are no comments available for this review","","",""
"Aliakbar","Singapore","Club Room","1 night ·","January 2024","Solo traveller","Reviewed: 20 February 2024","Good","There are no comments available for this review","","",""
"","","","","","","","","","","",""
"","","","","","","","","","","",""